Model Marker Errors from IK
version=1
nRows=11009
nColumns=4
inDegrees=no
endheader
time	total_squared_error	marker_error_RMS	marker_error_max
      0.00000000	      0.01386713	      0.02775601	      0.05492243
      0.00400000	      0.01388552	      0.02777441	      0.05503947
      0.00800000	      0.01390150	      0.02779039	      0.05508057
      0.01200000	      0.01390395	      0.02779284	      0.05520906
      0.01600000	      0.01388978	      0.02777867	      0.05521754
      0.02000000	      0.01390064	      0.02778953	      0.05538780
      0.02400000	      0.01391572	      0.02780460	      0.05544103
      0.02800000	      0.01393005	      0.02781891	      0.05558380
      0.03200000	      0.01395664	      0.02784544	      0.05562672
      0.03600000	      0.01398513	      0.02787385	      0.05573231
      0.04000000	      0.01398219	      0.02787092	      0.05573501
      0.04400000	      0.01400096	      0.02788963	      0.05583352
      0.04800000	      0.01399112	      0.02787983	      0.05579665
      0.05200000	      0.01399243	      0.02788113	      0.05554898
      0.05600000	      0.01399855	      0.02788722	      0.05558880
      0.06000000	      0.01397913	      0.02786787	      0.05552844
      0.06400000	      0.01393897	      0.02782781	      0.05547864
      0.06800000	      0.01393509	      0.02782394	      0.05549234
      0.07200000	      0.01394191	      0.02783074	      0.05540502
      0.07600000	      0.01392173	      0.02781060	      0.05542893
      0.08000000	      0.01393725	      0.02782609	      0.05540481
      0.08400000	      0.01393419	      0.02782304	      0.05537756
      0.08800000	      0.01391202	      0.02780090	      0.05528991
      0.09200000	      0.01387059	      0.02775948	      0.05521713
      0.09600000	      0.01385619	      0.02774506	      0.05522458
      0.10000000	      0.01384791	      0.02773677	      0.05515652
      0.10400000	      0.01384311	      0.02773196	      0.05515394
      0.10800000	      0.01383880	      0.02772765	      0.05513216
      0.11200000	      0.01383633	      0.02772517	      0.05510638
      0.11600000	      0.01384939	      0.02773825	      0.05507756
      0.12000000	      0.01387925	      0.02776814	      0.05508722
      0.12400000	      0.01387558	      0.02776447	      0.05510831
      0.12800000	      0.01385918	      0.02774805	      0.05513105
      0.13200000	      0.01388862	      0.02777751	      0.05508291
      0.13600000	      0.01389982	      0.02778871	      0.05511985
      0.14000000	      0.01390510	      0.02779399	      0.05511072
      0.14400000	      0.01390884	      0.02779772	      0.05509815
      0.14800000	      0.01389703	      0.02778592	      0.05515865
      0.15200000	      0.01386619	      0.02775507	      0.05515112
      0.15600000	      0.01386358	      0.02775246	      0.05520860
      0.16000000	      0.01386657	      0.02775545	      0.05519399
      0.16400000	      0.01387138	      0.02776026	      0.05523295
      0.16800000	      0.01387183	      0.02776072	      0.05528495
      0.17200000	      0.01387837	      0.02776725	      0.05510368
      0.17600000	      0.01392788	      0.02781674	      0.05509128
      0.18000000	      0.01397410	      0.02786286	      0.05511536
      0.18400000	      0.01398720	      0.02787592	      0.05506754
      0.18800000	      0.01397266	      0.02786143	      0.05503821
      0.19200000	      0.01395087	      0.02783969	      0.05500083
      0.19600000	      0.01397695	      0.02786570	      0.05503736
      0.20000000	      0.01398380	      0.02787253	      0.05502036
      0.20400000	      0.01397087	      0.02785964	      0.05521208
      0.20800000	      0.01395937	      0.02784817	      0.05517671
      0.21200000	      0.01395302	      0.02784184	      0.05522359
      0.21600000	      0.01397797	      0.02786672	      0.05519493
      0.22000000	      0.01398203	      0.02787076	      0.05513093
      0.22400000	      0.01401158	      0.02790020	      0.05521609
      0.22800000	      0.01407478	      0.02796306	      0.05515832
      0.23200000	      0.01408465	      0.02797285	      0.05522273
      0.23600000	      0.01408928	      0.02797745	      0.05517635
      0.24000000	      0.01408926	      0.02797743	      0.05514014
      0.24400000	      0.01408906	      0.02797723	      0.05510203
      0.24800000	      0.01408614	      0.02797433	      0.05492548
      0.25200000	      0.01409127	      0.02797942	      0.05489915
      0.25600000	      0.01409258	      0.02798073	      0.05485986
      0.26000000	      0.01409282	      0.02798096	      0.05483745
      0.26400000	      0.01409333	      0.02798147	      0.05480724
      0.26800000	      0.01406238	      0.02795073	      0.05473117
      0.27200000	      0.01399212	      0.02788082	      0.05502279
      0.27600000	      0.01400393	      0.02789258	      0.05496643
      0.28000000	      0.01406645	      0.02795477	      0.05502538
      0.28400000	      0.01408086	      0.02796909	      0.05498221
      0.28800000	      0.01407998	      0.02796822	      0.05500271
      0.29200000	      0.01408724	      0.02797543	      0.05494788
      0.29600000	      0.01409658	      0.02798470	      0.05491183
      0.30000000	      0.01410096	      0.02798905	      0.05494581
      0.30400000	      0.01410113	      0.02798921	      0.05491111
      0.30800000	      0.01410251	      0.02799059	      0.05483712
      0.31200000	      0.01410432	      0.02799238	      0.05479042
      0.31600000	      0.01409456	      0.02798270	      0.05484762
      0.32000000	      0.01409705	      0.02798516	      0.05481130
      0.32400000	      0.01409741	      0.02798552	      0.05478835
      0.32800000	      0.01410077	      0.02798886	      0.05480334
      0.33200000	      0.01410819	      0.02799622	      0.05487256
      0.33600000	      0.01410855	      0.02799658	      0.05489200
      0.34000000	      0.01411407	      0.02800205	      0.05487954
      0.34400000	      0.01413259	      0.02802042	      0.05483293
      0.34800000	      0.01416545	      0.02805297	      0.05469166
      0.35200000	      0.01418179	      0.02806915	      0.05468779
      0.35600000	      0.01418799	      0.02807529	      0.05469219
      0.36000000	      0.01419281	      0.02808005	      0.05469960
      0.36400000	      0.01419428	      0.02808151	      0.05478983
      0.36800000	      0.01417750	      0.02806491	      0.05478484
      0.37200000	      0.01413530	      0.02802311	      0.05468831
      0.37600000	      0.01414205	      0.02802979	      0.05471335
      0.38000000	      0.01416376	      0.02805130	      0.05471457
      0.38400000	      0.01414914	      0.02803682	      0.05473259
      0.38800000	      0.01413029	      0.02801814	      0.05473903
      0.39200000	      0.01409537	      0.02798349	      0.05477375
      0.39600000	      0.01408802	      0.02797620	      0.05484388
      0.40000000	      0.01408917	      0.02797734	      0.05490421
      0.40400000	      0.01409428	      0.02798241	      0.05490606
      0.40800000	      0.01410038	      0.02798847	      0.05490817
      0.41200000	      0.01396175	      0.02785055	      0.05488555
      0.41600000	      0.01396203	      0.02785082	      0.05490386
      0.42000000	      0.01397556	      0.02786432	      0.05493485
      0.42400000	      0.01398027	      0.02786901	      0.05492890
      0.42800000	      0.01392925	      0.02781811	      0.05489458
      0.43200000	      0.01390078	      0.02778966	      0.05468545
      0.43600000	      0.01388490	      0.02777379	      0.05468929
      0.44000000	      0.01394207	      0.02783091	      0.05476509
      0.44400000	      0.01398738	      0.02787609	      0.05490584
      0.44800000	      0.01394356	      0.02783240	      0.05490490
      0.45200000	      0.01392414	      0.02781300	      0.05490398
      0.45600000	      0.01395400	      0.02784282	      0.05466439
      0.46000000	      0.01402233	      0.02791090	      0.05472243
      0.46400000	      0.01404519	      0.02793364	      0.05483097
      0.46800000	      0.01405729	      0.02794567	      0.05485679
      0.47200000	      0.01406450	      0.02795284	      0.05490014
      0.47600000	      0.01403305	      0.02792156	      0.05473398
      0.48000000	      0.01396458	      0.02785336	      0.05472666
      0.48400000	      0.01391152	      0.02780040	      0.05475835
      0.48800000	      0.01390683	      0.02779571	      0.05463780
      0.49200000	      0.01394834	      0.02783716	      0.05471299
      0.49600000	      0.01402246	      0.02791103	      0.05487307
      0.50000000	      0.01401741	      0.02790600	      0.05490408
      0.50400000	      0.01399669	      0.02788537	      0.05494543
      0.50800000	      0.01405543	      0.02794382	      0.05479073
      0.51200000	      0.01408129	      0.02796952	      0.05488155
      0.51600000	      0.01407786	      0.02796611	      0.05494060
      0.52000000	      0.01412858	      0.02801645	      0.05491831
      0.52400000	      0.01425324	      0.02813977	      0.05467547
      0.52800000	      0.01422503	      0.02811191	      0.05465338
      0.53200000	      0.01425657	      0.02814306	      0.05485534
      0.53600000	      0.01421756	      0.02810452	      0.05487411
      0.54000000	      0.01415054	      0.02803821	      0.05477365
      0.54400000	      0.01423834	      0.02812506	      0.05478908
      0.54800000	      0.01424444	      0.02813108	      0.05485903
      0.55200000	      0.01425183	      0.02813838	      0.05490583
      0.55600000	      0.01424028	      0.02812698	      0.05478423
      0.56000000	      0.01423225	      0.02811904	      0.05478556
      0.56400000	      0.01426481	      0.02815119	      0.05489826
      0.56800000	      0.01429768	      0.02818361	      0.05487484
      0.57200000	      0.01432908	      0.02821453	      0.05465200
      0.57600000	      0.01431669	      0.02820234	      0.05476048
      0.58000000	      0.01431667	      0.02820232	      0.05480995
      0.58400000	      0.01431407	      0.02819975	      0.05462005
      0.58800000	      0.01436496	      0.02824984	      0.05464148
      0.59200000	      0.01435756	      0.02824256	      0.05475783
      0.59600000	      0.01426230	      0.02814871	      0.05476884
      0.60000000	      0.01417710	      0.02806451	      0.05461053
      0.60400000	      0.01419816	      0.02808535	      0.05465103
      0.60800000	      0.01424488	      0.02813152	      0.05466472
      0.61200000	      0.01422175	      0.02810867	      0.05474369
      0.61600000	      0.01426998	      0.02815629	      0.05473330
      0.62000000	      0.01426049	      0.02814693	      0.05451552
      0.62400000	      0.01422811	      0.02811495	      0.05459246
      0.62800000	      0.01424243	      0.02812910	      0.05456422
      0.63200000	      0.01428362	      0.02816974	      0.05453177
      0.63600000	      0.01428935	      0.02817540	      0.05456579
      0.64000000	      0.01427503	      0.02816127	      0.05453382
      0.64400000	      0.01428508	      0.02817118	      0.05458056
      0.64800000	      0.01430043	      0.02818631	      0.05444075
      0.65200000	      0.01431474	      0.02820041	      0.05451582
      0.65600000	      0.01430852	      0.02819428	      0.05443559
      0.66000000	      0.01430184	      0.02818770	      0.05448958
      0.66400000	      0.01433623	      0.02822158	      0.05447115
      0.66800000	      0.01433541	      0.02822077	      0.05448869
      0.67200000	      0.01431195	      0.02819767	      0.05443399
      0.67600000	      0.01432823	      0.02821370	      0.05451689
      0.68000000	      0.01435102	      0.02823613	      0.05441493
      0.68400000	      0.01433376	      0.02821914	      0.05446451
      0.68800000	      0.01433948	      0.02822478	      0.05437818
      0.69200000	      0.01434009	      0.02822538	      0.05450613
      0.69600000	      0.01433503	      0.02822040	      0.05455022
      0.70000000	      0.01433742	      0.02822274	      0.05441614
      0.70400000	      0.01435161	      0.02823671	      0.05448553
      0.70800000	      0.01437237	      0.02825713	      0.05435908
      0.71200000	      0.01439582	      0.02828017	      0.05446930
      0.71600000	      0.01440572	      0.02828989	      0.05451347
      0.72000000	      0.01442013	      0.02830403	      0.05435840
      0.72400000	      0.01443591	      0.02831951	      0.05446123
      0.72800000	      0.01444276	      0.02832624	      0.05436902
      0.73200000	      0.01444746	      0.02833084	      0.05444469
      0.73600000	      0.01446260	      0.02834569	      0.05451412
      0.74000000	      0.01448647	      0.02836906	      0.05431270
      0.74400000	      0.01454151	      0.02842291	      0.05451766
      0.74800000	      0.01456739	      0.02844819	      0.05458024
      0.75200000	      0.01455034	      0.02843154	      0.05438812
      0.75600000	      0.01453298	      0.02841457	      0.05444660
      0.76000000	      0.01456047	      0.02844143	      0.05448840
      0.76400000	      0.01456791	      0.02844869	      0.05432530
      0.76800000	      0.01457913	      0.02845965	      0.05439653
      0.77200000	      0.01458621	      0.02846656	      0.05448834
      0.77600000	      0.01459148	      0.02847171	      0.05430093
      0.78000000	      0.01460083	      0.02848082	      0.05443529
      0.78400000	      0.01461146	      0.02849119	      0.05452815
      0.78800000	      0.01461497	      0.02849461	      0.05438670
      0.79200000	      0.01461979	      0.02849930	      0.05446336
      0.79600000	      0.01461149	      0.02849122	      0.05432115
      0.80000000	      0.01461057	      0.02849032	      0.05447269
      0.80400000	      0.01460789	      0.02848771	      0.05451917
      0.80800000	      0.01461447	      0.02849412	      0.05426751
      0.81200000	      0.01462235	      0.02850180	      0.05437328
      0.81600000	      0.01464088	      0.02851985	      0.05442849
      0.82000000	      0.01466863	      0.02854687	      0.05431151
      0.82400000	      0.01468344	      0.02856128	      0.05443163
      0.82800000	      0.01469777	      0.02857521	      0.05450973
      0.83200000	      0.01470885	      0.02858598	      0.05432020
      0.83600000	      0.01471419	      0.02859117	      0.05441478
      0.84000000	      0.01472322	      0.02859994	      0.05429294
      0.84400000	      0.01472996	      0.02860649	      0.05440944
      0.84800000	      0.01474035	      0.02861657	      0.05446961
      0.85200000	      0.01474631	      0.02862236	      0.05427693
      0.85600000	      0.01474479	      0.02862088	      0.05423372
      0.86000000	      0.01472817	      0.02860475	      0.05434155
      0.86400000	      0.01471100	      0.02858807	      0.05434033
      0.86800000	      0.01470866	      0.02858580	      0.05434776
      0.87200000	      0.01477593	      0.02865109	      0.05443934
      0.87600000	      0.01479424	      0.02866883	      0.05424470
      0.88000000	      0.01479804	      0.02867251	      0.05441252
      0.88400000	      0.01480802	      0.02868219	      0.05448130
      0.88800000	      0.01480968	      0.02868379	      0.05426023
      0.89200000	      0.01481113	      0.02868520	      0.05438246
      0.89600000	      0.01482519	      0.02869881	      0.05417571
      0.90000000	      0.01482791	      0.02870145	      0.05429652
      0.90400000	      0.01484460	      0.02871759	      0.05419355
      0.90800000	      0.01486073	      0.02873319	      0.05428762
      0.91200000	      0.01485999	      0.02873247	      0.05416599
      0.91600000	      0.01487998	      0.02875179	      0.05424885
      0.92000000	      0.01487219	      0.02874426	      0.05418458
      0.92400000	      0.01488243	      0.02875416	      0.05424804
      0.92800000	      0.01489697	      0.02876820	      0.05418225
      0.93200000	      0.01489861	      0.02876979	      0.05428318
      0.93600000	      0.01490939	      0.02878019	      0.05416681
      0.94000000	      0.01492936	      0.02879946	      0.05428543
      0.94400000	      0.01494308	      0.02881269	      0.05414646
      0.94800000	      0.01495450	      0.02882369	      0.05426112
      0.95200000	      0.01496576	      0.02883455	      0.05414475
      0.95600000	      0.01497780	      0.02884615	      0.05425881
      0.96000000	      0.01498812	      0.02885608	      0.05415609
      0.96400000	      0.01500055	      0.02886804	      0.05424786
      0.96800000	      0.01501295	      0.02887997	      0.05415561
      0.97200000	      0.01507896	      0.02894339	      0.05424125
      0.97600000	      0.01521198	      0.02907078	      0.05413655
      0.98000000	      0.01523552	      0.02909326	      0.05422704
      0.98400000	      0.01516588	      0.02902669	      0.05409739
      0.98800000	      0.01502617	      0.02889268	      0.05419246
      0.99200000	      0.01498411	      0.02885222	      0.05405637
      0.99600000	      0.01502095	      0.02888767	      0.05417510
      1.00000000	      0.01504259	      0.02890846	      0.05422952
      1.00400000	      0.01506242	      0.02892752	      0.05420687
      1.00800000	      0.01506446	      0.02892947	      0.05425200
      1.01200000	      0.01511018	      0.02897334	      0.05419829
      1.01600000	      0.01425038	      0.02813694	      0.05441212
      1.02000000	      0.01425410	      0.02814061	      0.05448583
      1.02400000	      0.01425623	      0.02814272	      0.05439090
      1.02800000	      0.01426540	      0.02815177	      0.05443141
      1.03200000	      0.01428051	      0.02816668	      0.05448873
      1.03600000	      0.01430217	      0.02818803	      0.05436291
      1.04000000	      0.01513817	      0.02900016	      0.05408693
      1.04400000	      0.01521250	      0.02907127	      0.05418105
      1.04800000	      0.01523912	      0.02909669	      0.05419731
      1.05200000	      0.01523180	      0.02908970	      0.05402581
      1.05600000	      0.01518790	      0.02904776	      0.05407804
      1.06000000	      0.01515649	      0.02901770	      0.05411047
      1.06400000	      0.01518148	      0.02904162	      0.05406593
      1.06800000	      0.01525386	      0.02911076	      0.05415116
      1.07200000	      0.01526020	      0.02911681	      0.05415064
      1.07600000	      0.01523791	      0.02909554	      0.05400570
      1.08000000	      0.01526581	      0.02912217	      0.05411871
      1.08400000	      0.01531504	      0.02916909	      0.05399274
      1.08800000	      0.01531719	      0.02917114	      0.05406883
      1.09200000	      0.01527177	      0.02912785	      0.05405814
      1.09600000	      0.01528246	      0.02913805	      0.05412626
      1.10000000	      0.01535518	      0.02920729	      0.05419363
      1.10400000	      0.01538735	      0.02923787	      0.05406231
      1.10800000	      0.01540483	      0.02925447	      0.05416631
      1.11200000	      0.01541952	      0.02926842	      0.05422960
      1.11600000	      0.01543247	      0.02928070	      0.05413447
      1.12000000	      0.01545048	      0.02929778	      0.05421799
      1.12400000	      0.01547273	      0.02931886	      0.05425153
      1.12800000	      0.01547813	      0.02932399	      0.05408268
      1.13200000	      0.01549576	      0.02934068	      0.05416612
      1.13600000	      0.01552665	      0.02936991	      0.05409714
      1.14000000	      0.01554868	      0.02939074	      0.05418107
      1.14400000	      0.01555824	      0.02939977	      0.05406529
      1.14800000	      0.01556689	      0.02940795	      0.05411541
      1.15200000	      0.01557657	      0.02941708	      0.05422277
      1.15600000	      0.01554891	      0.02939096	      0.05414224
      1.16000000	      0.01555810	      0.02939965	      0.05419222
      1.16400000	      0.01558795	      0.02942783	      0.05428212
      1.16800000	      0.01563014	      0.02946762	      0.05404065
      1.17200000	      0.01563760	      0.02947466	      0.05412298
      1.17600000	      0.01564109	      0.02947795	      0.05415479
      1.18000000	      0.01565681	      0.02949275	      0.05420508
      1.18400000	      0.01567240	      0.02950743	      0.05424499
      1.18800000	      0.01568773	      0.02952187	      0.05425637
      1.19200000	      0.01570186	      0.02953515	      0.05403870
      1.19600000	      0.01568670	      0.02952090	      0.05416671
      1.20000000	      0.01563100	      0.02946844	      0.05411613
      1.20400000	      0.01562501	      0.02946279	      0.05423077
      1.20800000	      0.01563761	      0.02947467	      0.05425257
      1.21200000	      0.01568171	      0.02951620	      0.05410701
      1.21600000	      0.01575987	      0.02958966	      0.05418977
      1.22000000	      0.01579852	      0.02962593	      0.05421654
      1.22400000	      0.01582302	      0.02964889	      0.05424146
      1.22800000	      0.01585020	      0.02967434	      0.05409186
      1.23200000	      0.01586145	      0.02968488	      0.05416672
      1.23600000	      0.01587216	      0.02969489	      0.05404402
      1.24000000	      0.01593362	      0.02975233	      0.05410984
      1.24400000	      0.01602925	      0.02984148	      0.05405320
      1.24800000	      0.01612364	      0.02992921	      0.05408214
      1.25200000	      0.01616034	      0.02996325	      0.05411549
      1.25600000	      0.01618307	      0.02998432	      0.05414801
      1.26000000	      0.01618377	      0.02998496	      0.05401499
      1.26400000	      0.01618386	      0.02998505	      0.05409641
      1.26800000	      0.01619987	      0.02999988	      0.05411101
      1.27200000	      0.01620633	      0.03000586	      0.05416513
      1.27600000	      0.01622502	      0.03002316	      0.05400173
      1.28000000	      0.01623107	      0.03002876	      0.05406391
      1.28400000	      0.01625083	      0.03004703	      0.05408647
      1.28800000	      0.01626041	      0.03005588	      0.05413032
      1.29200000	      0.01628389	      0.03007758	      0.05402113
      1.29600000	      0.01630458	      0.03009668	      0.05399413
      1.30000000	      0.01632039	      0.03011126	      0.05401106
      1.30400000	      0.01633405	      0.03012386	      0.05404700
      1.30800000	      0.01634488	      0.03013385	      0.05405812
      1.31200000	      0.01635386	      0.03014213	      0.05406222
      1.31600000	      0.01636488	      0.03015228	      0.05405595
      1.32000000	      0.01637961	      0.03016585	      0.05404777
      1.32400000	      0.01639340	      0.03017854	      0.05404250
      1.32800000	      0.01639626	      0.03018118	      0.05391357
      1.33200000	      0.01642079	      0.03020374	      0.05393580
      1.33600000	      0.01646899	      0.03024804	      0.05395056
      1.34000000	      0.01649910	      0.03027567	      0.05393596
      1.34400000	      0.01651019	      0.03028585	      0.05394703
      1.34800000	      0.01651476	      0.03029004	      0.05392822
      1.35200000	      0.01652353	      0.03029809	      0.05391859
      1.35600000	      0.01653815	      0.03031148	      0.05390528
      1.36000000	      0.01655831	      0.03032995	      0.05389059
      1.36400000	      0.01660897	      0.03037632	      0.05390924
      1.36800000	      0.01669911	      0.03045864	      0.05378751
      1.37200000	      0.01673864	      0.03049467	      0.05379840
      1.37600000	      0.01676481	      0.03051849	      0.05379950
      1.38000000	      0.01678479	      0.03053667	      0.05379646
      1.38400000	      0.01673457	      0.03049095	      0.05368271
      1.38800000	      0.01660318	      0.03037102	      0.05373473
      1.39200000	      0.01658116	      0.03035087	      0.05376415
      1.39600000	      0.01658710	      0.03035631	      0.05379845
      1.40000000	      0.01660064	      0.03036869	      0.05381380
      1.40400000	      0.01661654	      0.03038323	      0.05383049
      1.40800000	      0.01664825	      0.03041221	      0.05387678
      1.41200000	      0.01670445	      0.03046350	      0.05393197
      1.41600000	      0.01672943	      0.03048627	      0.05399359
      1.42000000	      0.01674838	      0.03050353	      0.05402498
      1.42400000	      0.01676173	      0.03051569	      0.05401359
      1.42800000	      0.01677150	      0.03052458	      0.05380966
      1.43200000	      0.01676833	      0.03052170	      0.05374979
      1.43600000	      0.01674666	      0.03050197	      0.05368412
      1.44000000	      0.01675661	      0.03051103	      0.05362171
      1.44400000	      0.01676903	      0.03052233	      0.05355211
      1.44800000	      0.01678353	      0.03053553	      0.05359089
      1.45200000	      0.01679902	      0.03054961	      0.05362081
      1.45600000	      0.01681733	      0.03056626	      0.05362489
      1.46000000	      0.01683623	      0.03058343	      0.05370745
      1.46400000	      0.01682914	      0.03057699	      0.05386654
      1.46800000	      0.01682103	      0.03056962	      0.05398912
      1.47200000	      0.01686590	      0.03061037	      0.05402057
      1.47600000	      0.01688717	      0.03062966	      0.05417734
      1.48000000	      0.01690612	      0.03064684	      0.05420888
      1.48400000	      0.01691801	      0.03065762	      0.05431030
      1.48800000	      0.01692272	      0.03066189	      0.05435224
      1.49200000	      0.01693601	      0.03067392	      0.05450768
      1.49600000	      0.01695434	      0.03069051	      0.05455710
      1.50000000	      0.01697046	      0.03070510	      0.05461735
      1.50400000	      0.01698557	      0.03071877	      0.05466857
      1.50800000	      0.01699797	      0.03072998	      0.05472003
      1.51200000	      0.01701331	      0.03074384	      0.05476754
      1.51600000	      0.01702827	      0.03075736	      0.05483376
      1.52000000	      0.01704349	      0.03077110	      0.05489593
      1.52400000	      0.01705544	      0.03078189	      0.05495923
      1.52800000	      0.01706867	      0.03079382	      0.05502044
      1.53200000	      0.01706479	      0.03079032	      0.05509559
      1.53600000	      0.01703185	      0.03076059	      0.05519407
      1.54000000	      0.01700876	      0.03073973	      0.05555871
      1.54400000	      0.01701594	      0.03074622	      0.05561679
      1.54800000	      0.01702565	      0.03075499	      0.05567615
      1.55200000	      0.01705086	      0.03077775	      0.05568509
      1.55600000	      0.01707799	      0.03080223	      0.05576782
      1.56000000	      0.01706862	      0.03079377	      0.05583110
      1.56400000	      0.01708315	      0.03080688	      0.05590091
      1.56800000	      0.01711944	      0.03083959	      0.05582413
      1.57200000	      0.01714728	      0.03086465	      0.05585306
      1.57600000	      0.01713796	      0.03085627	      0.05595262
      1.58000000	      0.01712850	      0.03084774	      0.05606878
      1.58400000	      0.01714986	      0.03086697	      0.05612774
      1.58800000	      0.01719216	      0.03090501	      0.05611249
      1.59200000	      0.01719328	      0.03090603	      0.05624909
      1.59600000	      0.01721248	      0.03092328	      0.05639330
      1.60000000	      0.01725749	      0.03096368	      0.05628467
      1.60400000	      0.01735158	      0.03104798	      0.05637033
      1.60800000	      0.01746906	      0.03115290	      0.05648064
      1.61200000	      0.01750918	      0.03118865	      0.05654576
      1.61600000	      0.01752733	      0.03120481	      0.05657215
      1.62000000	      0.01754323	      0.03121896	      0.05658513
      1.62400000	      0.01755513	      0.03122955	      0.05660593
      1.62800000	      0.01756416	      0.03123759	      0.05662472
      1.63200000	      0.01757305	      0.03124548	      0.05667036
      1.63600000	      0.01758299	      0.03125432	      0.05671567
      1.64000000	      0.01757884	      0.03125064	      0.05674883
      1.64400000	      0.01757060	      0.03124331	      0.05678075
      1.64800000	      0.01767304	      0.03133425	      0.05703093
      1.65200000	      0.01784996	      0.03149070	      0.05730109
      1.65600000	      0.01565427	      0.02949037	      0.05263510
      1.66000000	      0.01763396	      0.03129959	      0.05701868
      1.66400000	      0.01762196	      0.03128894	      0.05682905
      1.66800000	      0.01757139	      0.03124401	      0.05658581
      1.67200000	      0.01751711	      0.03119572	      0.05668433
      1.67600000	      0.01738084	      0.03107414	      0.05648751
      1.68000000	      0.01737420	      0.03106821	      0.05694767
      1.68400000	      0.01734861	      0.03104532	      0.05708549
      1.68800000	      0.01736112	      0.03105651	      0.05712935
      1.69200000	      0.01740829	      0.03109867	      0.05711712
      1.69600000	      0.01743687	      0.03112419	      0.05711671
      1.70000000	      0.01747274	      0.03115618	      0.05709279
      1.70400000	      0.01749049	      0.03117201	      0.05705489
      1.70800000	      0.01750390	      0.03118395	      0.05710100
      1.71200000	      0.01751532	      0.03119412	      0.05713544
      1.71600000	      0.01751538	      0.03119417	      0.05717743
      1.72000000	      0.01751067	      0.03118999	      0.05729090
      1.72400000	      0.01753921	      0.03121539	      0.05725789
      1.72800000	      0.01755400	      0.03122855	      0.05727037
      1.73200000	      0.01755280	      0.03122748	      0.05734680
      1.73600000	      0.01753986	      0.03121597	      0.05753509
      1.74000000	      0.01755926	      0.03123323	      0.05758763
      1.74400000	      0.01760162	      0.03127088	      0.05757836
      1.74800000	      0.01760172	      0.03127096	      0.05766517
      1.75200000	      0.01758429	      0.03125548	      0.05769599
      1.75600000	      0.01758529	      0.03125637	      0.05747220
      1.76000000	      0.01752235	      0.03120039	      0.05698203
      1.76400000	      0.01759005	      0.03126060	      0.05702714
      1.76800000	      0.01780236	      0.03144869	      0.05762302
      1.77200000	      0.01786992	      0.03150831	      0.05777756
      1.77600000	      0.01789407	      0.03152959	      0.05783556
      1.78000000	      0.01790832	      0.03154214	      0.05785996
      1.78400000	      0.01793081	      0.03156194	      0.05786879
      1.78800000	      0.01796069	      0.03158823	      0.05780164
      1.79200000	      0.01796424	      0.03159135	      0.05792725
      1.79600000	      0.01798862	      0.03161278	      0.05795266
      1.80000000	      0.01795383	      0.03158220	      0.05789561
      1.80400000	      0.01793463	      0.03156530	      0.05780823
      1.80800000	      0.01798614	      0.03161060	      0.05797889
      1.81200000	      0.01802189	      0.03164200	      0.05791237
      1.81600000	      0.01801915	      0.03163959	      0.05806894
      1.82000000	      0.01805590	      0.03167184	      0.05804698
      1.82400000	      0.01802120	      0.03164139	      0.05816069
      1.82800000	      0.01793805	      0.03156831	      0.05797161
      1.83200000	      0.01794684	      0.03157604	      0.05793019
      1.83600000	      0.01792875	      0.03156013	      0.05795616
      1.84000000	      0.01788446	      0.03152112	      0.05802947
      1.84400000	      0.01787800	      0.03151543	      0.05817465
      1.84800000	      0.01788329	      0.03152009	      0.05814736
      1.85200000	      0.01796173	      0.03158914	      0.05830384
      1.85600000	      0.01813143	      0.03173802	      0.05848101
      1.86000000	      0.01817612	      0.03177711	      0.05857596
      1.86400000	      0.01818576	      0.03178553	      0.05857087
      1.86800000	      0.01818755	      0.03178710	      0.05858459
      1.87200000	      0.01819784	      0.03179608	      0.05834819
      1.87600000	      0.01821523	      0.03181128	      0.05836959
      1.88000000	      0.01818984	      0.03178910	      0.05839748
      1.88400000	      0.01819496	      0.03179357	      0.05831756
      1.88800000	      0.01820879	      0.03180565	      0.05830732
      1.89200000	      0.01818919	      0.03178853	      0.05851318
      1.89600000	      0.01819851	      0.03179667	      0.05846966
      1.90000000	      0.01821459	      0.03181072	      0.05844928
      1.90400000	      0.01819566	      0.03179418	      0.05853106
      1.90800000	      0.01819109	      0.03179019	      0.05857986
      1.91200000	      0.01820237	      0.03180004	      0.05856783
      1.91600000	      0.01823261	      0.03182645	      0.05850725
      1.92000000	      0.01825456	      0.03184560	      0.05832765
      1.92400000	      0.01827549	      0.03186386	      0.05848521
      1.92800000	      0.01827071	      0.03185968	      0.05837876
      1.93200000	      0.01823173	      0.03182568	      0.05840361
      1.93600000	      0.01806815	      0.03168258	      0.05811973
      1.94000000	      0.01800416	      0.03162643	      0.05810754
      1.94400000	      0.01797277	      0.03159885	      0.05814259
      1.94800000	      0.01797761	      0.03160310	      0.05798725
      1.95200000	      0.01795276	      0.03158125	      0.05800199
      1.95600000	      0.01794836	      0.03157738	      0.05793774
      1.96000000	      0.01797753	      0.03160304	      0.05812759
      1.96400000	      0.01806233	      0.03167748	      0.05826246
      1.96800000	      0.01809639	      0.03170734	      0.05819640
      1.97200000	      0.01808592	      0.03169816	      0.05825042
      1.97600000	      0.01807690	      0.03169026	      0.05812717
      1.98000000	      0.01806502	      0.03167984	      0.05826867
      1.98400000	      0.01807729	      0.03169060	      0.05822766
      1.98800000	      0.01805144	      0.03166793	      0.05823242
      1.99200000	      0.01804389	      0.03166130	      0.05818439
      1.99600000	      0.01804362	      0.03166107	      0.05815252
      2.00000000	      0.01804292	      0.03166045	      0.05817740
      2.00400000	      0.01804598	      0.03166314	      0.05816516
      2.00800000	      0.01804990	      0.03166657	      0.05814657
      2.01200000	      0.01805277	      0.03166910	      0.05812224
      2.01600000	      0.01805759	      0.03167333	      0.05809130
      2.02000000	      0.01806005	      0.03167548	      0.05812401
      2.02400000	      0.01804961	      0.03166632	      0.05812328
      2.02800000	      0.01802793	      0.03164730	      0.05812486
      2.03200000	      0.01802326	      0.03164320	      0.05811274
      2.03600000	      0.01802089	      0.03164112	      0.05812230
      2.04000000	      0.01803274	      0.03165152	      0.05801126
      2.04400000	      0.01806092	      0.03167624	      0.05795242
      2.04800000	      0.01807310	      0.03168692	      0.05798744
      2.05200000	      0.01807279	      0.03168665	      0.05789743
      2.05600000	      0.01807227	      0.03168620	      0.05785557
      2.06000000	      0.01807196	      0.03168592	      0.05780805
      2.06400000	      0.01807291	      0.03168676	      0.05779803
      2.06800000	      0.01808874	      0.03170063	      0.05779332
      2.07200000	      0.01807365	      0.03168740	      0.05768076
      2.07600000	      0.01800670	      0.03162866	      0.05727796
      2.08000000	      0.01797568	      0.03160141	      0.05764226
      2.08400000	      0.01784377	      0.03148525	      0.05736604
      2.08800000	      0.01788681	      0.03152319	      0.05741412
      2.09200000	      0.01800773	      0.03162957	      0.05755543
      2.09600000	      0.01799576	      0.03161905	      0.05757430
      2.10000000	      0.01801871	      0.03163920	      0.05741307
      2.10400000	      0.01805739	      0.03167315	      0.05740284
      2.10800000	      0.01804033	      0.03165818	      0.05738064
      2.11200000	      0.01803928	      0.03165726	      0.05736258
      2.11600000	      0.01802595	      0.03164557	      0.05738746
      2.12000000	      0.01800951	      0.03163113	      0.05742522
      2.12400000	      0.01802453	      0.03164432	      0.05732693
      2.12800000	      0.01802844	      0.03164775	      0.05728257
      2.13200000	      0.01803939	      0.03165736	      0.05717323
      2.13600000	      0.01806261	      0.03167773	      0.05721019
      2.14000000	      0.01802849	      0.03164779	      0.05731646
      2.14400000	      0.01800126	      0.03162388	      0.05731365
      2.14800000	      0.01801019	      0.03163173	      0.05725064
      2.15200000	      0.01800350	      0.03162585	      0.05709787
      2.15600000	      0.01801313	      0.03163431	      0.05682273
      2.16000000	      0.01801937	      0.03163978	      0.05681555
      2.16400000	      0.01802104	      0.03164125	      0.05673672
      2.16800000	      0.01795930	      0.03158701	      0.05657750
      2.17200000	      0.01793623	      0.03156671	      0.05638302
      2.17600000	      0.01794979	      0.03157864	      0.05640314
      2.18000000	      0.01794541	      0.03157479	      0.05636185
      2.18400000	      0.01793831	      0.03156854	      0.05635130
      2.18800000	      0.01793698	      0.03156737	      0.05633097
      2.19200000	      0.01788911	      0.03152522	      0.05614159
      2.19600000	      0.01782151	      0.03146560	      0.05617273
      2.20000000	      0.01781212	      0.03145731	      0.05614056
      2.20400000	      0.01780236	      0.03144869	      0.05607926
      2.20800000	      0.01780668	      0.03145250	      0.05600568
      2.21200000	      0.01781637	      0.03146106	      0.05592647
      2.21600000	      0.01778972	      0.03143752	      0.05555503
      2.22000000	      0.01779709	      0.03144404	      0.05541616
      2.22400000	      0.01779330	      0.03144068	      0.05530999
      2.22800000	      0.01779756	      0.03144445	      0.05517635
      2.23200000	      0.01778253	      0.03143117	      0.05504955
      2.23600000	      0.01779353	      0.03144089	      0.05499874
      2.24000000	      0.01783429	      0.03147688	      0.05503388
      2.24400000	      0.01795860	      0.03158639	      0.05496195
      2.24800000	      0.01796810	      0.03159474	      0.05469517
      2.25200000	      0.01792704	      0.03155862	      0.05457434
      2.25600000	      0.01782041	      0.03146463	      0.05418684
      2.26000000	      0.01777616	      0.03142553	      0.05404358
      2.26400000	      0.01775674	      0.03140837	      0.05398295
      2.26800000	      0.01773408	      0.03138832	      0.05388540
      2.27200000	      0.01772525	      0.03138050	      0.05345611
      2.27600000	      0.01771009	      0.03136709	      0.05341814
      2.28000000	      0.01769451	      0.03135328	      0.05334380
      2.28400000	      0.01767656	      0.03133738	      0.05303936
      2.28800000	      0.01764706	      0.03131122	      0.05302475
      2.29200000	      0.01760210	      0.03127130	      0.05304161
      2.29600000	      0.01759843	      0.03126804	      0.05292679
      2.30000000	      0.01762361	      0.03129040	      0.05287473
      2.30400000	      0.01759998	      0.03126942	      0.05307595
      2.30800000	      0.01755059	      0.03122551	      0.05299370
      2.31200000	      0.01752530	      0.03120301	      0.05310869
      2.31600000	      0.01750221	      0.03118245	      0.05305621
      2.32000000	      0.01747047	      0.03115416	      0.05295949
      2.32400000	      0.01738662	      0.03107931	      0.05292222
      2.32800000	      0.01728503	      0.03098838	      0.05323685
      2.33200000	      0.01724468	      0.03095219	      0.05313105
      2.33600000	      0.01722153	      0.03093140	      0.05302498
      2.34000000	      0.01720313	      0.03091488	      0.05314719
      2.34400000	      0.01717813	      0.03089240	      0.05302472
      2.34800000	      0.01716524	      0.03088081	      0.05322160
      2.35200000	      0.01715126	      0.03086824	      0.05311119
      2.35600000	      0.01712406	      0.03084374	      0.05331767
      2.36000000	      0.01710660	      0.03082802	      0.05318556
      2.36400000	      0.01710209	      0.03082395	      0.05309311
      2.36800000	      0.01709569	      0.03081818	      0.05329307
      2.37200000	      0.01710150	      0.03082343	      0.05290656
      2.37600000	      0.01746637	      0.03115050	      0.05292764
      2.38000000	      0.01850609	      0.03206425	      0.05456991
      2.38400000	      0.01887895	      0.03238565	      0.05512963
      2.38800000	      0.01896997	      0.03246363	      0.05526723
      2.39200000	      0.01898550	      0.03247692	      0.05534740
      2.39600000	      0.01895111	      0.03244749	      0.05534458
      2.40000000	      0.01893902	      0.03243713	      0.05544870
      2.40400000	      0.01893980	      0.03243781	      0.05546385
      2.40800000	      0.01894602	      0.03244313	      0.05546626
      2.41200000	      0.01895561	      0.03245134	      0.05547394
      2.41600000	      0.01893454	      0.03243330	      0.05546691
      2.42000000	      0.01890383	      0.03240699	      0.05549690
      2.42400000	      0.01885400	      0.03236425	      0.05534412
      2.42800000	      0.01881999	      0.03233505	      0.05521350
      2.43200000	      0.01885303	      0.03236341	      0.05541529
      2.43600000	      0.01883980	      0.03235206	      0.05554758
      2.44000000	      0.01880163	      0.03231926	      0.05537488
      2.44400000	      0.01876147	      0.03228473	      0.05518651
      2.44800000	      0.01877013	      0.03229218	      0.05539783
      2.45200000	      0.01874933	      0.03227428	      0.05545585
      2.45600000	      0.01871051	      0.03224086	      0.05530347
      2.46000000	      0.01862273	      0.03216514	      0.05513007
      2.46400000	      0.01852291	      0.03207882	      0.05531204
      2.46800000	      0.01846285	      0.03202677	      0.05522467
      2.47200000	      0.01845082	      0.03201634	      0.05508319
      2.47600000	      0.01853845	      0.03209227	      0.05528642
      2.48000000	      0.01852278	      0.03207870	      0.05521355
      2.48400000	      0.01843423	      0.03200194	      0.05494223
      2.48800000	      0.01834480	      0.03192421	      0.05499879
      2.49200000	      0.01832813	      0.03190971	      0.05512103
      2.49600000	      0.01828134	      0.03186895	      0.05488785
      2.50000000	      0.01825898	      0.03184946	      0.05481452
      2.50400000	      0.01824178	      0.03183445	      0.05480182
      2.50800000	      0.01822264	      0.03181774	      0.05482280
      2.51200000	      0.01819589	      0.03179438	      0.05478870
      2.51600000	      0.01818296	      0.03178308	      0.05480161
      2.52000000	      0.01817995	      0.03178045	      0.05476702
      2.52400000	      0.01818897	      0.03178833	      0.05477403
      2.52800000	      0.01818757	      0.03178711	      0.05487303
      2.53200000	      0.01818127	      0.03178161	      0.05497074
      2.53600000	      0.01821334	      0.03180963	      0.05489978
      2.54000000	      0.01824159	      0.03183429	      0.05512853
      2.54400000	      0.01823875	      0.03183180	      0.05517574
      2.54800000	      0.01808435	      0.03169678	      0.05512836
      2.55200000	      0.01765053	      0.03131429	      0.05521762
      2.55600000	      0.01812113	      0.03172900	      0.05525311
      2.56000000	      0.01572920	      0.02956086	      0.05375132
      2.56400000	      0.01569419	      0.02952794	      0.05420962
      2.56800000	      0.01568955	      0.02952358	      0.05407738
      2.57200000	      0.01567362	      0.02950859	      0.05406364
      2.57600000	      0.01564874	      0.02948516	      0.05419756
      2.58000000	      0.01563257	      0.02946992	      0.05417069
      2.58400000	      0.01561518	      0.02945353	      0.05421336
      2.58800000	      0.01558957	      0.02942936	      0.05424127
      2.59200000	      0.01555689	      0.02939850	      0.05425680
      2.59600000	      0.01553301	      0.02937593	      0.05428570
      2.60000000	      0.01553459	      0.02937741	      0.05432804
      2.60400000	      0.01585533	      0.02967915	      0.05451263
      2.60800000	      0.01584973	      0.02967390	      0.05441038
      2.61200000	      0.01584370	      0.02966826	      0.05464819
      2.61600000	      0.01575082	      0.02958117	      0.05429962
      2.62000000	      0.01566820	      0.02950349	      0.05400161
      2.62400000	      0.01563678	      0.02947389	      0.05380062
      2.62800000	      0.01559122	      0.02943092	      0.05394120
      2.63200000	      0.01553909	      0.02938168	      0.05381604
      2.63600000	      0.01550138	      0.02934600	      0.05392494
      2.64000000	      0.01548424	      0.02932977	      0.05382544
      2.64400000	      0.01547217	      0.02931834	      0.05378176
      2.64800000	      0.01544527	      0.02929284	      0.05394911
      2.65200000	      0.01548514	      0.02933062	      0.05387157
      2.65600000	      0.01561967	      0.02945776	      0.05380976
      2.66000000	      0.01565870	      0.02949454	      0.05397786
      2.66400000	      0.01560995	      0.02944859	      0.05383955
      2.66800000	      0.01547158	      0.02931778	      0.05399361
      2.67200000	      0.01544444	      0.02929205	      0.05384136
      2.67600000	      0.01540975	      0.02925914	      0.05404089
      2.68000000	      0.01540345	      0.02925315	      0.05392060
      2.68400000	      0.01538504	      0.02923568	      0.05423063
      2.68800000	      0.01542877	      0.02927719	      0.05432229
      2.69200000	      0.01553099	      0.02937402	      0.05445667
      2.69600000	      0.01549348	      0.02933852	      0.05443017
      2.70000000	      0.01536579	      0.02921737	      0.05429776
      2.70400000	      0.01532465	      0.02917823	      0.05433748
      2.70800000	      0.01530641	      0.02916086	      0.05441298
      2.71200000	      0.01530934	      0.02916366	      0.05438708
      2.71600000	      0.01532130	      0.02917505	      0.05429512
      2.72000000	      0.01534529	      0.02919788	      0.05434643
      2.72400000	      0.01535241	      0.02920465	      0.05441917
      2.72800000	      0.01534039	      0.02919322	      0.05429887
      2.73200000	      0.01532130	      0.02917504	      0.05441562
      2.73600000	      0.01530820	      0.02916257	      0.05439215
      2.74000000	      0.01529623	      0.02915117	      0.05431888
      2.74400000	      0.01526814	      0.02912439	      0.05440657
      2.74800000	      0.01523162	      0.02908954	      0.05431969
      2.75200000	      0.01521799	      0.02907651	      0.05433453
      2.75600000	      0.01518176	      0.02904189	      0.05421808
      2.76000000	      0.01520124	      0.02906052	      0.05438190
      2.76400000	      0.01525175	      0.02910875	      0.05476468
      2.76800000	      0.01519181	      0.02905150	      0.05448218
      2.77200000	      0.01523927	      0.02909684	      0.05505467
      2.77600000	      0.01524571	      0.02910299	      0.05521586
      2.78000000	      0.01523674	      0.02909443	      0.05522587
      2.78400000	      0.01522770	      0.02908579	      0.05525536
      2.78800000	      0.01522248	      0.02908081	      0.05529002
      2.79200000	      0.01526833	      0.02912457	      0.05532421
      2.79600000	      0.01538806	      0.02923854	      0.05549525
      2.80000000	      0.01541290	      0.02926213	      0.05555049
      2.80400000	      0.01540391	      0.02925359	      0.05563797
      2.80800000	      0.01537688	      0.02922792	      0.05546024
      2.81200000	      0.01537302	      0.02922425	      0.05552094
      2.81600000	      0.01536019	      0.02921205	      0.05540932
      2.82000000	      0.01532151	      0.02917524	      0.05544764
      2.82400000	      0.01530300	      0.02915762	      0.05543801
      2.82800000	      0.01529067	      0.02914587	      0.05543690
      2.83200000	      0.01529472	      0.02914973	      0.05547404
      2.83600000	      0.01531616	      0.02917015	      0.05554594
      2.84000000	      0.01528964	      0.02914489	      0.05530251
      2.84400000	      0.01529419	      0.02914922	      0.05537595
      2.84800000	      0.01526192	      0.02911846	      0.05539235
      2.85200000	      0.01525009	      0.02910717	      0.05543680
      2.85600000	      0.01524340	      0.02910078	      0.05539713
      2.86000000	      0.01524599	      0.02910325	      0.05536433
      2.86400000	      0.01523403	      0.02909184	      0.05538878
      2.86800000	      0.01522940	      0.02908742	      0.05540566
      2.87200000	      0.01516836	      0.02902906	      0.05528856
      2.87600000	      0.01507020	      0.02893498	      0.05518552
      2.88000000	      0.01514629	      0.02900794	      0.05544120
      2.88400000	      0.01517951	      0.02903973	      0.05568985
      2.88800000	      0.01520635	      0.02906540	      0.05544006
      2.89200000	      0.01521286	      0.02907161	      0.05543788
      2.89600000	      0.01520178	      0.02906103	      0.05547587
      2.90000000	      0.01513605	      0.02899813	      0.05531569
      2.90400000	      0.01499194	      0.02885975	      0.05526608
      2.90800000	      0.01493322	      0.02880318	      0.05510545
      2.91200000	      0.01488515	      0.02875679	      0.05506865
      2.91600000	      0.01485598	      0.02872859	      0.05507445
      2.92000000	      0.01485302	      0.02872573	      0.05508127
      2.92400000	      0.01487217	      0.02874425	      0.05514135
      2.92800000	      0.01486439	      0.02873672	      0.05500941
      2.93200000	      0.01490828	      0.02877912	      0.05506489
      2.93600000	      0.01501815	      0.02888497	      0.05480054
      2.94000000	      0.01503607	      0.02890221	      0.05483196
      2.94400000	      0.01503677	      0.02890287	      0.05487931
      2.94800000	      0.01503887	      0.02890490	      0.05482874
      2.95200000	      0.01500291	      0.02887031	      0.05492923
      2.95600000	      0.01498880	      0.02885674	      0.05502613
      2.96000000	      0.01499296	      0.02886074	      0.05492553
      2.96400000	      0.01496144	      0.02883039	      0.05495118
      2.96800000	      0.01494268	      0.02881231	      0.05483850
      2.97200000	      0.01492891	      0.02879902	      0.05491736
      2.97600000	      0.01491301	      0.02878368	      0.05483541
      2.98000000	      0.01485392	      0.02872660	      0.05481638
      2.98400000	      0.01477042	      0.02864574	      0.05524436
      2.98800000	      0.01407525	      0.02796352	      0.05717117
      2.99200000	      0.01461251	      0.02849221	      0.05510446
      2.99600000	      0.01460836	      0.02848816	      0.05503370
      3.00000000	      0.01406302	      0.02795137	      0.05717800
      3.00400000	      0.01412012	      0.02800805	      0.05698741
      3.00800000	      0.01415199	      0.02803964	      0.05714358
      3.01200000	      0.01414357	      0.02803130	      0.05702381
      3.01600000	      0.01404630	      0.02793474	      0.05719518
      3.02000000	      0.01400652	      0.02789516	      0.05723232
      3.02400000	      0.01400704	      0.02789568	      0.05699333
      3.02800000	      0.01398774	      0.02787645	      0.05724721
      3.03200000	      0.01398641	      0.02787513	      0.05730632
      3.03600000	      0.01397697	      0.02786572	      0.05705455
      3.04000000	      0.01396103	      0.02784982	      0.05729536
      3.04400000	      0.01395048	      0.02783930	      0.05734343
      3.04800000	      0.01393855	      0.02782739	      0.05709958
      3.05200000	      0.01459453	      0.02847468	      0.05499400
      3.05600000	      0.01459763	      0.02847770	      0.05503339
      3.06000000	      0.01458736	      0.02846768	      0.05490900
      3.06400000	      0.01457159	      0.02845229	      0.05494831
      3.06800000	      0.01457144	      0.02845214	      0.05515640
      3.07200000	      0.01455102	      0.02843220	      0.05515095
      3.07600000	      0.01453761	      0.02841909	      0.05500002
      3.08000000	      0.01452862	      0.02841031	      0.05497388
      3.08400000	      0.01451682	      0.02839876	      0.05518564
      3.08800000	      0.01450971	      0.02839182	      0.05521921
      3.09200000	      0.01450607	      0.02838825	      0.05505013
      3.09600000	      0.01453920	      0.02842065	      0.05510269
      3.10000000	      0.01461240	      0.02849210	      0.05518992
      3.10400000	      0.01462095	      0.02850044	      0.05518937
      3.10800000	      0.01461668	      0.02849628	      0.05537783
      3.11200000	      0.01461640	      0.02849600	      0.05537352
      3.11600000	      0.01461300	      0.02849269	      0.05531062
      3.12000000	      0.01460692	      0.02848676	      0.05532146
      3.12400000	      0.01460095	      0.02848094	      0.05530712
      3.12800000	      0.01459717	      0.02847725	      0.05532859
      3.13200000	      0.01459714	      0.02847722	      0.05528666
      3.13600000	      0.01458652	      0.02846687	      0.05543993
      3.14000000	      0.01458842	      0.02846871	      0.05545569
      3.14400000	      0.01461103	      0.02849077	      0.05527965
      3.14800000	      0.01462127	      0.02850075	      0.05533512
      3.15200000	      0.01460123	      0.02848121	      0.05527158
      3.15600000	      0.01454737	      0.02842863	      0.05532125
      3.16000000	      0.01439540	      0.02827975	      0.05537134
      3.16400000	      0.01438282	      0.02826739	      0.05536868
      3.16800000	      0.01436694	      0.02825178	      0.05531954
      3.17200000	      0.01434342	      0.02822865	      0.05532256
      3.17600000	      0.01439790	      0.02828220	      0.05531722
      3.18000000	      0.01453154	      0.02841316	      0.05535883
      3.18400000	      0.01456760	      0.02844839	      0.05537335
      3.18800000	      0.01456910	      0.02844986	      0.05537485
      3.19200000	      0.01457134	      0.02845204	      0.05542930
      3.19600000	      0.01457602	      0.02845662	      0.05543932
      3.20000000	      0.01457540	      0.02845601	      0.05546208
      3.20400000	      0.01457592	      0.02845651	      0.05548813
      3.20800000	      0.01458101	      0.02846148	      0.05550748
      3.21200000	      0.01458191	      0.02846236	      0.05553949
      3.21600000	      0.01458572	      0.02846608	      0.05556604
      3.22000000	      0.01459488	      0.02847502	      0.05557713
      3.22400000	      0.01453868	      0.02842014	      0.05561610
      3.22800000	      0.01440536	      0.02828954	      0.05563141
      3.23200000	      0.01442923	      0.02831296	      0.05568449
      3.23600000	      0.01455531	      0.02843639	      0.05568942
      3.24000000	      0.01460189	      0.02848185	      0.05572559
      3.24400000	      0.01462543	      0.02850480	      0.05551103
      3.24800000	      0.01461478	      0.02849442	      0.05549850
      3.25200000	      0.01462793	      0.02850725	      0.05552449
      3.25600000	      0.01466152	      0.02853996	      0.05565326
      3.26000000	      0.01466151	      0.02853994	      0.05549250
      3.26400000	      0.01464012	      0.02851912	      0.05551450
      3.26800000	      0.01457731	      0.02845787	      0.05560029
      3.27200000	      0.01444725	      0.02833064	      0.05559258
      3.27600000	      0.01443163	      0.02831532	      0.05567853
      3.28000000	      0.01444848	      0.02833185	      0.05570289
      3.28400000	      0.01442936	      0.02831309	      0.05540175
      3.28800000	      0.01443645	      0.02832004	      0.05541372
      3.29200000	      0.01444175	      0.02832525	      0.05556841
      3.29600000	      0.01444754	      0.02833092	      0.05556854
      3.30000000	      0.01444847	      0.02833184	      0.05540001
      3.30400000	      0.01445586	      0.02833907	      0.05540850
      3.30800000	      0.01447097	      0.02835389	      0.05549329
      3.31200000	      0.01448862	      0.02837117	      0.05546065
      3.31600000	      0.01447852	      0.02836128	      0.05525882
      3.32000000	      0.01449111	      0.02837361	      0.05525273
      3.32400000	      0.01448720	      0.02836978	      0.05520853
      3.32800000	      0.01449938	      0.02838171	      0.05526525
      3.33200000	      0.01450769	      0.02838984	      0.05539891
      3.33600000	      0.01450100	      0.02838329	      0.05514401
      3.34000000	      0.01451283	      0.02839486	      0.05518111
      3.34400000	      0.01451925	      0.02840114	      0.05516896
      3.34800000	      0.01453511	      0.02841665	      0.05521147
      3.35200000	      0.01454345	      0.02842481	      0.05526408
      3.35600000	      0.01455857	      0.02843957	      0.05536929
      3.36000000	      0.01456291	      0.02844382	      0.05516433
      3.36400000	      0.01456080	      0.02844176	      0.05533403
      3.36800000	      0.01455222	      0.02843337	      0.05541278
      3.37200000	      0.01455962	      0.02844060	      0.05511777
      3.37600000	      0.01457668	      0.02845725	      0.05531912
      3.38000000	      0.01459026	      0.02847051	      0.05520624
      3.38400000	      0.01460665	      0.02848650	      0.05529248
      3.38800000	      0.01462035	      0.02849986	      0.05533039
      3.39200000	      0.01463831	      0.02851735	      0.05507244
      3.39600000	      0.01465644	      0.02853500	      0.05527173
      3.40000000	      0.01466828	      0.02854654	      0.05513597
      3.40400000	      0.01468216	      0.02856003	      0.05523443
      3.40800000	      0.01468651	      0.02856427	      0.05511488
      3.41200000	      0.01469524	      0.02857276	      0.05516368
      3.41600000	      0.01471060	      0.02858768	      0.05523561
      3.42000000	      0.01475228	      0.02862815	      0.05504213
      3.42400000	      0.01483871	      0.02871189	      0.05521940
      3.42800000	      0.01487133	      0.02874343	      0.05498799
      3.43200000	      0.01489338	      0.02876473	      0.05517380
      3.43600000	      0.01490639	      0.02877730	      0.05524189
      3.44000000	      0.01491031	      0.02878108	      0.05498859
      3.44400000	      0.01493182	      0.02880183	      0.05509152
      3.44800000	      0.01494594	      0.02881545	      0.05496069
      3.45200000	      0.01495602	      0.02882516	      0.05507476
      3.45600000	      0.01497156	      0.02884013	      0.05506890
      3.46000000	      0.01500180	      0.02886925	      0.05503070
      3.46400000	      0.01501711	      0.02888398	      0.05515615
      3.46800000	      0.01500476	      0.02887210	      0.05514619
      3.47200000	      0.01501427	      0.02888125	      0.05521012
      3.47600000	      0.01502435	      0.02889093	      0.05524584
      3.48000000	      0.01502323	      0.02888986	      0.05524075
      3.48400000	      0.01504152	      0.02890744	      0.05525334
      3.48800000	      0.01506821	      0.02893308	      0.05518841
      3.49200000	      0.01509967	      0.02896326	      0.05514593
      3.49600000	      0.01511307	      0.02897611	      0.05523130
      3.50000000	      0.01512233	      0.02898498	      0.05525223
      3.50400000	      0.01514874	      0.02901029	      0.05529939
      3.50800000	      0.01517700	      0.02903734	      0.05529732
      3.51200000	      0.01518982	      0.02904959	      0.05528878
      3.51600000	      0.01521287	      0.02907163	      0.05535193
      3.52000000	      0.01522613	      0.02908429	      0.05536860
      3.52400000	      0.01525649	      0.02911327	      0.05541166
      3.52800000	      0.01527496	      0.02913089	      0.05548560
      3.53200000	      0.01529974	      0.02915451	      0.05542762
      3.53600000	      0.01532786	      0.02918129	      0.05536782
      3.54000000	      0.01533938	      0.02919225	      0.05536017
      3.54400000	      0.01536799	      0.02921947	      0.05536153
      3.54800000	      0.01541228	      0.02926155	      0.05534613
      3.55200000	      0.01543453	      0.02928266	      0.05536399
      3.55600000	      0.01542385	      0.02927253	      0.05535996
      3.56000000	      0.01542448	      0.02927312	      0.05526098
      3.56400000	      0.01544826	      0.02929567	      0.05523711
      3.56800000	      0.01547831	      0.02932416	      0.05524349
      3.57200000	      0.01549241	      0.02933751	      0.05525551
      3.57600000	      0.01549683	      0.02934170	      0.05518833
      3.58000000	      0.01549461	      0.02933959	      0.05509901
      3.58400000	      0.01551848	      0.02936218	      0.05504245
      3.58800000	      0.01551652	      0.02936033	      0.05476900
      3.59200000	      0.01551477	      0.02935867	      0.05471444
      3.59600000	      0.01553489	      0.02937771	      0.05468709
      3.60000000	      0.01552408	      0.02936748	      0.05462090
      3.60400000	      0.01552950	      0.02937260	      0.05459653
      3.60800000	      0.01554007	      0.02938260	      0.05455385
      3.61200000	      0.01555208	      0.02939395	      0.05447172
      3.61600000	      0.01556153	      0.02940289	      0.05440382
      3.62000000	      0.01556910	      0.02941003	      0.05441094
      3.62400000	      0.01558340	      0.02942354	      0.05441140
      3.62800000	      0.01560136	      0.02944049	      0.05438823
      3.63200000	      0.01562525	      0.02946302	      0.05439027
      3.63600000	      0.01565206	      0.02948829	      0.05450549
      3.64000000	      0.01568503	      0.02951933	      0.05462548
      3.64400000	      0.01570049	      0.02953387	      0.05459400
      3.64800000	      0.01572883	      0.02956051	      0.05463792
      3.65200000	      0.01573185	      0.02956335	      0.05459284
      3.65600000	      0.01573363	      0.02956502	      0.05463504
      3.66000000	      0.01574848	      0.02957897	      0.05458896
      3.66400000	      0.01575980	      0.02958960	      0.05455517
      3.66800000	      0.01574034	      0.02957133	      0.05443510
      3.67200000	      0.01572576	      0.02955763	      0.05436371
      3.67600000	      0.01573681	      0.02956801	      0.05437431
      3.68000000	      0.01576219	      0.02959184	      0.05435105
      3.68400000	      0.01577961	      0.02960819	      0.05440445
      3.68800000	      0.01577045	      0.02959959	      0.05433651
      3.69200000	      0.01577744	      0.02960615	      0.05431966
      3.69600000	      0.01582008	      0.02964613	      0.05444648
      3.70000000	      0.01585509	      0.02967892	      0.05430929
      3.70400000	      0.01579398	      0.02962167	      0.05442692
      3.70800000	      0.01577029	      0.02959945	      0.05427727
      3.71200000	      0.01576101	      0.02959074	      0.05428503
      3.71600000	      0.01579084	      0.02961873	      0.05432185
      3.72000000	      0.01585747	      0.02968115	      0.05435925
      3.72400000	      0.01587367	      0.02969631	      0.05430646
      3.72800000	      0.01587561	      0.02969812	      0.05429792
      3.73200000	      0.01587558	      0.02969809	      0.05438146
      3.73600000	      0.01582055	      0.02964657	      0.05438165
      3.74000000	      0.01577780	      0.02960650	      0.05433824
      3.74400000	      0.01592131	      0.02974084	      0.05421989
      3.74800000	      0.01596993	      0.02978621	      0.05417559
      3.75200000	      0.01599215	      0.02980692	      0.05416174
      3.75600000	      0.01601029	      0.02982383	      0.05418740
      3.76000000	      0.01602835	      0.02984064	      0.05414956
      3.76400000	      0.01605091	      0.02986163	      0.05413693
      3.76800000	      0.01608117	      0.02988977	      0.05424729
      3.77200000	      0.01609161	      0.02989947	      0.05410412
      3.77600000	      0.01611058	      0.02991709	      0.05427831
      3.78000000	      0.01612978	      0.02993491	      0.05414968
      3.78400000	      0.01610327	      0.02991030	      0.05431216
      3.78800000	      0.01606256	      0.02987247	      0.05417513
      3.79200000	      0.01616892	      0.02997121	      0.05426963
      3.79600000	      0.01626053	      0.03005599	      0.05406136
      3.80000000	      0.01629604	      0.03008879	      0.05419146
      3.80400000	      0.01632034	      0.03011122	      0.05402579
      3.80800000	      0.01634523	      0.03013417	      0.05415951
      3.81200000	      0.01636226	      0.03014987	      0.05402512
      3.81600000	      0.01639134	      0.03017665	      0.05413239
      3.82000000	      0.01641217	      0.03019582	      0.05398253
      3.82400000	      0.01643885	      0.03022035	      0.05410209
      3.82800000	      0.01648593	      0.03026360	      0.05398456
      3.83200000	      0.01650445	      0.03028058	      0.05413472
      3.83600000	      0.01651819	      0.03029318	      0.05424109
      3.84000000	      0.01652965	      0.03030369	      0.05399955
      3.84400000	      0.01652667	      0.03030096	      0.05406204
      3.84800000	      0.01655097	      0.03032323	      0.05409765
      3.85200000	      0.01658114	      0.03035085	      0.05388020
      3.85600000	      0.01658030	      0.03035009	      0.05389436
      3.86000000	      0.01658608	      0.03035537	      0.05397321
      3.86400000	      0.01659918	      0.03036736	      0.05397739
      3.86800000	      0.01664457	      0.03040886	      0.05401807
      3.87200000	      0.01668686	      0.03044746	      0.05407481
      3.87600000	      0.01671853	      0.03047634	      0.05388290
      3.88000000	      0.01676643	      0.03051996	      0.05399330
      3.88400000	      0.01678109	      0.03053331	      0.05390128
      3.88800000	      0.01680351	      0.03055370	      0.05395608
      3.89200000	      0.01679488	      0.03054585	      0.05399766
      3.89600000	      0.01677911	      0.03053151	      0.05384507
      3.90000000	      0.01685161	      0.03059740	      0.05395961
      3.90400000	      0.01688899	      0.03063131	      0.05399398
      3.90800000	      0.01691438	      0.03065433	      0.05384862
      3.91200000	      0.01693821	      0.03067591	      0.05389948
      3.91600000	      0.01692072	      0.03066007	      0.05392047
      3.92000000	      0.01688280	      0.03062570	      0.05377512
      3.92400000	      0.01691999	      0.03065941	      0.05384894
      3.92800000	      0.01688016	      0.03062330	      0.05373352
      3.93200000	      0.01692781	      0.03066649	      0.05379310
      3.93600000	      0.01700077	      0.03073251	      0.05381146
      3.94000000	      0.01706321	      0.03078889	      0.05364580
      3.94400000	      0.01713923	      0.03085740	      0.05364053
      3.94800000	      0.01720370	      0.03091539	      0.05365599
      3.95200000	      0.01722266	      0.03093241	      0.05368957
      3.95600000	      0.01726867	      0.03097370	      0.05353050
      3.96000000	      0.01737369	      0.03106775	      0.05362745
      3.96400000	      0.01740853	      0.03109888	      0.05367729
      3.96800000	      0.01742774	      0.03111604	      0.05371478
      3.97200000	      0.01744347	      0.03113008	      0.05385360
      3.97600000	      0.01672472	      0.03048198	      0.05612764
      3.98000000	      0.01673001	      0.03048680	      0.05607466
      3.98400000	      0.01675703	      0.03051141	      0.05610958
      3.98800000	      0.01677434	      0.03052717	      0.05614842
      3.99200000	      0.01678748	      0.03053912	      0.05617685
      3.99600000	      0.01680558	      0.03055558	      0.05621771
      4.00000000	      0.01682484	      0.03057309	      0.05618318
      4.00400000	      0.01680620	      0.03055614	      0.05618137
      4.00800000	      0.01682057	      0.03056920	      0.05614787
      4.01200000	      0.01775347	      0.03140548	      0.05507869
      4.01600000	      0.01775794	      0.03140943	      0.05530809
      4.02000000	      0.01787497	      0.03151275	      0.05546485
      4.02400000	      0.01793826	      0.03156849	      0.05558324
      4.02800000	      0.01791580	      0.03154873	      0.05569635
      4.03200000	      0.01778489	      0.03143325	      0.05579108
      4.03600000	      0.01773325	      0.03138759	      0.05583932
      4.04000000	      0.01763265	      0.03129843	      0.05596558
      4.04400000	      0.01760253	      0.03127169	      0.05602511
      4.04800000	      0.01762276	      0.03128965	      0.05609658
      4.05200000	      0.01763251	      0.03129830	      0.05615698
      4.05600000	      0.01760409	      0.03127307	      0.05625049
      4.06000000	      0.01752729	      0.03120478	      0.05630528
      4.06400000	      0.01755547	      0.03122985	      0.05638522
      4.06800000	      0.01768730	      0.03134689	      0.05654294
      4.07200000	      0.01772958	      0.03138433	      0.05665332
      4.07600000	      0.01774593	      0.03139881	      0.05669928
      4.08000000	      0.01775136	      0.03140361	      0.05697037
      4.08400000	      0.01776297	      0.03141388	      0.05698014
      4.08800000	      0.01777778	      0.03142697	      0.05701988
      4.09200000	      0.01778282	      0.03143142	      0.05711776
      4.09600000	      0.01778684	      0.03143498	      0.05724961
      4.10000000	      0.01780712	      0.03145290	      0.05744885
      4.10400000	      0.01780033	      0.03144689	      0.05753773
      4.10800000	      0.01780663	      0.03145246	      0.05753275
      4.11200000	      0.01780354	      0.03144973	      0.05739275
      4.11600000	      0.01777750	      0.03142672	      0.05738356
      4.12000000	      0.01777430	      0.03142390	      0.05750974
      4.12400000	      0.01779143	      0.03143903	      0.05753405
      4.12800000	      0.01784079	      0.03148262	      0.05755832
      4.13200000	      0.01787827	      0.03151566	      0.05771706
      4.13600000	      0.01788985	      0.03152587	      0.05780882
      4.14000000	      0.01790252	      0.03153703	      0.05786631
      4.14400000	      0.01790925	      0.03154296	      0.05781195
      4.14800000	      0.01792608	      0.03155778	      0.05797426
      4.15200000	      0.01792050	      0.03155287	      0.05798260
      4.15600000	      0.01793477	      0.03156542	      0.05793673
      4.16000000	      0.01790879	      0.03154256	      0.05789269
      4.16400000	      0.01792104	      0.03155334	      0.05794828
      4.16800000	      0.01793856	      0.03156876	      0.05795575
      4.17200000	      0.01792011	      0.03155252	      0.05801407
      4.17600000	      0.01791595	      0.03154886	      0.05802339
      4.18000000	      0.01792269	      0.03155479	      0.05804506
      4.18400000	      0.01792873	      0.03156011	      0.05802100
      4.18800000	      0.01793296	      0.03156383	      0.05804361
      4.19200000	      0.01794008	      0.03157010	      0.05811412
      4.19600000	      0.01793515	      0.03156576	      0.05819733
      4.20000000	      0.01791194	      0.03154533	      0.05818784
      4.20400000	      0.01790354	      0.03153793	      0.05856324
      4.20800000	      0.01789973	      0.03153458	      0.05851941
      4.21200000	      0.01789058	      0.03152651	      0.05851137
      4.21600000	      0.01789952	      0.03153439	      0.05851315
      4.22000000	      0.01789392	      0.03152946	      0.05854779
      4.22400000	      0.01795448	      0.03158277	      0.05861213
      4.22800000	      0.01808079	      0.03169366	      0.05866391
      4.23200000	      0.01812341	      0.03173099	      0.05875462
      4.23600000	      0.01813470	      0.03174088	      0.05870447
      4.24000000	      0.01802102	      0.03164124	      0.05861995
      4.24400000	      0.01797996	      0.03160517	      0.05854390
      4.24800000	      0.01798989	      0.03161389	      0.05852780
      4.25200000	      0.01797593	      0.03160162	      0.05867541
      4.25600000	      0.01793242	      0.03156335	      0.05863483
      4.26000000	      0.01795087	      0.03157959	      0.05863201
      4.26400000	      0.01793064	      0.03156179	      0.05851256
      4.26800000	      0.01799070	      0.03161461	      0.05873315
      4.27200000	      0.01823499	      0.03182852	      0.05921754
      4.27600000	      0.01820247	      0.03180013	      0.05911594
      4.28000000	      0.01805879	      0.03167437	      0.05888845
      4.28400000	      0.01800233	      0.03162482	      0.05878421
      4.28800000	      0.01800649	      0.03162847	      0.05881927
      4.29200000	      0.01803381	      0.03165246	      0.05889140
      4.29600000	      0.01803527	      0.03165374	      0.05891603
      4.30000000	      0.01805227	      0.03166866	      0.05894264
      4.30400000	      0.01807459	      0.03168823	      0.05898055
      4.30800000	      0.01810279	      0.03171294	      0.05904400
      4.31200000	      0.01824755	      0.03183948	      0.05931360
      4.31600000	      0.01832666	      0.03190843	      0.05928839
      4.32000000	      0.01799857	      0.03162152	      0.05901524
      4.32400000	      0.01808105	      0.03169389	      0.05907958
      4.32800000	      0.01812454	      0.03173198	      0.05911474
      4.33200000	      0.01811507	      0.03172369	      0.05913221
      4.33600000	      0.01811491	      0.03172356	      0.05912565
      4.34000000	      0.01813082	      0.03173748	      0.05920199
      4.34400000	      0.01817049	      0.03177219	      0.05924924
      4.34800000	      0.01817170	      0.03177325	      0.05924623
      4.35200000	      0.01816410	      0.03176659	      0.05921510
      4.35600000	      0.01818106	      0.03178142	      0.05919529
      4.36000000	      0.01817590	      0.03177692	      0.05937666
      4.36400000	      0.01820617	      0.03180337	      0.05934220
      4.36800000	      0.01820519	      0.03180251	      0.05934981
      4.37200000	      0.01819263	      0.03179153	      0.05936437
      4.37600000	      0.01819575	      0.03179426	      0.05935323
      4.38000000	      0.01817257	      0.03177401	      0.05937388
      4.38400000	      0.01818472	      0.03178462	      0.05940075
      4.38800000	      0.01819203	      0.03179101	      0.05955630
      4.39200000	      0.01816581	      0.03176809	      0.05963642
      4.39600000	      0.01817859	      0.03177926	      0.05976283
      4.40000000	      0.01817492	      0.03177605	      0.05972077
      4.40400000	      0.01816863	      0.03177055	      0.05987253
      4.40800000	      0.01817198	      0.03177348	      0.05971837
      4.41200000	      0.01817161	      0.03177316	      0.05976189
      4.41600000	      0.01817449	      0.03177568	      0.05985083
      4.42000000	      0.01817550	      0.03177656	      0.05983537
      4.42400000	      0.01817350	      0.03177482	      0.05974864
      4.42800000	      0.01817333	      0.03177467	      0.05978730
      4.43200000	      0.01817971	      0.03178024	      0.05973523
      4.43600000	      0.01818816	      0.03178763	      0.05967441
      4.44000000	      0.01817310	      0.03177446	      0.05952650
      4.44400000	      0.01817175	      0.03177328	      0.05951245
      4.44800000	      0.01819154	      0.03179058	      0.05948545
      4.45200000	      0.01814696	      0.03175161	      0.05937000
      4.45600000	      0.01808249	      0.03169515	      0.05931708
      4.46000000	      0.01810927	      0.03171862	      0.05936962
      4.46400000	      0.01815911	      0.03176224	      0.05941374
      4.46800000	      0.01821732	      0.03181310	      0.05930294
      4.47200000	      0.01823438	      0.03182799	      0.05934232
      4.47600000	      0.01819340	      0.03179221	      0.05947013
      4.48000000	      0.01819737	      0.03179568	      0.05947502
      4.48400000	      0.01825957	      0.03184997	      0.05961598
      4.48800000	      0.01838879	      0.03196247	      0.05939252
      4.49200000	      0.01842620	      0.03199496	      0.05944549
      4.49600000	      0.01843807	      0.03200527	      0.05945168
      4.50000000	      0.01844557	      0.03201178	      0.05950736
      4.50400000	      0.01844829	      0.03201413	      0.05971247
      4.50800000	      0.01844730	      0.03201328	      0.05947660
      4.51200000	      0.01844801	      0.03201389	      0.05942895
      4.51600000	      0.01843420	      0.03200191	      0.05949493
      4.52000000	      0.01840651	      0.03197787	      0.05954812
      4.52400000	      0.01840204	      0.03197398	      0.05962898
      4.52800000	      0.01840173	      0.03197371	      0.05960864
      4.53200000	      0.01839816	      0.03197061	      0.05960234
      4.53600000	      0.01839674	      0.03196938	      0.05961362
      4.54000000	      0.01839737	      0.03196992	      0.05951935
      4.54400000	      0.01839628	      0.03196898	      0.05957706
      4.54800000	      0.01839416	      0.03196713	      0.05957424
      4.55200000	      0.01839787	      0.03197036	      0.05958482
      4.55600000	      0.01839528	      0.03196811	      0.05945107
      4.56000000	      0.01839705	      0.03196965	      0.05948033
      4.56400000	      0.01839987	      0.03197210	      0.05945078
      4.56800000	      0.01840639	      0.03197776	      0.05949660
      4.57200000	      0.01841921	      0.03198890	      0.05943159
      4.57600000	      0.01843731	      0.03200461	      0.05927932
      4.58000000	      0.01842753	      0.03199612	      0.05901246
      4.58400000	      0.01842444	      0.03199344	      0.05902996
      4.58800000	      0.01840419	      0.03197585	      0.05899989
      4.59200000	      0.01837511	      0.03195058	      0.05886917
      4.59600000	      0.01836203	      0.03193920	      0.05882067
      4.60000000	      0.01832074	      0.03190327	      0.05911431
      4.60400000	      0.01830948	      0.03189347	      0.05912612
      4.60800000	      0.01830446	      0.03188909	      0.05909265
      4.61200000	      0.01829936	      0.03188465	      0.05905111
      4.61600000	      0.01829957	      0.03188483	      0.05903051
      4.62000000	      0.01830008	      0.03188528	      0.05899553
      4.62400000	      0.01831389	      0.03189731	      0.05903253
      4.62800000	      0.01837957	      0.03195445	      0.05888778
      4.63200000	      0.01838280	      0.03195726	      0.05890756
      4.63600000	      0.01837259	      0.03194839	      0.05886040
      4.64000000	      0.01839585	      0.03196861	      0.05878346
      4.64400000	      0.01841987	      0.03198947	      0.05848510
      4.64800000	      0.01840021	      0.03197239	      0.05853242
      4.65200000	      0.01839202	      0.03196527	      0.05850788
      4.65600000	      0.01837861	      0.03195363	      0.05846548
      4.66000000	      0.01834149	      0.03192134	      0.05846829
      4.66400000	      0.01829227	      0.03187847	      0.05828342
      4.66800000	      0.01828120	      0.03186882	      0.05820523
      4.67200000	      0.01829184	      0.03187810	      0.05809472
      4.67600000	      0.01831415	      0.03189754	      0.05766668
      4.68000000	      0.01831997	      0.03190260	      0.05761255
      4.68400000	      0.01832577	      0.03190766	      0.05754452
      4.68800000	      0.01833242	      0.03191344	      0.05746938
      4.69200000	      0.01828371	      0.03187102	      0.05742648
      4.69600000	      0.01820133	      0.03179914	      0.05738991
      4.70000000	      0.01826948	      0.03185861	      0.05728383
      4.70400000	      0.01843917	      0.03200622	      0.05681911
      4.70800000	      0.01836467	      0.03194150	      0.05590773
      4.71200000	      0.01837292	      0.03194867	      0.05601737
      4.71600000	      0.01844583	      0.03201200	      0.05667755
      4.72000000	      0.01841484	      0.03198510	      0.05654583
      4.72400000	      0.01826893	      0.03185813	      0.05615094
      4.72800000	      0.01807029	      0.03168446	      0.05533140
      4.73200000	      0.01800491	      0.03162709	      0.05508670
      4.73600000	      0.01798231	      0.03160723	      0.05497275
      4.74000000	      0.01796747	      0.03159419	      0.05487181
      4.74400000	      0.01794155	      0.03157139	      0.05473029
      4.74800000	      0.01791437	      0.03154746	      0.05477580
      4.75200000	      0.01792474	      0.03155660	      0.05449123
      4.75600000	      0.01791703	      0.03154981	      0.05447733
      4.76000000	      0.01789883	      0.03153378	      0.05441528
      4.76400000	      0.01788620	      0.03152266	      0.05434262
      4.76800000	      0.01787355	      0.03151151	      0.05425989
      4.77200000	      0.01786582	      0.03150469	      0.05412525
      4.77600000	      0.01784898	      0.03148984	      0.05392193
      4.78000000	      0.01783102	      0.03147399	      0.05388490
      4.78400000	      0.01784623	      0.03148742	      0.05381416
      4.78800000	      0.01784043	      0.03148230	      0.05374409
      4.79200000	      0.01783212	      0.03147496	      0.05368178
      4.79600000	      0.01779394	      0.03144125	      0.05335234
      4.80000000	      0.01777699	      0.03142627	      0.05327756
      4.80400000	      0.01777449	      0.03142406	      0.05316416
      4.80800000	      0.01778298	      0.03143157	      0.05307167
      4.81200000	      0.01776608	      0.03141663	      0.05304821
      4.81600000	      0.01775705	      0.03140865	      0.05303935
      4.82000000	      0.01778300	      0.03143159	      0.05318334
      4.82400000	      0.01786236	      0.03150164	      0.05338920
      4.82800000	      0.01783680	      0.03147909	      0.05321353
      4.83200000	      0.01775060	      0.03140294	      0.05316316
      4.83600000	      0.01772716	      0.03138220	      0.05309626
      4.84000000	      0.01774771	      0.03140038	      0.05306357
      4.84400000	      0.01781631	      0.03146101	      0.05328167
      4.84800000	      0.01783494	      0.03147745	      0.05318844
      4.85200000	      0.01785855	      0.03149828	      0.05319606
      4.85600000	      0.01785862	      0.03149834	      0.05316780
      4.86000000	      0.01784076	      0.03148259	      0.05307863
      4.86400000	      0.01783042	      0.03147346	      0.05304094
      4.86800000	      0.01782043	      0.03146464	      0.05326844
      4.87200000	      0.01779263	      0.03144009	      0.05318606
      4.87600000	      0.01774321	      0.03139640	      0.05331073
      4.88000000	      0.01773864	      0.03139236	      0.05319401
      4.88400000	      0.01774786	      0.03140051	      0.05315098
      4.88800000	      0.01774460	      0.03139763	      0.05311134
      4.89200000	      0.01773681	      0.03139074	      0.05306492
      4.89600000	      0.01772418	      0.03137956	      0.05327519
      4.90000000	      0.01771218	      0.03136893	      0.05311476
      4.90400000	      0.01768984	      0.03134915	      0.05307153
      4.90800000	      0.01766127	      0.03132382	      0.05304584
      4.91200000	      0.01764932	      0.03131322	      0.05321327
      4.91600000	      0.01764811	      0.03131215	      0.05313840
      4.92000000	      0.01763196	      0.03129782	      0.05308571
      4.92400000	      0.01760564	      0.03127445	      0.05306015
      4.92800000	      0.01757922	      0.03125097	      0.05321350
      4.93200000	      0.01756295	      0.03123651	      0.05317581
      4.93600000	      0.01753802	      0.03121433	      0.05312468
      4.94000000	      0.01749478	      0.03117583	      0.05312370
      4.94400000	      0.01747426	      0.03115754	      0.05320695
      4.94800000	      0.01745854	      0.03114352	      0.05316417
      4.95200000	      0.01744401	      0.03113056	      0.05310119
      4.95600000	      0.01743136	      0.03111927	      0.05315386
      4.96000000	      0.01742260	      0.03111145	      0.05326328
      4.96400000	      0.01741865	      0.03110792	      0.05361439
      4.96800000	      0.01742915	      0.03111730	      0.05366968
      4.97200000	      0.01739269	      0.03108473	      0.05366312
      4.97600000	      0.01740179	      0.03109287	      0.05375316
      4.98000000	      0.01738717	      0.03107980	      0.05365662
      4.98400000	      0.01737413	      0.03106814	      0.05367739
      4.98800000	      0.01736391	      0.03105901	      0.05374288
      4.99200000	      0.01734727	      0.03104412	      0.05386002
      4.99600000	      0.01733411	      0.03103234	      0.05385167
      5.00000000	      0.01732091	      0.03102052	      0.05390064
      5.00400000	      0.01729156	      0.03099423	      0.05423767
      5.00800000	      0.01726053	      0.03096641	      0.05419589
      5.01200000	      0.01724101	      0.03094889	      0.05424614
      5.01600000	      0.01722278	      0.03093252	      0.05423954
      5.02000000	      0.01720509	      0.03091663	      0.05425408
      5.02400000	      0.01717339	      0.03088814	      0.05439937
      5.02800000	      0.01713813	      0.03085642	      0.05423883
      5.03200000	      0.01710314	      0.03082490	      0.05388917
      5.03600000	      0.01702860	      0.03075766	      0.05349893
      5.04000000	      0.01698289	      0.03071635	      0.05377160
      5.04400000	      0.01684884	      0.03059488	      0.05342272
      5.04800000	      0.01686271	      0.03060747	      0.05411935
      5.05200000	      0.01681697	      0.03056593	      0.05400593
      5.05600000	      0.01670842	      0.03046713	      0.05327138
      5.06000000	      0.01666951	      0.03043163	      0.05346088
      5.06400000	      0.01665874	      0.03042179	      0.05339921
      5.06800000	      0.01666535	      0.03042783	      0.05327929
      5.07200000	      0.01668005	      0.03044125	      0.05352391
      5.07600000	      0.01666456	      0.03042711	      0.05340103
      5.08000000	      0.01666255	      0.03042527	      0.05337188
      5.08400000	      0.01666135	      0.03042418	      0.05345685
      5.08800000	      0.01666539	      0.03042787	      0.05337399
      5.09200000	      0.01666847	      0.03043068	      0.05348030
      5.09600000	      0.01667050	      0.03043253	      0.05364425
      5.10000000	      0.01667495	      0.03043659	      0.05376389
      5.10400000	      0.01667719	      0.03043863	      0.05395788
      5.10800000	      0.01667831	      0.03043966	      0.05408945
      5.11200000	      0.01667410	      0.03043581	      0.05423282
      5.11600000	      0.01666590	      0.03042833	      0.05431582
      5.12000000	      0.01667782	      0.03043921	      0.05451587
      5.12400000	      0.01673275	      0.03048929	      0.05488397
      5.12800000	      0.01680566	      0.03055565	      0.05574428
      5.13200000	      0.01684710	      0.03059330	      0.05616335
      5.13600000	      0.01622715	      0.03002513	      0.05380941
      5.14000000	      0.01627953	      0.03007355	      0.05367881
      5.14400000	      0.01635541	      0.03014356	      0.05363618
      5.14800000	      0.01634173	      0.03013094	      0.05377170
      5.15200000	      0.01633549	      0.03012520	      0.05368088
      5.15600000	      0.01632596	      0.03011640	      0.05381015
      5.16000000	      0.01631590	      0.03010712	      0.05369151
      5.16400000	      0.01634436	      0.03013337	      0.05366236
      5.16800000	      0.01636265	      0.03015022	      0.05410280
      5.17200000	      0.01624954	      0.03004584	      0.05374772
      5.17600000	      0.01628078	      0.03007470	      0.05391612
      5.18000000	      0.01635654	      0.03014460	      0.05426059
      5.18400000	      0.01623612	      0.03003342	      0.05381368
      5.18800000	      0.01616739	      0.02996979	      0.05373640
      5.19200000	      0.01613294	      0.02993784	      0.05380911
      5.19600000	      0.01613172	      0.02993671	      0.05371764
      5.20000000	      0.01615556	      0.02995882	      0.05388899
      5.20400000	      0.01616819	      0.02997054	      0.05400809
      5.20800000	      0.01618757	      0.02998849	      0.05427231
      5.21200000	      0.01617825	      0.02997985	      0.05430962
      5.21600000	      0.01616614	      0.02996863	      0.05435005
      5.22000000	      0.01615408	      0.02995745	      0.05440595
      5.22400000	      0.01614257	      0.02994678	      0.05436478
      5.22800000	      0.01611660	      0.02992268	      0.05440541
      5.23200000	      0.01606391	      0.02987372	      0.05451650
      5.23600000	      0.01606496	      0.02987470	      0.05451208
      5.24000000	      0.01608540	      0.02989370	      0.05452946
      5.24400000	      0.01608332	      0.02989177	      0.05448071
      5.24800000	      0.01607719	      0.02988607	      0.05457026
      5.25200000	      0.01608054	      0.02988918	      0.05469815
      5.25600000	      0.01604933	      0.02986016	      0.05470980
      5.26000000	      0.01603280	      0.02984479	      0.05473777
      5.26400000	      0.01602049	      0.02983333	      0.05472392
      5.26800000	      0.01599979	      0.02981405	      0.05472657
      5.27200000	      0.01599638	      0.02981087	      0.05467772
      5.27600000	      0.01598432	      0.02979962	      0.05470945
      5.28000000	      0.01598115	      0.02979667	      0.05476113
      5.28400000	      0.01597514	      0.02979107	      0.05491902
      5.28800000	      0.01594572	      0.02976362	      0.05490338
      5.29200000	      0.01593456	      0.02975321	      0.05489644
      5.29600000	      0.01592523	      0.02974449	      0.05501097
      5.30000000	      0.01592530	      0.02974456	      0.05508721
      5.30400000	      0.01590220	      0.02972298	      0.05512396
      5.30800000	      0.01590700	      0.02972747	      0.05523029
      5.31200000	      0.01588658	      0.02970838	      0.05528768
      5.31600000	      0.01587404	      0.02969665	      0.05537806
      5.32000000	      0.01585570	      0.02967949	      0.05545943
      5.32400000	      0.01584090	      0.02966564	      0.05549821
      5.32800000	      0.01583208	      0.02965738	      0.05551358
      5.33200000	      0.01580484	      0.02963185	      0.05545243
      5.33600000	      0.01576655	      0.02959593	      0.05550339
      5.34000000	      0.01577954	      0.02960812	      0.05544192
      5.34400000	      0.01576365	      0.02959322	      0.05543859
      5.34800000	      0.01575101	      0.02958135	      0.05544649
      5.35200000	      0.01572547	      0.02955736	      0.05546159
      5.35600000	      0.01571051	      0.02954330	      0.05547175
      5.36000000	      0.01569891	      0.02953238	      0.05541156
      5.36400000	      0.01568289	      0.02951731	      0.05545250
      5.36800000	      0.01567719	      0.02951195	      0.05544568
      5.37200000	      0.01566644	      0.02950183	      0.05545885
      5.37600000	      0.01564578	      0.02948237	      0.05538009
      5.38000000	      0.01562547	      0.02946323	      0.05544232
      5.38400000	      0.01561529	      0.02945363	      0.05542394
      5.38800000	      0.01559813	      0.02943744	      0.05551733
      5.39200000	      0.01559819	      0.02943750	      0.05549379
      5.39600000	      0.01558873	      0.02942857	      0.05544949
      5.40000000	      0.01557619	      0.02941673	      0.05545303
      5.40400000	      0.01556401	      0.02940522	      0.05549341
      5.40800000	      0.01554871	      0.02939077	      0.05541664
      5.41200000	      0.01555553	      0.02939721	      0.05568550
      5.41600000	      0.01558077	      0.02942105	      0.05626098
      5.42000000	      0.01556347	      0.02940472	      0.05646577
      5.42400000	      0.01553065	      0.02937369	      0.05658579
      5.42800000	      0.01553920	      0.02938177	      0.05644091
      5.43200000	      0.01553501	      0.02937781	      0.05641507
      5.43600000	      0.01552133	      0.02936488	      0.05631932
      5.44000000	      0.01550394	      0.02934842	      0.05631473
      5.44400000	      0.01548608	      0.02933151	      0.05617813
      5.44800000	      0.01547739	      0.02932329	      0.05619995
      5.45200000	      0.01545502	      0.02930209	      0.05624962
      5.45600000	      0.01541957	      0.02926846	      0.05622185
      5.46000000	      0.01542969	      0.02927806	      0.05618076
      5.46400000	      0.01542519	      0.02927379	      0.05614805
      5.46800000	      0.01541651	      0.02926555	      0.05614691
      5.47200000	      0.01540310	      0.02925283	      0.05609649
      5.47600000	      0.01538527	      0.02923589	      0.05611084
      5.48000000	      0.01536527	      0.02921688	      0.05619032
      5.48400000	      0.01535076	      0.02920308	      0.05609756
      5.48800000	      0.01534155	      0.02919432	      0.05609999
      5.49200000	      0.01533082	      0.02918411	      0.05606278
      5.49600000	      0.01532274	      0.02917642	      0.05606325
      5.50000000	      0.01532178	      0.02917550	      0.05602555
      5.50400000	      0.01529969	      0.02915447	      0.05615601
      5.50800000	      0.01526993	      0.02912609	      0.05634997
      5.51200000	      0.01524965	      0.02910675	      0.05627845
      5.51600000	      0.01523387	      0.02909169	      0.05633491
      5.52000000	      0.01521358	      0.02907231	      0.05634687
      5.52400000	      0.01519744	      0.02905688	      0.05634558
      5.52800000	      0.01517983	      0.02904004	      0.05627544
      5.53200000	      0.01517960	      0.02903982	      0.05628588
      5.53600000	      0.01517294	      0.02903345	      0.05624620
      5.54000000	      0.01515515	      0.02901642	      0.05625859
      5.54400000	      0.01512269	      0.02898533	      0.05633044
      5.54800000	      0.01510076	      0.02896430	      0.05614135
      5.55200000	      0.01509999	      0.02896357	      0.05601833
      5.55600000	      0.01510605	      0.02896938	      0.05607978
      5.56000000	      0.01511254	      0.02897561	      0.05606845
      5.56400000	      0.01512238	      0.02898503	      0.05612587
      5.56800000	      0.01509811	      0.02896177	      0.05598563
      5.57200000	      0.01507900	      0.02894343	      0.05589851
      5.57600000	      0.01507072	      0.02893549	      0.05591734
      5.58000000	      0.01506446	      0.02892947	      0.05581589
      5.58400000	      0.01504433	      0.02891014	      0.05574726
      5.58800000	      0.01503572	      0.02890187	      0.05577998
      5.59200000	      0.01503408	      0.02890029	      0.05568576
      5.59600000	      0.01502634	      0.02889285	      0.05575426
      5.60000000	      0.01501931	      0.02888609	      0.05575822
      5.60400000	      0.01501065	      0.02887776	      0.05578554
      5.60800000	      0.01500510	      0.02887242	      0.05567231
      5.61200000	      0.01499687	      0.02886450	      0.05560321
      5.61600000	      0.01499053	      0.02885840	      0.05559591
      5.62000000	      0.01497686	      0.02884524	      0.05563302
      5.62400000	      0.01495373	      0.02882295	      0.05540771
      5.62800000	      0.01494451	      0.02881407	      0.05544425
      5.63200000	      0.01494314	      0.02881275	      0.05540893
      5.63600000	      0.01493841	      0.02880819	      0.05517722
      5.64000000	      0.01494981	      0.02881918	      0.05504799
      5.64400000	      0.01494862	      0.02881803	      0.05518012
      5.64800000	      0.01493056	      0.02880062	      0.05500250
      5.65200000	      0.01491064	      0.02878140	      0.05491447
      5.65600000	      0.01490964	      0.02878044	      0.05490633
      5.66000000	      0.01486987	      0.02874202	      0.05486504
      5.66400000	      0.01479391	      0.02866851	      0.05488838
      5.66800000	      0.01477144	      0.02864674	      0.05498389
      5.67200000	      0.01475486	      0.02863066	      0.05492673
      5.67600000	      0.01472307	      0.02859980	      0.05492208
      5.68000000	      0.01466956	      0.02854777	      0.05485930
      5.68400000	      0.01462421	      0.02850362	      0.05522158
      5.68800000	      0.01457773	      0.02845828	      0.05527109
      5.69200000	      0.01455678	      0.02843782	      0.05539075
      5.69600000	      0.01454241	      0.02842379	      0.05532215
      5.70000000	      0.01452088	      0.02840273	      0.05533280
      5.70400000	      0.01449641	      0.02837879	      0.05533351
      5.70800000	      0.01447738	      0.02836016	      0.05556900
      5.71200000	      0.01376385	      0.02765246	      0.05778146
      5.71600000	      0.01375425	      0.02764281	      0.05761591
      5.72000000	      0.01374407	      0.02763258	      0.05777806
      5.72400000	      0.01372925	      0.02761768	      0.05758408
      5.72800000	      0.01371457	      0.02760291	      0.05764143
      5.73200000	      0.01369763	      0.02758586	      0.05782422
      5.73600000	      0.01368287	      0.02757098	      0.05773490
      5.74000000	      0.01366867	      0.02755667	      0.05778509
      5.74400000	      0.01365342	      0.02754130	      0.05756737
      5.74800000	      0.01364594	      0.02753376	      0.05765712
      5.75200000	      0.01363185	      0.02751954	      0.05787749
      5.75600000	      0.01361562	      0.02750315	      0.05786950
      5.76000000	      0.01360138	      0.02748876	      0.05767524
      5.76400000	      0.01358859	      0.02747583	      0.05769427
      5.76800000	      0.01357394	      0.02746102	      0.05775147
      5.77200000	      0.01356184	      0.02744878	      0.05761054
      5.77600000	      0.01411504	      0.02800301	      0.05522055
      5.78000000	      0.01410942	      0.02799744	      0.05522874
      5.78400000	      0.01409850	      0.02798661	      0.05513190
      5.78800000	      0.01408972	      0.02797789	      0.05512082
      5.79200000	      0.01407354	      0.02796182	      0.05534472
      5.79600000	      0.01405602	      0.02794441	      0.05538315
      5.80000000	      0.01407662	      0.02796488	      0.05515280
      5.80400000	      0.01414477	      0.02803250	      0.05532269
      5.80800000	      0.01415827	      0.02804586	      0.05533014
      5.81200000	      0.01415644	      0.02804405	      0.05516970
      5.81600000	      0.01416965	      0.02805714	      0.05521825
      5.82000000	      0.01420168	      0.02808883	      0.05513376
      5.82400000	      0.01420952	      0.02809658	      0.05506802
      5.82800000	      0.01421030	      0.02809735	      0.05516190
      5.83200000	      0.01421210	      0.02809913	      0.05516667
      5.83600000	      0.01421341	      0.02810043	      0.05523938
      5.84000000	      0.01421685	      0.02810383	      0.05525774
      5.84400000	      0.01421950	      0.02810644	      0.05525224
      5.84800000	      0.01422113	      0.02810806	      0.05526814
      5.85200000	      0.01422077	      0.02810770	      0.05534131
      5.85600000	      0.01422111	      0.02810804	      0.05535931
      5.86000000	      0.01422069	      0.02810762	      0.05541358
      5.86400000	      0.01421940	      0.02810635	      0.05542478
      5.86800000	      0.01421824	      0.02810520	      0.05540209
      5.87200000	      0.01421715	      0.02810412	      0.05543634
      5.87600000	      0.01420056	      0.02808772	      0.05551387
      5.88000000	      0.01416760	      0.02805511	      0.05553985
      5.88400000	      0.01416302	      0.02805057	      0.05561378
      5.88800000	      0.01416343	      0.02805098	      0.05555158
      5.89200000	      0.01417037	      0.02805785	      0.05557488
      5.89600000	      0.01417584	      0.02806326	      0.05561181
      5.90000000	      0.01418073	      0.02806810	      0.05563103
      5.90400000	      0.01419957	      0.02808674	      0.05555782
      5.90800000	      0.01423831	      0.02812503	      0.05556147
      5.91200000	      0.01424782	      0.02813442	      0.05544290
      5.91600000	      0.01425428	      0.02814079	      0.05547684
      5.92000000	      0.01426114	      0.02814757	      0.05551225
      5.92400000	      0.01426733	      0.02815368	      0.05546592
      5.92800000	      0.01427056	      0.02815687	      0.05558592
      5.93200000	      0.01427542	      0.02816166	      0.05561741
      5.93600000	      0.01427735	      0.02816356	      0.05541257
      5.94000000	      0.01428339	      0.02816952	      0.05545257
      5.94400000	      0.01428770	      0.02817377	      0.05552692
      5.94800000	      0.01429229	      0.02817829	      0.05556692
      5.95200000	      0.01429723	      0.02818316	      0.05556096
      5.95600000	      0.01428866	      0.02817471	      0.05561155
      5.96000000	      0.01425503	      0.02814153	      0.05541690
      5.96400000	      0.01425878	      0.02814524	      0.05546778
      5.96800000	      0.01426913	      0.02815545	      0.05553388
      5.97200000	      0.01424370	      0.02813035	      0.05567759
      5.97600000	      0.01417613	      0.02806355	      0.05541450
      5.98000000	      0.01420060	      0.02808776	      0.05539396
      5.98400000	      0.01426877	      0.02815509	      0.05537553
      5.98800000	      0.01361341	      0.02750092	      0.05795934
      5.99200000	      0.01362855	      0.02751620	      0.05789226
      5.99600000	      0.01362848	      0.02751614	      0.05812667
      6.00000000	      0.01364632	      0.02753414	      0.05805623
      6.00400000	      0.01366179	      0.02754975	      0.05782313
      6.00800000	      0.01368959	      0.02757776	      0.05779736
      6.01200000	      0.01370514	      0.02759342	      0.05805588
      6.01600000	      0.01371467	      0.02760301	      0.05802246
      6.02000000	      0.01372471	      0.02761311	      0.05792443
      6.02400000	      0.01372849	      0.02761691	      0.05775551
      6.02800000	      0.01374033	      0.02762882	      0.05789927
      6.03200000	      0.01375268	      0.02764123	      0.05796061
      6.03600000	      0.01376161	      0.02765021	      0.05771604
      6.04000000	      0.01379453	      0.02768325	      0.05784071
      6.04400000	      0.01383780	      0.02772665	      0.05782131
      6.04800000	      0.01381876	      0.02770756	      0.05799717
      6.05200000	      0.01448914	      0.02837168	      0.05524357
      6.05600000	      0.01449583	      0.02837823	      0.05535385
      6.06000000	      0.01450112	      0.02838340	      0.05539530
      6.06400000	      0.01450638	      0.02838856	      0.05524707
      6.06800000	      0.01454354	      0.02842489	      0.05537704
      6.07200000	      0.01460224	      0.02848219	      0.05544564
      6.07600000	      0.01462229	      0.02850174	      0.05523318
      6.08000000	      0.01463565	      0.02851476	      0.05543072
      6.08400000	      0.01467515	      0.02855321	      0.05543211
      6.08800000	      0.01471255	      0.02858958	      0.05529370
      6.09200000	      0.01467678	      0.02855480	      0.05538326
      6.09600000	      0.01467756	      0.02855556	      0.05521581
      6.10000000	      0.01402791	      0.02791645	      0.05751224
      6.10400000	      0.01406608	      0.02795441	      0.05761841
      6.10800000	      0.01414174	      0.02802949	      0.05729739
      6.11200000	      0.01417490	      0.02806234	      0.05744711
      6.11600000	      0.01420338	      0.02809050	      0.05749531
      6.12000000	      0.01422207	      0.02810898	      0.05730590
      6.12400000	      0.01423754	      0.02812427	      0.05748609
      6.12800000	      0.01424920	      0.02813578	      0.05727592
      6.13200000	      0.01426183	      0.02814825	      0.05750897
      6.13600000	      0.01499813	      0.02886571	      0.05558728
      6.14000000	      0.01501342	      0.02888043	      0.05551689
      6.14400000	      0.01499791	      0.02886550	      0.05555756
      6.14800000	      0.01496941	      0.02883807	      0.05548537
      6.15200000	      0.01497592	      0.02884433	      0.05556126
      6.15600000	      0.01499727	      0.02886489	      0.05556762
      6.16000000	      0.01437897	      0.02826361	      0.05734487
      6.16400000	      0.01438841	      0.02827289	      0.05748390
      6.16800000	      0.01504086	      0.02890681	      0.05554318
      6.17200000	      0.01505167	      0.02891719	      0.05580602
      6.17600000	      0.01506295	      0.02892802	      0.05579116
      6.18000000	      0.01507777	      0.02894225	      0.05582076
      6.18400000	      0.01508124	      0.02894558	      0.05591332
      6.18800000	      0.01508764	      0.02895172	      0.05590107
      6.19200000	      0.01446849	      0.02835145	      0.05716139
      6.19600000	      0.01448426	      0.02836690	      0.05727198
      6.20000000	      0.01450541	      0.02838761	      0.05710791
      6.20400000	      0.01453014	      0.02841179	      0.05726707
      6.20800000	      0.01456026	      0.02844123	      0.05723044
      6.21200000	      0.01456928	      0.02845003	      0.05708378
      6.21600000	      0.01456572	      0.02844655	      0.05705164
      6.22000000	      0.01456830	      0.02844908	      0.05729593
      6.22400000	      0.01508548	      0.02894965	      0.05587365
      6.22800000	      0.01459800	      0.02847806	      0.05698602
      6.23200000	      0.01529149	      0.02914666	      0.05610516
      6.23600000	      0.01530587	      0.02916035	      0.05610820
      6.24000000	      0.01529683	      0.02915174	      0.05639719
      6.24400000	      0.01527973	      0.02913544	      0.05632837
      6.24800000	      0.01528449	      0.02913998	      0.05638247
      6.25200000	      0.01531980	      0.02917362	      0.05641871
      6.25600000	      0.01533507	      0.02918815	      0.05642533
      6.26000000	      0.01533895	      0.02919184	      0.05654266
      6.26400000	      0.01533969	      0.02919255	      0.05648962
      6.26800000	      0.01532826	      0.02918168	      0.05644101
      6.27200000	      0.01533239	      0.02918561	      0.05638088
      6.27600000	      0.01534952	      0.02920190	      0.05639048
      6.28000000	      0.01538792	      0.02923841	      0.05658056
      6.28400000	      0.01541352	      0.02926271	      0.05657750
      6.28800000	      0.01541387	      0.02926305	      0.05653911
      6.29200000	      0.01541603	      0.02926510	      0.05645448
      6.29600000	      0.01544856	      0.02929596	      0.05645357
      6.30000000	      0.01546537	      0.02931189	      0.05651431
      6.30400000	      0.01547201	      0.02931819	      0.05650568
      6.30800000	      0.01547410	      0.02932017	      0.05654835
      6.31200000	      0.01549200	      0.02933712	      0.05651991
      6.31600000	      0.01549242	      0.02933752	      0.05659986
      6.32000000	      0.01550395	      0.02934843	      0.05659651
      6.32400000	      0.01551085	      0.02935496	      0.05648617
      6.32800000	      0.01552004	      0.02936366	      0.05644226
      6.33200000	      0.01552928	      0.02937240	      0.05614135
      6.33600000	      0.01553899	      0.02938158	      0.05611129
      6.34000000	      0.01554839	      0.02939046	      0.05611495
      6.34400000	      0.01556025	      0.02940167	      0.05612958
      6.34800000	      0.01557598	      0.02941653	      0.05610006
      6.35200000	      0.01557864	      0.02941904	      0.05605980
      6.35600000	      0.01558502	      0.02942506	      0.05601460
      6.36000000	      0.01559907	      0.02943833	      0.05598686
      6.36400000	      0.01561023	      0.02944886	      0.05592895
      6.36800000	      0.01561023	      0.02944886	      0.05552873
      6.37200000	      0.01560426	      0.02944322	      0.05542749
      6.37600000	      0.01563180	      0.02946919	      0.05540626
      6.38000000	      0.01562843	      0.02946602	      0.05536858
      6.38400000	      0.01562716	      0.02946482	      0.05535536
      6.38800000	      0.01564255	      0.02947932	      0.05532125
      6.39200000	      0.01564083	      0.02947770	      0.05518644
      6.39600000	      0.01566254	      0.02949816	      0.05513087
      6.40000000	      0.01568631	      0.02952052	      0.05514768
      6.40400000	      0.01572076	      0.02955292	      0.05497001
      6.40800000	      0.01574701	      0.02957759	      0.05488260
      6.41200000	      0.01572765	      0.02955941	      0.05476979
      6.41600000	      0.01570746	      0.02954043	      0.05470105
      6.42000000	      0.01572023	      0.02955243	      0.05464973
      6.42400000	      0.01575677	      0.02958676	      0.05455005
      6.42800000	      0.01577315	      0.02960213	      0.05453671
      6.43200000	      0.01578582	      0.02961402	      0.05446593
      6.43600000	      0.01579914	      0.02962650	      0.05441907
      6.44000000	      0.01580964	      0.02963635	      0.05443641
      6.44400000	      0.01582486	      0.02965062	      0.05448728
      6.44800000	      0.01583978	      0.02966459	      0.05445604
      6.45200000	      0.01585176	      0.02967580	      0.05441437
      6.45600000	      0.01586662	      0.02968971	      0.05441050
      6.46000000	      0.01588187	      0.02970397	      0.05437391
      6.46400000	      0.01589517	      0.02971641	      0.05438861
      6.46800000	      0.01590842	      0.02972879	      0.05435085
      6.47200000	      0.01595652	      0.02977370	      0.05438084
      6.47600000	      0.01604184	      0.02985320	      0.05451534
      6.48000000	      0.01605632	      0.02986666	      0.05442258
      6.48400000	      0.01602054	      0.02983337	      0.05433281
      6.48800000	      0.01594378	      0.02976181	      0.05447102
      6.49200000	      0.01592875	      0.02974778	      0.05434549
      6.49600000	      0.01593714	      0.02975561	      0.05446924
      6.50000000	      0.01591294	      0.02973302	      0.05432808
      6.50400000	      0.01593497	      0.02975359	      0.05430490
      6.50800000	      0.01597013	      0.02978639	      0.05439473
      6.51200000	      0.01594564	      0.02976355	      0.05430693
      6.51600000	      0.01600118	      0.02981534	      0.05438801
      6.52000000	      0.01601886	      0.02983181	      0.05434460
      6.52400000	      0.01604678	      0.02985779	      0.05431116
      6.52800000	      0.01606432	      0.02987410	      0.05439279
      6.53200000	      0.01608113	      0.02988973	      0.05427603
      6.53600000	      0.01609894	      0.02990628	      0.05427569
      6.54000000	      0.01609201	      0.02989984	      0.05425654
      6.54400000	      0.01613919	      0.02994364	      0.05423247
      6.54800000	      0.01625193	      0.03004805	      0.05435540
      6.55200000	      0.01624308	      0.03003987	      0.05439908
      6.55600000	      0.01634709	      0.03013589	      0.05424258
      6.56000000	      0.01634431	      0.03013332	      0.05436532
      6.56400000	      0.01635388	      0.03014214	      0.05420623
      6.56800000	      0.01637164	      0.03015851	      0.05432476
      6.57200000	      0.01634944	      0.03013806	      0.05418992
      6.57600000	      0.01636278	      0.03015035	      0.05425890
      6.58000000	      0.01637734	      0.03016376	      0.05414077
      6.58400000	      0.01638714	      0.03017278	      0.05422807
      6.58800000	      0.01640728	      0.03019132	      0.05424795
      6.59200000	      0.01644679	      0.03022765	      0.05407451
      6.59600000	      0.01649879	      0.03027539	      0.05408106
      6.60000000	      0.01653803	      0.03031137	      0.05411323
      6.60400000	      0.01651799	      0.03029300	      0.05396317
      6.60800000	      0.01649921	      0.03027578	      0.05409491
      6.61200000	      0.01651742	      0.03029248	      0.05393161
      6.61600000	      0.01652477	      0.03029922	      0.05392778
      6.62000000	      0.01654265	      0.03031561	      0.05395126
      6.62400000	      0.01652454	      0.03029901	      0.05390835
      6.62800000	      0.01656742	      0.03033830	      0.05397743
      6.63200000	      0.01662003	      0.03038643	      0.05380585
      6.63600000	      0.01661608	      0.03038282	      0.05387425
      6.64000000	      0.01666545	      0.03042792	      0.05386722
      6.64400000	      0.01670374	      0.03046286	      0.05385942
      6.64800000	      0.01672422	      0.03048153	      0.05391242
      6.65200000	      0.01673632	      0.03049254	      0.05393691
      6.65600000	      0.01674912	      0.03050420	      0.05373222
      6.66000000	      0.01676602	      0.03051959	      0.05380074
      6.66400000	      0.01678787	      0.03053948	      0.05385034
      6.66800000	      0.01680257	      0.03055284	      0.05373151
      6.67200000	      0.01679397	      0.03054502	      0.05382212
      6.67600000	      0.01679987	      0.03055039	      0.05383588
      6.68000000	      0.01679368	      0.03054476	      0.05367095
      6.68400000	      0.01673779	      0.03049389	      0.05375443
      6.68800000	      0.01674502	      0.03050048	      0.05366916
      6.69200000	      0.01677371	      0.03052659	      0.05377601
      6.69600000	      0.01677291	      0.03052586	      0.05377858
      6.70000000	      0.01678604	      0.03053781	      0.05363265
      6.70400000	      0.01681903	      0.03056781	      0.05371949
      6.70800000	      0.01685281	      0.03059848	      0.05365276
      6.71200000	      0.01685273	      0.03059841	      0.05372247
      6.71600000	      0.01687215	      0.03061603	      0.05375006
      6.72000000	      0.01685373	      0.03059932	      0.05360124
      6.72400000	      0.01683102	      0.03057870	      0.05366645
      6.72800000	      0.01685128	      0.03059710	      0.05367256
      6.73200000	      0.01690150	      0.03064265	      0.05364307
      6.73600000	      0.01689656	      0.03063817	      0.05360152
      6.74000000	      0.01691390	      0.03065389	      0.05344341
      6.74400000	      0.01709750	      0.03081982	      0.05354492
      6.74800000	      0.01715412	      0.03087081	      0.05358295
      6.75200000	      0.01719253	      0.03090535	      0.05359902
      6.75600000	      0.01718975	      0.03090285	      0.05336467
      6.76000000	      0.01716262	      0.03087845	      0.05344040
      6.76400000	      0.01719881	      0.03091100	      0.05343373
      6.76800000	      0.01722379	      0.03093343	      0.05346640
      6.77200000	      0.01722739	      0.03093667	      0.05334806
      6.77600000	      0.01725826	      0.03096437	      0.05340108
      6.78000000	      0.01730718	      0.03100822	      0.05341964
      6.78400000	      0.01731657	      0.03101664	      0.05339344
      6.78800000	      0.01736731	      0.03106205	      0.05337587
      6.79200000	      0.01740804	      0.03109844	      0.05326971
      6.79600000	      0.01744921	      0.03113520	      0.05337955
      6.80000000	      0.01741853	      0.03110781	      0.05354307
      6.80400000	      0.01738184	      0.03107504	      0.05367923
      6.80800000	      0.01740208	      0.03109312	      0.05398824
      6.81200000	      0.01741959	      0.03110876	      0.05404053
      6.81600000	      0.01743764	      0.03112488	      0.05410644
      6.82000000	      0.01745517	      0.03114051	      0.05418464
      6.82400000	      0.01749262	      0.03117390	      0.05432602
      6.82800000	      0.01750053	      0.03118095	      0.05437022
      6.83200000	      0.01730729	      0.03100832	      0.05448813
      6.83600000	      0.01711775	      0.03083806	      0.05462522
      6.84000000	      0.01702611	      0.03075541	      0.05495851
      6.84400000	      0.01692063	      0.03065999	      0.05510494
      6.84800000	      0.01691406	      0.03065403	      0.05522143
      6.85200000	      0.01753540	      0.03121200	      0.05538731
      6.85600000	      0.01755402	      0.03122856	      0.05541474
      6.86000000	      0.01758994	      0.03126050	      0.05536146
      6.86400000	      0.01759610	      0.03126598	      0.05525520
      6.86800000	      0.01758677	      0.03125769	      0.05531058
      6.87200000	      0.01762648	      0.03129295	      0.05600486
      6.87600000	      0.01776266	      0.03141361	      0.05686309
      6.88000000	      0.01780184	      0.03144823	      0.05710610
      6.88400000	      0.01776729	      0.03141769	      0.05682088
      6.88800000	      0.01771390	      0.03137046	      0.05641289
      6.89200000	      0.01781218	      0.03145736	      0.05724825
      6.89600000	      0.01784216	      0.03148383	      0.05747350
      6.90000000	      0.01781054	      0.03145592	      0.05766509
      6.90400000	      0.01772682	      0.03138190	      0.05790523
      6.90800000	      0.01772585	      0.03138103	      0.05805428
      6.91200000	      0.01776437	      0.03141511	      0.05814778
      6.91600000	      0.01778771	      0.03143574	      0.05823431
      6.92000000	      0.01779774	      0.03144461	      0.05838066
      6.92400000	      0.01780531	      0.03145130	      0.05840190
      6.92800000	      0.01779948	      0.03144614	      0.05844773
      6.93200000	      0.01780290	      0.03144916	      0.05847267
      6.93600000	      0.01782425	      0.03146801	      0.05851406
      6.94000000	      0.01781388	      0.03145886	      0.05856060
      6.94400000	      0.01783755	      0.03147976	      0.05863423
      6.94800000	      0.01783174	      0.03147463	      0.05868482
      6.95200000	      0.01787318	      0.03151118	      0.05874876
      6.95600000	      0.01786485	      0.03150384	      0.05889803
      6.96000000	      0.01783588	      0.03147828	      0.05892933
      6.96400000	      0.01783808	      0.03148022	      0.05894391
      6.96800000	      0.01784667	      0.03148780	      0.05899022
      6.97200000	      0.01784711	      0.03148819	      0.05899807
      6.97600000	      0.01782890	      0.03147212	      0.05903625
      6.98000000	      0.01782144	      0.03146554	      0.05905037
      6.98400000	      0.01783202	      0.03147488	      0.05906462
      6.98800000	      0.01783728	      0.03147952	      0.05911353
      6.99200000	      0.01784818	      0.03148913	      0.05915837
      6.99600000	      0.01785460	      0.03149480	      0.05936358
      7.00000000	      0.01795753	      0.03158545	      0.05933106
      7.00400000	      0.01816256	      0.03176525	      0.05943812
      7.00800000	      0.01821682	      0.03181266	      0.05945645
      7.01200000	      0.01821152	      0.03180803	      0.05954587
      7.01600000	      0.01818205	      0.03178229	      0.05967836
      7.02000000	      0.01809191	      0.03170341	      0.05955425
      7.02400000	      0.01791389	      0.03154704	      0.05944152
      7.02800000	      0.01785006	      0.03149079	      0.05950432
      7.03200000	      0.01784264	      0.03148425	      0.05928182
      7.03600000	      0.01790013	      0.03153493	      0.05937305
      7.04000000	      0.01800551	      0.03162762	      0.05939869
      7.04400000	      0.01799739	      0.03162048	      0.05933208
      7.04800000	      0.01792241	      0.03155454	      0.05961480
      7.05200000	      0.01784923	      0.03149006	      0.05935764
      7.05600000	      0.01787661	      0.03151421	      0.05952532
      7.06000000	      0.01786998	      0.03150836	      0.05955152
      7.06400000	      0.01790216	      0.03153672	      0.05945887
      7.06800000	      0.01790546	      0.03153962	      0.05941181
      7.07200000	      0.01789933	      0.03153423	      0.05945669
      7.07600000	      0.01785790	      0.03149771	      0.05936103
      7.08000000	      0.01778673	      0.03143488	      0.05934680
      7.08400000	      0.01776735	      0.03141775	      0.05930789
      7.08800000	      0.01776578	      0.03141636	      0.05932531
      7.09200000	      0.01777745	      0.03142668	      0.05933287
      7.09600000	      0.01779340	      0.03144077	      0.05921830
      7.10000000	      0.01776624	      0.03141677	      0.05934692
      7.10400000	      0.01776269	      0.03141363	      0.05928549
      7.10800000	      0.01776274	      0.03141368	      0.05939029
      7.11200000	      0.01776373	      0.03141455	      0.05933935
      7.11600000	      0.01776552	      0.03141613	      0.05942391
      7.12000000	      0.01776747	      0.03141786	      0.05937141
      7.12400000	      0.01777910	      0.03142813	      0.05936621
      7.12800000	      0.01780220	      0.03144855	      0.05920388
      7.13200000	      0.01779935	      0.03144603	      0.05915545
      7.13600000	      0.01779784	      0.03144469	      0.05914089
      7.14000000	      0.01779819	      0.03144501	      0.05912791
      7.14400000	      0.01779674	      0.03144373	      0.05900399
      7.14800000	      0.01779740	      0.03144431	      0.05900033
      7.15200000	      0.01780591	      0.03145182	      0.05899778
      7.15600000	      0.01782502	      0.03146870	      0.05914538
      7.16000000	      0.01783056	      0.03147358	      0.05919379
      7.16400000	      0.01783318	      0.03147590	      0.05919621
      7.16800000	      0.01781320	      0.03145826	      0.05926334
      7.17200000	      0.01777965	      0.03142863	      0.05934189
      7.17600000	      0.01779692	      0.03144389	      0.05931993
      7.18000000	      0.01780350	      0.03144970	      0.05928677
      7.18400000	      0.01778971	      0.03143751	      0.05939301
      7.18800000	      0.01775619	      0.03140788	      0.05952341
      7.19200000	      0.01775050	      0.03140285	      0.05957278
      7.19600000	      0.01774917	      0.03140167	      0.05956955
      7.20000000	      0.01774783	      0.03140049	      0.05952686
      7.20400000	      0.01775253	      0.03140465	      0.05956204
      7.20800000	      0.01776337	      0.03141423	      0.05962105
      7.21200000	      0.01775425	      0.03140616	      0.05951472
      7.21600000	      0.01775060	      0.03140294	      0.05955375
      7.22000000	      0.01777544	      0.03142490	      0.05951368
      7.22400000	      0.01783444	      0.03147701	      0.05947841
      7.22800000	      0.01783382	      0.03147646	      0.05944398
      7.23200000	      0.01783396	      0.03147659	      0.05949470
      7.23600000	      0.01782515	      0.03146881	      0.05913733
      7.24000000	      0.01782577	      0.03146936	      0.05916856
      7.24400000	      0.01782270	      0.03146665	      0.05918509
      7.24800000	      0.01782191	      0.03146595	      0.05924305
      7.25200000	      0.01782787	      0.03147122	      0.05920276
      7.25600000	      0.01787612	      0.03151377	      0.05921735
      7.26000000	      0.01792927	      0.03156059	      0.05918469
      7.26400000	      0.01788295	      0.03151979	      0.05907810
      7.26800000	      0.01786082	      0.03150029	      0.05919331
      7.27200000	      0.01784875	      0.03148964	      0.05933307
      7.27600000	      0.01784710	      0.03148818	      0.05925994
      7.28000000	      0.01788922	      0.03152532	      0.05922413
      7.28400000	      0.01790120	      0.03153587	      0.05895221
      7.28800000	      0.01789013	      0.03152612	      0.05909078
      7.29200000	      0.01788078	      0.03151788	      0.05918489
      7.29600000	      0.01788597	      0.03152246	      0.05917057
      7.30000000	      0.01790010	      0.03153490	      0.05934731
      7.30400000	      0.01791407	      0.03154720	      0.05922872
      7.30800000	      0.01794638	      0.03157564	      0.05921527
      7.31200000	      0.01799059	      0.03161451	      0.05914989
      7.31600000	      0.01798122	      0.03160628	      0.05919285
      7.32000000	      0.01798312	      0.03160794	      0.05929277
      7.32400000	      0.01801648	      0.03163725	      0.05936944
      7.32800000	      0.01806578	      0.03168050	      0.05921665
      7.33200000	      0.01804532	      0.03166256	      0.05908684
      7.33600000	      0.01803921	      0.03165720	      0.05917096
      7.34000000	      0.01805527	      0.03167129	      0.05919073
      7.34400000	      0.01801341	      0.03163455	      0.05916835
      7.34800000	      0.01791664	      0.03154947	      0.05933533
      7.35200000	      0.01789898	      0.03153391	      0.05901899
      7.35600000	      0.01790753	      0.03154144	      0.05896656
      7.36000000	      0.01788986	      0.03152588	      0.05906140
      7.36400000	      0.01787830	      0.03151569	      0.05930465
      7.36800000	      0.01791492	      0.03154795	      0.05911594
      7.37200000	      0.01800452	      0.03162674	      0.05914500
      7.37600000	      0.01802892	      0.03164817	      0.05916924
      7.38000000	      0.01803281	      0.03165159	      0.05914850
      7.38400000	      0.01803812	      0.03165624	      0.05913444
      7.38800000	      0.01805022	      0.03166686	      0.05910278
      7.39200000	      0.01752913	      0.03120642	      0.05875204
      7.39600000	      0.01752934	      0.03120661	      0.05876332
      7.40000000	      0.01752921	      0.03120649	      0.05901827
      7.40400000	      0.01752662	      0.03120419	      0.05868437
      7.40800000	      0.01752678	      0.03120432	      0.05864842
      7.41200000	      0.01752678	      0.03120433	      0.05892279
      7.41600000	      0.01752190	      0.03119998	      0.05857113
      7.42000000	      0.01751884	      0.03119725	      0.05849514
      7.42400000	      0.01751080	      0.03119010	      0.05845709
      7.42800000	      0.01749746	      0.03117821	      0.05827151
      7.43200000	      0.01753472	      0.03121139	      0.05821383
      7.43600000	      0.01756786	      0.03124088	      0.05813192
      7.44000000	      0.01751752	      0.03119608	      0.05814759
      7.44400000	      0.01752986	      0.03120707	      0.05801236
      7.44800000	      0.01753235	      0.03120928	      0.05792734
      7.45200000	      0.01752457	      0.03120236	      0.05782822
      7.45600000	      0.01750649	      0.03118626	      0.05782269
      7.46000000	      0.01744993	      0.03113584	      0.05785506
      7.46400000	      0.01742671	      0.03111512	      0.05783743
      7.46800000	      0.01741091	      0.03110101	      0.05778018
      7.47200000	      0.01740566	      0.03109632	      0.05769706
      7.47600000	      0.01740444	      0.03109523	      0.05760274
      7.48000000	      0.01738138	      0.03107462	      0.05749935
      7.48400000	      0.01736755	      0.03106226	      0.05738542
      7.48800000	      0.01737121	      0.03106553	      0.05720119
      7.49200000	      0.01738378	      0.03107677	      0.05702932
      7.49600000	      0.01788060	      0.03151772	      0.05751156
      7.50000000	      0.01787002	      0.03150840	      0.05749583
      7.50400000	      0.01785930	      0.03149894	      0.05744122
      7.50800000	      0.01788129	      0.03151833	      0.05733876
      7.51200000	      0.01793922	      0.03156934	      0.05720522
      7.51600000	      0.01796637	      0.03159322	      0.05710391
      7.52000000	      0.01798638	      0.03161081	      0.05702453
      7.52400000	      0.01791448	      0.03154757	      0.05639219
      7.52800000	      0.01782641	      0.03146992	      0.05547575
      7.53200000	      0.01777574	      0.03142517	      0.05523756
      7.53600000	      0.01770817	      0.03136539	      0.05517944
      7.54000000	      0.01768408	      0.03134404	      0.05508431
      7.54400000	      0.01766920	      0.03133085	      0.05500896
      7.54800000	      0.01764890	      0.03131285	      0.05476090
      7.55200000	      0.01757591	      0.03124803	      0.05465314
      7.55600000	      0.01747779	      0.03116069	      0.05451245
      7.56000000	      0.01754447	      0.03122007	      0.05419193
      7.56400000	      0.01760573	      0.03127453	      0.05407480
      7.56800000	      0.01751881	      0.03119723	      0.05401176
      7.57200000	      0.01730087	      0.03100257	      0.05386648
      7.57600000	      0.01725682	      0.03096308	      0.05359983
      7.58000000	      0.01720589	      0.03091736	      0.05355874
      7.58400000	      0.01719460	      0.03090721	      0.05354315
      7.58800000	      0.01716768	      0.03088300	      0.05347697
      7.59200000	      0.01764553	      0.03130986	      0.05325658
      7.59600000	      0.01759864	      0.03126823	      0.05322595
      7.60000000	      0.01753430	      0.03121102	      0.05314409
      7.60400000	      0.01750173	      0.03118202	      0.05311180
      7.60800000	      0.01748562	      0.03116766	      0.05311743
      7.61200000	      0.01747463	      0.03115787	      0.05314353
      7.61600000	      0.01746135	      0.03114603	      0.05314708
      7.62000000	      0.01745442	      0.03113985	      0.05314045
      7.62400000	      0.01745527	      0.03114060	      0.05327967
      7.62800000	      0.01745577	      0.03114105	      0.05324882
      7.63200000	      0.01745149	      0.03113724	      0.05322794
      7.63600000	      0.01744609	      0.03113241	      0.05324504
      7.64000000	      0.01744489	      0.03113135	      0.05330106
      7.64400000	      0.01743517	      0.03112267	      0.05329357
      7.64800000	      0.01741397	      0.03110375	      0.05330122
      7.65200000	      0.01734781	      0.03104460	      0.05341253
      7.65600000	      0.01726203	      0.03096775	      0.05313264
      7.66000000	      0.01725538	      0.03096179	      0.05318850
      7.66400000	      0.01722929	      0.03093837	      0.05334224
      7.66800000	      0.01723458	      0.03094312	      0.05326863
      7.67200000	      0.01720311	      0.03091486	      0.05334345
      7.67600000	      0.01719287	      0.03090565	      0.05326807
      7.68000000	      0.01718482	      0.03089842	      0.05325392
      7.68400000	      0.01717589	      0.03089039	      0.05325075
      7.68800000	      0.01716396	      0.03087966	      0.05331146
      7.69200000	      0.01720435	      0.03091597	      0.05343109
      7.69600000	      0.01728554	      0.03098884	      0.05339163
      7.70000000	      0.01729866	      0.03100059	      0.05334636
      7.70400000	      0.01728560	      0.03098889	      0.05329562
      7.70800000	      0.01726758	      0.03097273	      0.05326115
      7.71200000	      0.01725570	      0.03096207	      0.05341802
      7.71600000	      0.01724000	      0.03094798	      0.05336302
      7.72000000	      0.01723959	      0.03094762	      0.05347688
      7.72400000	      0.01723720	      0.03094547	      0.05342549
      7.72800000	      0.01720967	      0.03092075	      0.05336842
      7.73200000	      0.01719772	      0.03091001	      0.05336235
      7.73600000	      0.01718593	      0.03089942	      0.05336844
      7.74000000	      0.01717461	      0.03088924	      0.05337404
      7.74400000	      0.01717618	      0.03089065	      0.05357246
      7.74800000	      0.01718506	      0.03089863	      0.05350901
      7.75200000	      0.01715357	      0.03087031	      0.05345557
      7.75600000	      0.01714833	      0.03086559	      0.05343376
      7.76000000	      0.01714736	      0.03086473	      0.05336609
      7.76400000	      0.01715087	      0.03086788	      0.05337468
      7.76800000	      0.01713971	      0.03085783	      0.05337307
      7.77200000	      0.01715335	      0.03087011	      0.05350777
      7.77600000	      0.01721727	      0.03092758	      0.05345695
      7.78000000	      0.01722631	      0.03093569	      0.05341887
      7.78400000	      0.01721751	      0.03092779	      0.05353086
      7.78800000	      0.01720524	      0.03091677	      0.05344530
      7.79200000	      0.01716939	      0.03088454	      0.05351226
      7.79600000	      0.01710612	      0.03082759	      0.05368653
      7.80000000	      0.01708557	      0.03080906	      0.05367313
      7.80400000	      0.01711765	      0.03083797	      0.05367333
      7.80800000	      0.01709782	      0.03082011	      0.05361907
      7.81200000	      0.01706070	      0.03078663	      0.05368743
      7.81600000	      0.01708585	      0.03080931	      0.05370793
      7.82000000	      0.01707409	      0.03079871	      0.05355154
      7.82400000	      0.01706687	      0.03079220	      0.05356767
      7.82800000	      0.01706501	      0.03079052	      0.05347043
      7.83200000	      0.01705691	      0.03078322	      0.05363873
      7.83600000	      0.01705150	      0.03077833	      0.05363912
      7.84000000	      0.01703923	      0.03076726	      0.05363704
      7.84400000	      0.01698209	      0.03071563	      0.05371709
      7.84800000	      0.01693920	      0.03067681	      0.05367467
      7.85200000	      0.01670173	      0.03046102	      0.05374698
      7.85600000	      0.01622367	      0.03002191	      0.05365294
      7.86000000	      0.01627290	      0.03006743	      0.05361697
      7.86400000	      0.01667776	      0.03043916	      0.05373413
      7.86800000	      0.01678306	      0.03053509	      0.05376725
      7.87200000	      0.01678127	      0.03053347	      0.05399176
      7.87600000	      0.01678464	      0.03053654	      0.05416274
      7.88000000	      0.01677597	      0.03052865	      0.05386181
      7.88400000	      0.01674494	      0.03050040	      0.05377562
      7.88800000	      0.01674724	      0.03050249	      0.05378352
      7.89200000	      0.01667304	      0.03043485	      0.05376493
      7.89600000	      0.01665410	      0.03041756	      0.05361960
      7.90000000	      0.01666398	      0.03042658	      0.05356122
      7.90400000	      0.01665576	      0.03041907	      0.05376618
      7.90800000	      0.01664704	      0.03041111	      0.05363412
      7.91200000	      0.01662743	      0.03039319	      0.05375742
      7.91600000	      0.01658861	      0.03035769	      0.05366744
      7.92000000	      0.01655284	      0.03032495	      0.05374532
      7.92400000	      0.01655545	      0.03032733	      0.05361495
      7.92800000	      0.01658046	      0.03035023	      0.05381202
      7.93200000	      0.01656889	      0.03033965	      0.05372409
      7.93600000	      0.01652127	      0.03029601	      0.05374824
      7.94000000	      0.01648395	      0.03026177	      0.05367148
      7.94400000	      0.01646911	      0.03024815	      0.05381434
      7.94800000	      0.01645839	      0.03023830	      0.05370141
      7.95200000	      0.01646186	      0.03024149	      0.05384607
      7.95600000	      0.01645845	      0.03023836	      0.05388300
      7.96000000	      0.01645656	      0.03023662	      0.05386718
      7.96400000	      0.01644634	      0.03022723	      0.05391958
      7.96800000	      0.01642621	      0.03020873	      0.05410263
      7.97200000	      0.01642535	      0.03020794	      0.05424560
      7.97600000	      0.01643503	      0.03021684	      0.05448052
      7.98000000	      0.01644453	      0.03022557	      0.05477077
      7.98400000	      0.01649580	      0.03027265	      0.05514764
      7.98800000	      0.01662112	      0.03038742	      0.05590221
      7.99200000	      0.01665153	      0.03041521	      0.05629048
      7.99600000	      0.01665000	      0.03041381	      0.05648883
      8.00000000	      0.01653042	      0.03030440	      0.05593661
      8.00400000	      0.01628235	      0.03007616	      0.05452418
      8.00800000	      0.01617307	      0.02997506	      0.05406275
      8.01200000	      0.01604329	      0.02985455	      0.05391798
      8.01600000	      0.01599120	      0.02980604	      0.05383691
      8.02000000	      0.01596214	      0.02977895	      0.05398576
      8.02400000	      0.01594756	      0.02976534	      0.05396033
      8.02800000	      0.01594085	      0.02975908	      0.05398900
      8.03200000	      0.01591935	      0.02973901	      0.05400719
      8.03600000	      0.01591510	      0.02973503	      0.05392535
      8.04000000	      0.01594210	      0.02976024	      0.05409845
      8.04400000	      0.01601394	      0.02982722	      0.05408233
      8.04800000	      0.01603503	      0.02984686	      0.05407479
      8.05200000	      0.01603439	      0.02984627	      0.05407292
      8.05600000	      0.01600920	      0.02982281	      0.05413838
      8.06000000	      0.01602078	      0.02983360	      0.05415579
      8.06400000	      0.01598084	      0.02979638	      0.05419199
      8.06800000	      0.01588818	      0.02970988	      0.05415514
      8.07200000	      0.01584489	      0.02966937	      0.05418943
      8.07600000	      0.01578719	      0.02961530	      0.05430189
      8.08000000	      0.01576238	      0.02959202	      0.05436050
      8.08400000	      0.01574385	      0.02957462	      0.05437899
      8.08800000	      0.01572714	      0.02955892	      0.05441130
      8.09200000	      0.01571587	      0.02954833	      0.05444650
      8.09600000	      0.01570208	      0.02953537	      0.05445898
      8.10000000	      0.01568950	      0.02952353	      0.05448744
      8.10400000	      0.01567229	      0.02950733	      0.05448889
      8.10800000	      0.01565248	      0.02948868	      0.05449675
      8.11200000	      0.01563915	      0.02947612	      0.05452183
      8.11600000	      0.01561169	      0.02945023	      0.05454139
      8.12000000	      0.01556882	      0.02940977	      0.05455156
      8.12400000	      0.01555478	      0.02939651	      0.05460048
      8.12800000	      0.01554354	      0.02938588	      0.05472958
      8.13200000	      0.01554233	      0.02938474	      0.05460583
      8.13600000	      0.01550489	      0.02934932	      0.05474491
      8.14000000	      0.01544927	      0.02929663	      0.05479368
      8.14400000	      0.01497361	      0.02884211	      0.05656652
      8.14800000	      0.01556763	      0.02940864	      0.05486439
      8.15200000	      0.01497236	      0.02884091	      0.05678725
      8.15600000	      0.01554011	      0.02938264	      0.05492373
      8.16000000	      0.01548134	      0.02932703	      0.05497916
      8.16400000	      0.01544768	      0.02929512	      0.05491697
      8.16800000	      0.01544907	      0.02929644	      0.05519380
      8.17200000	      0.01544967	      0.02929701	      0.05531476
      8.17600000	      0.01544720	      0.02929467	      0.05527618
      8.18000000	      0.01544210	      0.02928984	      0.05522647
      8.18400000	      0.01543813	      0.02928607	      0.05517395
      8.18800000	      0.01542109	      0.02926990	      0.05512167
      8.19200000	      0.01541736	      0.02926636	      0.05515856
      8.19600000	      0.01540923	      0.02925865	      0.05519385
      8.20000000	      0.01535521	      0.02920731	      0.05521967
      8.20400000	      0.01527370	      0.02912969	      0.05522646
      8.20800000	      0.01526829	      0.02912453	      0.05525677
      8.21200000	      0.01522952	      0.02908753	      0.05527245
      8.21600000	      0.01523473	      0.02909251	      0.05532171
      8.22000000	      0.01516732	      0.02902807	      0.05537746
      8.22400000	      0.01514667	      0.02900830	      0.05538479
      8.22800000	      0.01514124	      0.02900310	      0.05536371
      8.23200000	      0.01514384	      0.02900560	      0.05533798
      8.23600000	      0.01516835	      0.02902906	      0.05529512
      8.24000000	      0.01514334	      0.02900511	      0.05529905
      8.24400000	      0.01517364	      0.02903412	      0.05525911
      8.24800000	      0.01517281	      0.02903333	      0.05527942
      8.25200000	      0.01516136	      0.02902236	      0.05531442
      8.25600000	      0.01514380	      0.02900555	      0.05521764
      8.26000000	      0.01512847	      0.02899087	      0.05518683
      8.26400000	      0.01511830	      0.02898113	      0.05521095
      8.26800000	      0.01510552	      0.02896888	      0.05507821
      8.27200000	      0.01510372	      0.02896715	      0.05507860
      8.27600000	      0.01509243	      0.02895632	      0.05515881
      8.28000000	      0.01507294	      0.02893761	      0.05510454
      8.28400000	      0.01505351	      0.02891895	      0.05511919
      8.28800000	      0.01503328	      0.02889952	      0.05516309
      8.29200000	      0.01502937	      0.02889576	      0.05501854
      8.29600000	      0.01501601	      0.02888291	      0.05507277
      8.30000000	      0.01499062	      0.02885849	      0.05513743
      8.30400000	      0.01498215	      0.02885033	      0.05491657
      8.30800000	      0.01497035	      0.02883896	      0.05492852
      8.31200000	      0.01496336	      0.02883224	      0.05491474
      8.31600000	      0.01495997	      0.02882897	      0.05491938
      8.32000000	      0.01493970	      0.02880943	      0.05498610
      8.32400000	      0.01491470	      0.02878531	      0.05484675
      8.32800000	      0.01488186	      0.02875360	      0.05497741
      8.33200000	      0.01487911	      0.02875096	      0.05486602
      8.33600000	      0.01485952	      0.02873202	      0.05489166
      8.34000000	      0.01491185	      0.02878257	      0.05504906
      8.34400000	      0.01500689	      0.02887414	      0.05577638
      8.34800000	      0.01502366	      0.02889027	      0.05586094
      8.35200000	      0.01501067	      0.02887778	      0.05585582
      8.35600000	      0.01500100	      0.02886847	      0.05576128
      8.36000000	      0.01496395	      0.02883280	      0.05604787
      8.36400000	      0.01493299	      0.02880296	      0.05596114
      8.36800000	      0.01491863	      0.02878911	      0.05604161
      8.37200000	      0.01490836	      0.02877920	      0.05610645
      8.37600000	      0.01490093	      0.02877202	      0.05584262
      8.38000000	      0.01490523	      0.02877618	      0.05587564
      8.38400000	      0.01490056	      0.02877167	      0.05574486
      8.38800000	      0.01491538	      0.02878597	      0.05573951
      8.39200000	      0.01493224	      0.02880224	      0.05560928
      8.39600000	      0.01492318	      0.02879350	      0.05567553
      8.40000000	      0.01487840	      0.02875026	      0.05559738
      8.40400000	      0.01486412	      0.02873647	      0.05579443
      8.40800000	      0.01487185	      0.02874394	      0.05572412
      8.41200000	      0.01485498	      0.02872763	      0.05539094
      8.41600000	      0.01484298	      0.02871602	      0.05525611
      8.42000000	      0.01482100	      0.02869475	      0.05545567
      8.42400000	      0.01479992	      0.02867434	      0.05537432
      8.42800000	      0.01479054	      0.02866525	      0.05523726
      8.43200000	      0.01478129	      0.02865629	      0.05517294
      8.43600000	      0.01478203	      0.02865701	      0.05521463
      8.44000000	      0.01477544	      0.02865062	      0.05515734
      8.44400000	      0.01476392	      0.02863945	      0.05513984
      8.44800000	      0.01474705	      0.02862308	      0.05513138
      8.45200000	      0.01471050	      0.02858758	      0.05521603
      8.45600000	      0.01469345	      0.02857101	      0.05521003
      8.46000000	      0.01468260	      0.02856046	      0.05530648
      8.46400000	      0.01467475	      0.02855283	      0.05528689
      8.46800000	      0.01466248	      0.02854089	      0.05516648
      8.47200000	      0.01465495	      0.02853355	      0.05516150
      8.47600000	      0.01464222	      0.02852117	      0.05544453
      8.48000000	      0.01460448	      0.02848438	      0.05541910
      8.48400000	      0.01449280	      0.02837527	      0.05542442
      8.48800000	      0.01442853	      0.02831228	      0.05535225
      8.49200000	      0.01441722	      0.02830117	      0.05529829
      8.49600000	      0.01437637	      0.02826106	      0.05537209
      8.50000000	      0.01434849	      0.02823364	      0.05548482
      8.50400000	      0.01433768	      0.02822300	      0.05547184
      8.50800000	      0.01432976	      0.02821521	      0.05546625
      8.51200000	      0.01433754	      0.02822286	      0.05536361
      8.51600000	      0.01433641	      0.02822175	      0.05532511
      8.52000000	      0.01432592	      0.02821143	      0.05522117
      8.52400000	      0.01430546	      0.02819127	      0.05550500
      8.52800000	      0.01429223	      0.02817823	      0.05546101
      8.53200000	      0.01427394	      0.02816019	      0.05549057
      8.53600000	      0.01425861	      0.02814507	      0.05546645
      8.54000000	      0.01423737	      0.02812410	      0.05545671
      8.54400000	      0.01422398	      0.02811087	      0.05542965
      8.54800000	      0.01420345	      0.02809057	      0.05527039
      8.55200000	      0.01418565	      0.02807298	      0.05524958
      8.55600000	      0.01416554	      0.02805307	      0.05549848
      8.56000000	      0.01415505	      0.02804268	      0.05547232
      8.56400000	      0.01413920	      0.02802698	      0.05521082
      8.56800000	      0.01411776	      0.02800572	      0.05548002
      8.57200000	      0.01410087	      0.02798895	      0.05544173
      8.57600000	      0.01407802	      0.02796627	      0.05550199
      8.58000000	      0.01406304	      0.02795138	      0.05545800
      8.58400000	      0.01406383	      0.02795217	      0.05526303
      8.58800000	      0.01408762	      0.02797580	      0.05508954
      8.59200000	      0.01407552	      0.02796379	      0.05544824
      8.59600000	      0.01406618	      0.02795451	      0.05543060
      8.60000000	      0.01405302	      0.02794142	      0.05546980
      8.60400000	      0.01404501	      0.02793346	      0.05546299
      8.60800000	      0.01403409	      0.02792260	      0.05538988
      8.61200000	      0.01402608	      0.02791463	      0.05539025
      8.61600000	      0.01402045	      0.02790903	      0.05533143
      8.62000000	      0.01401512	      0.02790372	      0.05535153
      8.62400000	      0.01400843	      0.02789707	      0.05556782
      8.62800000	      0.01399138	      0.02788008	      0.05559960
      8.63200000	      0.01396270	      0.02785149	      0.05564146
      8.63600000	      0.01395882	      0.02784762	      0.05565346
      8.64000000	      0.01395892	      0.02784772	      0.05556571
      8.64400000	      0.01396497	      0.02785376	      0.05567606
      8.64800000	      0.01397086	      0.02785963	      0.05553829
      8.65200000	      0.01397575	      0.02786451	      0.05558213
      8.65600000	      0.01397976	      0.02786850	      0.05558567
      8.66000000	      0.01397769	      0.02786643	      0.05559742
      8.66400000	      0.01397014	      0.02785891	      0.05555004
      8.66800000	      0.01396842	      0.02785720	      0.05558876
      8.67200000	      0.01396079	      0.02784958	      0.05562881
      8.67600000	      0.01395061	      0.02783943	      0.05564574
      8.68000000	      0.01394677	      0.02783560	      0.05567963
      8.68400000	      0.01394664	      0.02783547	      0.05572315
      8.68800000	      0.01394594	      0.02783477	      0.05574449
      8.69200000	      0.01394307	      0.02783191	      0.05578071
      8.69600000	      0.01394215	      0.02783099	      0.05574268
      8.70000000	      0.01394294	      0.02783178	      0.05578100
      8.70400000	      0.01395700	      0.02784581	      0.05580307
      8.70800000	      0.01399037	      0.02787908	      0.05572587
      8.71200000	      0.01399694	      0.02788562	      0.05549572
      8.71600000	      0.01400031	      0.02788898	      0.05554010
      8.72000000	      0.01403546	      0.02792396	      0.05559705
      8.72400000	      0.01409009	      0.02797825	      0.05567426
      8.72800000	      0.01406550	      0.02795383	      0.05568478
      8.73200000	      0.01407924	      0.02796748	      0.05574197
      8.73600000	      0.01405622	      0.02794461	      0.05576349
      8.74000000	      0.01401791	      0.02790650	      0.05572262
      8.74400000	      0.01403252	      0.02792104	      0.05577588
      8.74800000	      0.01401355	      0.02790216	      0.05587580
      8.75200000	      0.01408975	      0.02797792	      0.05598635
      8.75600000	      0.01410807	      0.02799610	      0.05566886
      8.76000000	      0.01410991	      0.02799793	      0.05571225
      8.76400000	      0.01411008	      0.02799809	      0.05570189
      8.76800000	      0.01413214	      0.02801998	      0.05570836
      8.77200000	      0.01413125	      0.02801909	      0.05587828
      8.77600000	      0.01414637	      0.02803407	      0.05590478
      8.78000000	      0.01419844	      0.02808562	      0.05577514
      8.78400000	      0.01421410	      0.02810111	      0.05565340
      8.78800000	      0.01421881	      0.02810576	      0.05545392
      8.79200000	      0.01422291	      0.02810982	      0.05549071
      8.79600000	      0.01423419	      0.02812096	      0.05565809
      8.80000000	      0.01423143	      0.02811823	      0.05564510
      8.80400000	      0.01423857	      0.02812528	      0.05563802
      8.80800000	      0.01424220	      0.02812887	      0.05573627
      8.81200000	      0.01425281	      0.02813934	      0.05571961
      8.81600000	      0.01427397	      0.02816023	      0.05573995
      8.82000000	      0.01429088	      0.02817690	      0.05549231
      8.82400000	      0.01431239	      0.02819810	      0.05546165
      8.82800000	      0.01431744	      0.02820307	      0.05557285
      8.83200000	      0.01431955	      0.02820515	      0.05557397
      8.83600000	      0.01432014	      0.02820573	      0.05565526
      8.84000000	      0.01428483	      0.02817094	      0.05540216
      8.84400000	      0.01427239	      0.02815867	      0.05550857
      8.84800000	      0.01428029	      0.02816646	      0.05551411
      8.85200000	      0.01428650	      0.02817259	      0.05538772
      8.85600000	      0.01430552	      0.02819133	      0.05539247
      8.86000000	      0.01432960	      0.02821504	      0.05550944
      8.86400000	      0.01434334	      0.02822857	      0.05547403
      8.86800000	      0.01435065	      0.02823576	      0.05521339
      8.87200000	      0.01436267	      0.02824759	      0.05534531
      8.87600000	      0.01437334	      0.02825808	      0.05525590
      8.88000000	      0.01439029	      0.02827473	      0.05529580
      8.88400000	      0.01441641	      0.02830038	      0.05520722
      8.88800000	      0.01444011	      0.02832364	      0.05526018
      8.89200000	      0.01442432	      0.02830815	      0.05525308
      8.89600000	      0.01441319	      0.02829722	      0.05523175
      8.90000000	      0.01442774	      0.02831150	      0.05527888
      8.90400000	      0.01445948	      0.02834262	      0.05529677
      8.90800000	      0.01446593	      0.02834894	      0.05526490
      8.91200000	      0.01447797	      0.02836074	      0.05531581
      8.91600000	      0.01450763	      0.02838978	      0.05522637
      8.92000000	      0.01455520	      0.02843628	      0.05523754
      8.92400000	      0.01456325	      0.02844415	      0.05508578
      8.92800000	      0.01455747	      0.02843850	      0.05527758
      8.93200000	      0.01453991	      0.02842134	      0.05538215
      8.93600000	      0.01455639	      0.02843745	      0.05494617
      8.94000000	      0.01454942	      0.02843063	      0.05525527
      8.94400000	      0.01453663	      0.02841813	      0.05527506
      8.94800000	      0.01459996	      0.02847997	      0.05501869
      8.95200000	      0.01468888	      0.02856657	      0.05515842
      8.95600000	      0.01472091	      0.02859770	      0.05502469
      8.96000000	      0.01474161	      0.02861780	      0.05506800
      8.96400000	      0.01475348	      0.02862932	      0.05514567
      8.96800000	      0.01476382	      0.02863935	      0.05510649
      8.97200000	      0.01476992	      0.02864526	      0.05507678
      8.97600000	      0.01477881	      0.02865388	      0.05507406
      8.98000000	      0.01480442	      0.02867870	      0.05524189
      8.98400000	      0.01485073	      0.02872352	      0.05514250
      8.98800000	      0.01486875	      0.02874094	      0.05539346
      8.99200000	      0.01487612	      0.02874807	      0.05538043
      8.99600000	      0.01487847	      0.02875033	      0.05549878
      9.00000000	      0.01490210	      0.02877316	      0.05542272
      9.00400000	      0.01489739	      0.02876861	      0.05559868
      9.00800000	      0.01488629	      0.02875788	      0.05561917
      9.01200000	      0.01486162	      0.02873405	      0.05578327
      9.01600000	      0.01483935	      0.02871251	      0.05573038
      9.02000000	      0.01482790	      0.02870143	      0.05569606
      9.02400000	      0.01487213	      0.02874421	      0.05571435
      9.02800000	      0.01485129	      0.02872406	      0.05589692
      9.03200000	      0.01485744	      0.02873001	      0.05585187
      9.03600000	      0.01438868	      0.02827315	      0.05723734
      9.04000000	      0.01439693	      0.02828126	      0.05735738
      9.04400000	      0.01440383	      0.02828804	      0.05711963
      9.04800000	      0.01442854	      0.02831228	      0.05721607
      9.05200000	      0.01444173	      0.02832522	      0.05712701
      9.05600000	      0.01445270	      0.02833598	      0.05712166
      9.06000000	      0.01446715	      0.02835014	      0.05721975
      9.06400000	      0.01447177	      0.02835467	      0.05702035
      9.06800000	      0.01447276	      0.02835563	      0.05727924
      9.07200000	      0.01447656	      0.02835936	      0.05713716
      9.07600000	      0.01448169	      0.02836439	      0.05720640
      9.08000000	      0.01450024	      0.02838254	      0.05702073
      9.08400000	      0.01450951	      0.02839162	      0.05700711
      9.08800000	      0.01452462	      0.02840640	      0.05687933
      9.09200000	      0.01455181	      0.02843298	      0.05706780
      9.09600000	      0.01455898	      0.02843998	      0.05695423
      9.10000000	      0.01456421	      0.02844508	      0.05709750
      9.10400000	      0.01458498	      0.02846536	      0.05686781
      9.10800000	      0.01459425	      0.02847440	      0.05676581
      9.11200000	      0.01460077	      0.02848076	      0.05674501
      9.11600000	      0.01517467	      0.02903511	      0.05590339
      9.12000000	      0.01516918	      0.02902985	      0.05619324
      9.12400000	      0.01518025	      0.02904044	      0.05626258
      9.12800000	      0.01520663	      0.02906567	      0.05622766
      9.13200000	      0.01528170	      0.02913732	      0.05619794
      9.13600000	      0.01531843	      0.02917231	      0.05627329
      9.14000000	      0.01536029	      0.02921215	      0.05626600
      9.14400000	      0.01539950	      0.02924941	      0.05611748
      9.14800000	      0.01539645	      0.02924651	      0.05609583
      9.15200000	      0.01541308	      0.02926230	      0.05610261
      9.15600000	      0.01541330	      0.02926251	      0.05625665
      9.16000000	      0.01541909	      0.02926800	      0.05635054
      9.16400000	      0.01543234	      0.02928058	      0.05635098
      9.16800000	      0.01544369	      0.02929134	      0.05640281
      9.17200000	      0.01545560	      0.02930264	      0.05632290
      9.17600000	      0.01546008	      0.02930689	      0.05595861
      9.18000000	      0.01546520	      0.02931174	      0.05592290
      9.18400000	      0.01546569	      0.02931219	      0.05590736
      9.18800000	      0.01545442	      0.02930152	      0.05589595
      9.19200000	      0.01544482	      0.02929241	      0.05580404
      9.19600000	      0.01544264	      0.02929035	      0.05578375
      9.20000000	      0.01544299	      0.02929068	      0.05583252
      9.20400000	      0.01542978	      0.02927815	      0.05586263
      9.20800000	      0.01535677	      0.02920880	      0.05549882
      9.21200000	      0.01536855	      0.02922000	      0.05558066
      9.21600000	      0.01537475	      0.02922589	      0.05554290
      9.22000000	      0.01536761	      0.02921910	      0.05529890
      9.22400000	      0.01534529	      0.02919788	      0.05523215
      9.22800000	      0.01534592	      0.02919847	      0.05523885
      9.23200000	      0.01490406	      0.02877504	      0.05643777
      9.23600000	      0.01490996	      0.02878074	      0.05654224
      9.24000000	      0.01492625	      0.02879646	      0.05638714
      9.24400000	      0.01492117	      0.02879156	      0.05642377
      9.24800000	      0.01494395	      0.02881353	      0.05652638
      9.25200000	      0.01497764	      0.02884599	      0.05639406
      9.25600000	      0.01498752	      0.02885550	      0.05650872
      9.26000000	      0.01499913	      0.02886668	      0.05637059
      9.26400000	      0.01500844	      0.02887563	      0.05633591
      9.26800000	      0.01502423	      0.02889082	      0.05633316
      9.27200000	      0.01503147	      0.02889778	      0.05643929
      9.27600000	      0.01502770	      0.02889415	      0.05629302
      9.28000000	      0.01503540	      0.02890156	      0.05629918
      9.28400000	      0.01504522	      0.02891099	      0.05640771
      9.28800000	      0.01505225	      0.02891775	      0.05628078
      9.29200000	      0.01506171	      0.02892683	      0.05621821
      9.29600000	      0.01507426	      0.02893888	      0.05641525
      9.30000000	      0.01509428	      0.02895809	      0.05626470
      9.30400000	      0.01512273	      0.02898537	      0.05622685
      9.30800000	      0.01513882	      0.02900079	      0.05617802
      9.31200000	      0.01514880	      0.02901034	      0.05614683
      9.31600000	      0.01515734	      0.02901852	      0.05606978
      9.32000000	      0.01517007	      0.02903070	      0.05626037
      9.32400000	      0.01517812	      0.02903840	      0.05611378
      9.32800000	      0.01519311	      0.02905274	      0.05623634
      9.33200000	      0.01520684	      0.02906587	      0.05605485
      9.33600000	      0.01564156	      0.02947839	      0.05412035
      9.34000000	      0.01525723	      0.02911398	      0.05608281
      9.34400000	      0.01531592	      0.02916993	      0.05619774
      9.34800000	      0.01529603	      0.02915098	      0.05608083
      9.35200000	      0.01522480	      0.02908303	      0.05625287
      9.35600000	      0.01520177	      0.02906102	      0.05603035
      9.36000000	      0.01519177	      0.02905146	      0.05623907
      9.36400000	      0.01518017	      0.02904037	      0.05605485
      9.36800000	      0.01516869	      0.02902938	      0.05623157
      9.37200000	      0.01515095	      0.02901240	      0.05606446
      9.37600000	      0.01514416	      0.02900590	      0.05621729
      9.38000000	      0.01512220	      0.02898487	      0.05604314
      9.38400000	      0.01516150	      0.02902250	      0.05618087
      9.38800000	      0.01531648	      0.02917046	      0.05595686
      9.39200000	      0.01535320	      0.02920540	      0.05613434
      9.39600000	      0.01537043	      0.02922179	      0.05595196
      9.40000000	      0.01538162	      0.02923243	      0.05616284
      9.40400000	      0.01539298	      0.02924321	      0.05598970
      9.40800000	      0.01540620	      0.02925577	      0.05616079
      9.41200000	      0.01541731	      0.02926631	      0.05599657
      9.41600000	      0.01542686	      0.02927538	      0.05610462
      9.42000000	      0.01543719	      0.02928518	      0.05619004
      9.42400000	      0.01545245	      0.02929965	      0.05587142
      9.42800000	      0.01549590	      0.02934082	      0.05611124
      9.43200000	      0.01556312	      0.02940438	      0.05589561
      9.43600000	      0.01557520	      0.02941579	      0.05604576
      9.44000000	      0.01557663	      0.02941715	      0.05590439
      9.44400000	      0.01557863	      0.02941903	      0.05610294
      9.44800000	      0.01559639	      0.02943580	      0.05616638
      9.45200000	      0.01560518	      0.02944409	      0.05587498
      9.45600000	      0.01559781	      0.02943714	      0.05611644
      9.46000000	      0.01562649	      0.02946418	      0.05612942
      9.46400000	      0.01566566	      0.02950109	      0.05586176
      9.46800000	      0.01568289	      0.02951732	      0.05600073
      9.47200000	      0.01571721	      0.02954959	      0.05603554
      9.47600000	      0.01577516	      0.02960402	      0.05586423
      9.48000000	      0.01580329	      0.02963040	      0.05596647
      9.48400000	      0.01577790	      0.02960658	      0.05586026
      9.48800000	      0.01578219	      0.02961061	      0.05597622
      9.49200000	      0.01580229	      0.02962946	      0.05599456
      9.49600000	      0.01580618	      0.02963311	      0.05579309
      9.50000000	      0.01580782	      0.02963464	      0.05595148
      9.50400000	      0.01589697	      0.02971809	      0.05593414
      9.50800000	      0.01652779	      0.03030199	      0.05385419
      9.51200000	      0.01648087	      0.03025895	      0.05374233
      9.51600000	      0.01648808	      0.03026556	      0.05385067
      9.52000000	      0.01649469	      0.03027163	      0.05382609
      9.52400000	      0.01651954	      0.03029443	      0.05389880
      9.52800000	      0.01656324	      0.03033447	      0.05376943
      9.53200000	      0.01660645	      0.03037402	      0.05388160
      9.53600000	      0.01665439	      0.03041782	      0.05377367
      9.54000000	      0.01672050	      0.03047813	      0.05388335
      9.54400000	      0.01675502	      0.03050958	      0.05393444
      9.54800000	      0.01673679	      0.03049298	      0.05381971
      9.55200000	      0.01668406	      0.03044490	      0.05388214
      9.55600000	      0.01673678	      0.03049297	      0.05380088
      9.56000000	      0.01681353	      0.03056280	      0.05386185
      9.56400000	      0.01684463	      0.03059105	      0.05369398
      9.56800000	      0.01686653	      0.03061094	      0.05378089
      9.57200000	      0.01686874	      0.03061294	      0.05383948
      9.57600000	      0.01688282	      0.03062572	      0.05376887
      9.58000000	      0.01696660	      0.03070161	      0.05383319
      9.58400000	      0.01700083	      0.03073257	      0.05388148
      9.58800000	      0.01702551	      0.03075486	      0.05369327
      9.59200000	      0.01705464	      0.03078116	      0.05383105
      9.59600000	      0.01707879	      0.03080295	      0.05388543
      9.60000000	      0.01709129	      0.03081422	      0.05369530
      9.60400000	      0.01709192	      0.03081479	      0.05372074
      9.60800000	      0.01710247	      0.03082430	      0.05368252
      9.61200000	      0.01711186	      0.03083275	      0.05358006
      9.61600000	      0.01712422	      0.03084389	      0.05364267
      9.62000000	      0.01713877	      0.03085699	      0.05370442
      9.62400000	      0.01715668	      0.03087311	      0.05353833
      9.62800000	      0.01720534	      0.03091686	      0.05359391
      9.63200000	      0.01725530	      0.03096172	      0.05360757
      9.63600000	      0.01729774	      0.03099977	      0.05365376
      9.64000000	      0.01740191	      0.03109297	      0.05397979
      9.64400000	      0.01749713	      0.03117793	      0.05440628
      9.64800000	      0.01763685	      0.03130216	      0.05525059
      9.65200000	      0.01763837	      0.03130351	      0.05549254
      9.65600000	      0.01752213	      0.03120018	      0.05566086
      9.66000000	      0.01750853	      0.03118807	      0.05582502
      9.66400000	      0.01752376	      0.03120163	      0.05587127
      9.66800000	      0.01753663	      0.03121309	      0.05599622
      9.67200000	      0.01753752	      0.03121388	      0.05623469
      9.67600000	      0.01755292	      0.03122759	      0.05626269
      9.68000000	      0.01756384	      0.03123730	      0.05640558
      9.68400000	      0.01757158	      0.03124418	      0.05645952
      9.68800000	      0.01758385	      0.03125509	      0.05664912
      9.69200000	      0.01760358	      0.03127262	      0.05666494
      9.69600000	      0.01758466	      0.03125581	      0.05671270
      9.70000000	      0.01751502	      0.03119386	      0.05681378
      9.70400000	      0.01749956	      0.03118008	      0.05686259
      9.70800000	      0.01749760	      0.03117834	      0.05696476
      9.71200000	      0.01750825	      0.03118782	      0.05697661
      9.71600000	      0.01750600	      0.03118582	      0.05707951
      9.72000000	      0.01750631	      0.03118610	      0.05705408
      9.72400000	      0.01753183	      0.03120882	      0.05711544
      9.72800000	      0.01752971	      0.03120693	      0.05743824
      9.73200000	      0.01754897	      0.03122407	      0.05746334
      9.73600000	      0.01756068	      0.03123449	      0.05750219
      9.74000000	      0.01757897	      0.03125075	      0.05754873
      9.74400000	      0.01759635	      0.03126620	      0.05758648
      9.74800000	      0.01761540	      0.03128311	      0.05783796
      9.75200000	      0.01763768	      0.03130289	      0.05783465
      9.75600000	      0.01764557	      0.03130990	      0.05782107
      9.76000000	      0.01767064	      0.03133213	      0.05797430
      9.76400000	      0.01768648	      0.03134617	      0.05794590
      9.76800000	      0.01768656	      0.03134624	      0.05808704
      9.77200000	      0.01769594	      0.03135455	      0.05804590
      9.77600000	      0.01770585	      0.03136333	      0.05806957
      9.78000000	      0.01771948	      0.03137539	      0.05807715
      9.78400000	      0.01773629	      0.03139027	      0.05820506
      9.78800000	      0.01774291	      0.03139613	      0.05816281
      9.79200000	      0.01774402	      0.03139712	      0.05820718
      9.79600000	      0.01776046	      0.03141166	      0.05822902
      9.80000000	      0.01778662	      0.03143479	      0.05833349
      9.80400000	      0.01780333	      0.03144955	      0.05829326
      9.80800000	      0.01781485	      0.03145972	      0.05833993
      9.81200000	      0.01782445	      0.03146820	      0.05837820
      9.81600000	      0.01783337	      0.03147607	      0.05840410
      9.82000000	      0.01783121	      0.03147416	      0.05857417
      9.82400000	      0.01783496	      0.03147747	      0.05855309
      9.82800000	      0.01783873	      0.03148080	      0.05856356
      9.83200000	      0.01788370	      0.03152045	      0.05857315
      9.83600000	      0.01797504	      0.03160085	      0.05868112
      9.84000000	      0.01799187	      0.03161564	      0.05866701
      9.84400000	      0.01796717	      0.03159393	      0.05874404
      9.84800000	      0.01787146	      0.03150966	      0.05857932
      9.85200000	      0.01784395	      0.03148540	      0.05853233
      9.85600000	      0.01781819	      0.03146267	      0.05865687
      9.86000000	      0.01780430	      0.03145040	      0.05854557
      9.86400000	      0.01782194	      0.03146598	      0.05858584
      9.86800000	      0.01786882	      0.03150734	      0.05881408
      9.87200000	      0.01785124	      0.03149183	      0.05869137
      9.87600000	      0.01779099	      0.03143864	      0.05871344
      9.88000000	      0.01779066	      0.03143835	      0.05866202
      9.88400000	      0.01702976	      0.03075870	      0.05784005
      9.88800000	      0.01704433	      0.03077185	      0.05784171
      9.89200000	      0.01711234	      0.03083319	      0.05795062
      9.89600000	      0.01728953	      0.03099241	      0.05819037
      9.90000000	      0.01726726	      0.03097245	      0.05814305
      9.90400000	      0.01718496	      0.03089855	      0.05808283
      9.90800000	      0.01819830	      0.03179649	      0.05925849
      9.91200000	      0.01823245	      0.03182631	      0.05937893
      9.91600000	      0.01825447	      0.03184552	      0.05934080
      9.92000000	      0.01826214	      0.03185221	      0.05941159
      9.92400000	      0.01826035	      0.03185065	      0.05940715
      9.92800000	      0.01825299	      0.03184423	      0.05942839
      9.93200000	      0.01825694	      0.03184768	      0.05939194
      9.93600000	      0.01825521	      0.03184617	      0.05945751
      9.94000000	      0.01825004	      0.03184166	      0.05945962
      9.94400000	      0.01825596	      0.03184682	      0.05947716
      9.94800000	      0.01826712	      0.03185655	      0.05944988
      9.95200000	      0.01827448	      0.03186297	      0.05955095
      9.95600000	      0.01828757	      0.03187438	      0.05954983
      9.96000000	      0.01829263	      0.03187879	      0.05960149
      9.96400000	      0.01829875	      0.03188412	      0.05959023
      9.96800000	      0.01831023	      0.03189412	      0.05976037
      9.97200000	      0.01832448	      0.03190653	      0.05968269
      9.97600000	      0.01833510	      0.03191578	      0.05976162
      9.98000000	      0.01834569	      0.03192499	      0.05975779
      9.98400000	      0.01835341	      0.03193171	      0.05981474
      9.98800000	      0.01835573	      0.03193372	      0.05981274
      9.99200000	      0.01834840	      0.03192735	      0.05983604
      9.99600000	      0.01835011	      0.03192883	      0.05982004
     10.00000000	      0.01835063	      0.03192929	      0.05987939
     10.00400000	      0.01835501	      0.03193310	      0.05984929
     10.00800000	      0.01835960	      0.03193709	      0.05991719
     10.01200000	      0.01836003	      0.03193746	      0.05991647
     10.01600000	      0.01836335	      0.03194035	      0.05999062
     10.02000000	      0.01836278	      0.03193986	      0.06004707
     10.02400000	      0.01836592	      0.03194258	      0.06000584
     10.02800000	      0.01840101	      0.03197309	      0.06005464
     10.03200000	      0.01840683	      0.03197814	      0.06010908
     10.03600000	      0.01840375	      0.03197547	      0.06004850
     10.04000000	      0.01841908	      0.03198878	      0.06009871
     10.04400000	      0.01841498	      0.03198522	      0.06017526
     10.04800000	      0.01839216	      0.03196540	      0.06000701
     10.05200000	      0.01838812	      0.03196188	      0.06007279
     10.05600000	      0.01838877	      0.03196245	      0.05996518
     10.06000000	      0.01839419	      0.03196716	      0.06016288
     10.06400000	      0.01839627	      0.03196897	      0.05998922
     10.06800000	      0.01839841	      0.03197083	      0.06003676
     10.07200000	      0.01837021	      0.03194631	      0.05991428
     10.07600000	      0.01830419	      0.03188886	      0.05971306
     10.08000000	      0.01830303	      0.03188785	      0.05966682
     10.08400000	      0.01831437	      0.03189773	      0.05980743
     10.08800000	      0.01831768	      0.03190061	      0.05970302
     10.09200000	      0.01755064	      0.03122556	      0.05882805
     10.09600000	      0.01755467	      0.03122915	      0.05894549
     10.10000000	      0.01755725	      0.03123144	      0.05882862
     10.10400000	      0.01755781	      0.03123194	      0.05885583
     10.10800000	      0.01755682	      0.03123106	      0.05878549
     10.11200000	      0.01756000	      0.03123389	      0.05893596
     10.11600000	      0.01756225	      0.03123589	      0.05884184
     10.12000000	      0.01755752	      0.03123168	      0.05884221
     10.12400000	      0.01751305	      0.03119210	      0.05886276
     10.12800000	      0.01744880	      0.03113483	      0.05887742
     10.13200000	      0.01824406	      0.03183644	      0.05957775
     10.13600000	      0.01827536	      0.03186373	      0.05962260
     10.14000000	      0.01828415	      0.03187140	      0.05975444
     10.14400000	      0.01754331	      0.03121904	      0.05878699
     10.14800000	      0.01754841	      0.03122358	      0.05878945
     10.15200000	      0.01755714	      0.03123134	      0.05880213
     10.15600000	      0.01759812	      0.03126777	      0.05886909
     10.16000000	      0.01768013	      0.03134054	      0.05901840
     10.16400000	      0.01772478	      0.03138009	      0.05904965
     10.16800000	      0.01779428	      0.03144155	      0.05912869
     10.17200000	      0.01780907	      0.03145461	      0.05911043
     10.17600000	      0.01553306	      0.02937597	      0.05696080
     10.18000000	      0.01552341	      0.02936685	      0.05686569
     10.18400000	      0.01551502	      0.02935891	      0.05688257
     10.18800000	      0.01551484	      0.02935874	      0.05685293
     10.19200000	      0.01552124	      0.02936480	      0.05678673
     10.19600000	      0.01551092	      0.02935503	      0.05662629
     10.20000000	      0.01549919	      0.02934393	      0.05657974
     10.20400000	      0.01548966	      0.02933491	      0.05671545
     10.20800000	      0.01547251	      0.02931866	      0.05649780
     10.21200000	      0.01546816	      0.02931454	      0.05646054
     10.21600000	      0.01547239	      0.02931855	      0.05650864
     10.22000000	      0.01548359	      0.02932916	      0.05634511
     10.22400000	      0.01548762	      0.02933298	      0.05632506
     10.22800000	      0.01549172	      0.02933685	      0.05628204
     10.23200000	      0.01660217	      0.03037009	      0.05260211
     10.23600000	      0.01659278	      0.03036150	      0.05264272
     10.24000000	      0.01653775	      0.03031111	      0.05254815
     10.24400000	      0.01638976	      0.03017520	      0.05230694
     10.24800000	      0.01634643	      0.03013528	      0.05213385
     10.25200000	      0.01643334	      0.03021529	      0.05222803
     10.25600000	      0.01644590	      0.03022683	      0.05221867
     10.26000000	      0.01644976	      0.03023037	      0.05222532
     10.26400000	      0.01644728	      0.03022810	      0.05223260
     10.26800000	      0.01643998	      0.03022139	      0.05218179
     10.27200000	      0.01643397	      0.03021587	      0.05216743
     10.27600000	      0.01645254	      0.03023293	      0.05217904
     10.28000000	      0.01643073	      0.03021288	      0.05220530
     10.28400000	      0.05075370	      0.05310038	      0.16136332
     10.28800000	      0.05731366	      0.05642776	      0.17736672
     10.29200000	      0.01650915	      0.03028490	      0.05232378
     10.29600000	      0.01651379	      0.03028915	      0.05225990
     10.30000000	      0.01648748	      0.03026501	      0.05217109
     10.30400000	      0.01646193	      0.03024156	      0.05213871
     10.30800000	      0.01649049	      0.03026778	      0.05207171
     10.31200000	      0.01651327	      0.03028867	      0.05204580
     10.31600000	      0.01651907	      0.03029399	      0.05223132
     10.32000000	      0.01652552	      0.03029991	      0.05216008
     10.32400000	      0.01653297	      0.03030673	      0.05209661
     10.32800000	      0.01653813	      0.03031146	      0.05206253
     10.33200000	      0.01654090	      0.03031400	      0.05203882
     10.33600000	      0.01654012	      0.03031329	      0.05218866
     10.34000000	      0.01653924	      0.03031249	      0.05213248
     10.34400000	      0.01654422	      0.03031705	      0.05227626
     10.34800000	      0.01650313	      0.03027938	      0.05221264
     10.35200000	      0.01638005	      0.03016625	      0.05212587
     10.35600000	      0.01634460	      0.03013359	      0.05208099
     10.36000000	      0.01826561	      0.03185524	      0.05730555
     10.36400000	      0.01839761	      0.03197014	      0.05741939
     10.36800000	      0.01843111	      0.03199923	      0.05739878
     10.37200000	      0.01843120	      0.03199931	      0.05714756
     10.37600000	      0.01849653	      0.03205596	      0.05712272
     10.38000000	      0.01863626	      0.03217682	      0.05706658
     10.38400000	      0.01864470	      0.03218410	      0.05703148
     10.38800000	      0.01867359	      0.03220903	      0.05701170
     10.39200000	      0.01872386	      0.03225236	      0.05702444
     10.39600000	      0.01862987	      0.03217130	      0.05693812
     10.40000000	      0.01839113	      0.03196450	      0.05654682
     10.40400000	      0.01826626	      0.03185581	      0.05640257
     10.40800000	      0.01821433	      0.03181049	      0.05632116
     10.41200000	      0.01819396	      0.03179270	      0.05623121
     10.41600000	      0.01822693	      0.03182149	      0.05603726
     10.42000000	      0.01832043	      0.03190300	      0.05614268
     10.42400000	      0.01833731	      0.03191770	      0.05608256
     10.42800000	      0.01832877	      0.03191026	      0.05571498
     10.43200000	      0.01832538	      0.03190731	      0.05565165
     10.43600000	      0.01832355	      0.03190572	      0.05555507
     10.44000000	      0.01830316	      0.03188796	      0.05546313
     10.44400000	      0.01829033	      0.03187679	      0.05535320
     10.44800000	      0.01823387	      0.03182755	      0.05498739
     10.45200000	      0.01812946	      0.03173629	      0.05485251
     10.45600000	      0.01810324	      0.03171333	      0.05477085
     10.46000000	      0.01809087	      0.03170249	      0.05468563
     10.46400000	      0.01808471	      0.03169710	      0.05438837
     10.46800000	      0.01806595	      0.03168066	      0.05441072
     10.47200000	      0.01801165	      0.03163301	      0.05440526
     10.47600000	      0.01800849	      0.03163024	      0.05412940
     10.48000000	      0.01800175	      0.03162431	      0.05414271
     10.48400000	      0.01799549	      0.03161881	      0.05413508
     10.48800000	      0.01798729	      0.03161161	      0.05381538
     10.49200000	      0.01797928	      0.03160457	      0.05383069
     10.49600000	      0.01797247	      0.03159859	      0.05378429
     10.50000000	      0.01796378	      0.03159095	      0.05352681
     10.50400000	      0.01797093	      0.03159723	      0.05349404
     10.50800000	      0.01800089	      0.03162356	      0.05321857
     10.51200000	      0.01798547	      0.03161001	      0.05315963
     10.51600000	      0.01794248	      0.03157221	      0.05321806
     10.52000000	      0.01792673	      0.03155835	      0.05308349
     10.52400000	      0.01790796	      0.03154182	      0.05332802
     10.52800000	      0.01788932	      0.03152540	      0.05322134
     10.53200000	      0.01787890	      0.03151622	      0.05332393
     10.53600000	      0.01786406	      0.03150314	      0.05314941
     10.54000000	      0.01784866	      0.03148956	      0.05309461
     10.54400000	      0.01783070	      0.03147371	      0.05329747
     10.54800000	      0.01782160	      0.03146568	      0.05323128
     10.55200000	      0.01780930	      0.03145482	      0.05328793
     10.55600000	      0.01779938	      0.03144605	      0.05321142
     10.56000000	      0.01776554	      0.03141615	      0.05317708
     10.56400000	      0.01772307	      0.03137858	      0.05324882
     10.56800000	      0.01773601	      0.03139003	      0.05322678
     10.57200000	      0.01771969	      0.03137559	      0.05336047
     10.57600000	      0.01769755	      0.03135597	      0.05335820
     10.58000000	      0.01768806	      0.03134757	      0.05344872
     10.58400000	      0.01771154	      0.03136837	      0.05366533
     10.58800000	      0.01770491	      0.03136249	      0.05373059
     10.59200000	      0.01768245	      0.03134260	      0.05369125
     10.59600000	      0.01764808	      0.03131212	      0.05362896
     10.60000000	      0.01762723	      0.03129362	      0.05404403
     10.60400000	      0.01762425	      0.03129097	      0.05386247
     10.60800000	      0.01753503	      0.03121167	      0.05377130
     10.61200000	      0.01737546	      0.03106933	      0.05397817
     10.61600000	      0.01738140	      0.03107464	      0.05395515
     10.62000000	      0.01748793	      0.03116972	      0.05388637
     10.62400000	      0.01748589	      0.03116791	      0.05382137
     10.62800000	      0.01747175	      0.03115530	      0.05384374
     10.63200000	      0.01745713	      0.03114227	      0.05392545
     10.63600000	      0.01746069	      0.03114543	      0.05392254
     10.64000000	      0.01742488	      0.03111348	      0.05409191
     10.64400000	      0.01739526	      0.03108703	      0.05409284
     10.64800000	      0.01737936	      0.03107281	      0.05412417
     10.65200000	      0.01732003	      0.03101973	      0.05380201
     10.65600000	      0.01725377	      0.03096034	      0.05343444
     10.66000000	      0.01727101	      0.03097581	      0.05406618
     10.66400000	      0.01723654	      0.03094488	      0.05398902
     10.66800000	      0.01728516	      0.03098849	      0.05465369
     10.67200000	      0.01726272	      0.03096837	      0.05484032
     10.67600000	      0.01723645	      0.03094480	      0.05479575
     10.68000000	      0.01719402	      0.03090668	      0.05443417
     10.68400000	      0.01710011	      0.03082217	      0.05367302
     10.68800000	      0.01708061	      0.03080459	      0.05354403
     10.69200000	      0.01709852	      0.03082073	      0.05344330
     10.69600000	      0.01708933	      0.03081245	      0.05361416
     10.70000000	      0.01706049	      0.03078644	      0.05356401
     10.70400000	      0.01701127	      0.03074200	      0.05364939
     10.70800000	      0.01698408	      0.03071742	      0.05362313
     10.71200000	      0.01697149	      0.03070603	      0.05381508
     10.71600000	      0.01698606	      0.03071921	      0.05390125
     10.72000000	      0.01696108	      0.03069661	      0.05383538
     10.72400000	      0.01688999	      0.03063222	      0.05371774
     10.72800000	      0.01688326	      0.03062611	      0.05381595
     10.73200000	      0.01687073	      0.03061475	      0.05370107
     10.73600000	      0.01687111	      0.03061509	      0.05382336
     10.74000000	      0.01681989	      0.03056858	      0.05370825
     10.74400000	      0.01673293	      0.03048946	      0.05361511
     10.74800000	      0.01671012	      0.03046867	      0.05356235
     10.75200000	      0.01661904	      0.03038552	      0.05390893
     10.75600000	      0.01661466	      0.03038152	      0.05380741
     10.76000000	      0.01662026	      0.03038664	      0.05397012
     10.76400000	      0.01662706	      0.03039286	      0.05422459
     10.76800000	      0.01663195	      0.03039733	      0.05429437
     10.77200000	      0.01663492	      0.03040003	      0.05444501
     10.77600000	      0.01663692	      0.03040186	      0.05464998
     10.78000000	      0.01667299	      0.03043480	      0.05499612
     10.78400000	      0.01675414	      0.03050878	      0.05584143
     10.78800000	      0.01680201	      0.03055234	      0.05624903
     10.79200000	      0.01679871	      0.03054933	      0.05646870
     10.79600000	      0.01667501	      0.03043665	      0.05566338
     10.80000000	      0.01669673	      0.03045646	      0.05525598
     10.80400000	      0.01667784	      0.03043923	      0.05520461
     10.80800000	      0.01666153	      0.03042434	      0.05520999
     10.81200000	      0.01664492	      0.03040918	      0.05517213
     10.81600000	      0.01658767	      0.03035683	      0.05489372
     10.82000000	      0.01652256	      0.03029720	      0.05444898
     10.82400000	      0.01656651	      0.03033747	      0.05503177
     10.82800000	      0.01651037	      0.03028602	      0.05503145
     10.83200000	      0.01638932	      0.03017479	      0.05428874
     10.83600000	      0.01634308	      0.03013219	      0.05412285
     10.84000000	      0.01634018	      0.03012952	      0.05420730
     10.84400000	      0.01638344	      0.03016937	      0.05439397
     10.84800000	      0.01638111	      0.03016723	      0.05451052
     10.85200000	      0.01637051	      0.03015747	      0.05454265
     10.85600000	      0.01635514	      0.03014331	      0.05457627
     10.86000000	      0.01634061	      0.03012991	      0.05461306
     10.86400000	      0.01631961	      0.03011055	      0.05472930
     10.86800000	      0.01630267	      0.03009492	      0.05470982
     10.87200000	      0.01627646	      0.03007071	      0.05477685
     10.87600000	      0.01623480	      0.03003220	      0.05478060
     10.88000000	      0.01621986	      0.03001838	      0.05480840
     10.88400000	      0.01623252	      0.03003010	      0.05475783
     10.88800000	      0.01621603	      0.03001483	      0.05479568
     10.89200000	      0.01620108	      0.03000100	      0.05477796
     10.89600000	      0.01618492	      0.02998604	      0.05481844
     10.90000000	      0.01616802	      0.02997037	      0.05483544
     10.90400000	      0.01615120	      0.02995478	      0.05489289
     10.90800000	      0.01613898	      0.02994344	      0.05492557
     10.91200000	      0.01611036	      0.02991689	      0.05496476
     10.91600000	      0.01606917	      0.02987861	      0.05498260
     10.92000000	      0.01604203	      0.02985337	      0.05500453
     10.92400000	      0.01602270	      0.02983538	      0.05503233
     10.92800000	      0.01602034	      0.02983318	      0.05509066
     10.93200000	      0.01603794	      0.02984957	      0.05507875
     10.93600000	      0.01602933	      0.02984156	      0.05514019
     10.94000000	      0.01601064	      0.02982415	      0.05517681
     10.94400000	      0.01599177	      0.02980658	      0.05515333
     10.94800000	      0.01595741	      0.02977453	      0.05518814
     10.95200000	      0.01591509	      0.02973503	      0.05548423
     10.95600000	      0.01590420	      0.02972485	      0.05554918
     10.96000000	      0.01588233	      0.02970441	      0.05552572
     10.96400000	      0.01586322	      0.02968653	      0.05551724
     10.96800000	      0.01583698	      0.02966197	      0.05547835
     10.97200000	      0.01582859	      0.02965411	      0.05556185
     10.97600000	      0.01580490	      0.02963191	      0.05550753
     10.98000000	      0.01579975	      0.02962708	      0.05568729
     10.98400000	      0.01576996	      0.02959914	      0.05550840
     10.98800000	      0.01575349	      0.02958368	      0.05554242
     10.99200000	      0.01575202	      0.02958229	      0.05565909
     10.99600000	      0.01574434	      0.02957509	      0.05562436
     11.00000000	      0.01575500	      0.02958510	      0.05564062
     11.00400000	      0.01575685	      0.02958683	      0.05555739
     11.00800000	      0.01574667	      0.02957727	      0.05557433
     11.01200000	      0.01572282	      0.02955487	      0.05560558
     11.01600000	      0.01571216	      0.02954484	      0.05566752
     11.02000000	      0.01569998	      0.02953339	      0.05563430
     11.02400000	      0.01569831	      0.02953182	      0.05557642
     11.02800000	      0.01568023	      0.02951481	      0.05541149
     11.03200000	      0.01566917	      0.02950440	      0.05537535
     11.03600000	      0.01564877	      0.02948518	      0.05541251
     11.04000000	      0.01563476	      0.02947198	      0.05551684
     11.04400000	      0.01559771	      0.02943704	      0.05550385
     11.04800000	      0.01559099	      0.02943070	      0.05550434
     11.05200000	      0.01558005	      0.02942037	      0.05553686
     11.05600000	      0.01555727	      0.02939886	      0.05553223
     11.06000000	      0.01552855	      0.02937170	      0.05560262
     11.06400000	      0.01550721	      0.02935152	      0.05559786
     11.06800000	      0.01548900	      0.02933428	      0.05556074
     11.07200000	      0.01547057	      0.02931682	      0.05563975
     11.07600000	      0.01546587	      0.02931237	      0.05549627
     11.08000000	      0.01545741	      0.02930436	      0.05552135
     11.08400000	      0.01544526	      0.02929283	      0.05554622
     11.08800000	      0.01544185	      0.02928960	      0.05554440
     11.09200000	      0.01542684	      0.02927536	      0.05531597
     11.09600000	      0.01537247	      0.02922373	      0.05529788
     11.10000000	      0.01534624	      0.02919878	      0.05535893
     11.10400000	      0.01532875	      0.02918214	      0.05529109
     11.10800000	      0.01531370	      0.02916781	      0.05537412
     11.11200000	      0.01530743	      0.02916183	      0.05540743
     11.11600000	      0.01530513	      0.02915965	      0.05541200
     11.12000000	      0.01529645	      0.02915138	      0.05525579
     11.12400000	      0.01526849	      0.02912472	      0.05520365
     11.12800000	      0.01524989	      0.02910698	      0.05507737
     11.13200000	      0.01523125	      0.02908918	      0.05526346
     11.13600000	      0.01523177	      0.02908968	      0.05515046
     11.14000000	      0.01522391	      0.02908217	      0.05515990
     11.14400000	      0.01518403	      0.02904406	      0.05528709
     11.14800000	      0.01514666	      0.02900830	      0.05538035
     11.15200000	      0.01512628	      0.02898877	      0.05522047
     11.15600000	      0.01512182	      0.02898450	      0.05518224
     11.16000000	      0.01510429	      0.02896769	      0.05509812
     11.16400000	      0.01507593	      0.02894048	      0.05521482
     11.16800000	      0.01505846	      0.02892371	      0.05523572
     11.17200000	      0.01505725	      0.02892255	      0.05508140
     11.17600000	      0.01506143	      0.02892656	      0.05503319
     11.18000000	      0.01505603	      0.02892138	      0.05495691
     11.18400000	      0.01504257	      0.02890845	      0.05519518
     11.18800000	      0.01503212	      0.02889841	      0.05506708
     11.19200000	      0.01502405	      0.02889065	      0.05507766
     11.19600000	      0.01499774	      0.02886534	      0.05499238
     11.20000000	      0.01496078	      0.02882975	      0.05524272
     11.20400000	      0.01496045	      0.02882943	      0.05522595
     11.20800000	      0.01495524	      0.02882441	      0.05514520
     11.21200000	      0.01495677	      0.02882589	      0.05512478
     11.21600000	      0.01495478	      0.02882397	      0.05504460
     11.22000000	      0.01495259	      0.02882185	      0.05506227
     11.22400000	      0.01495869	      0.02882773	      0.05525296
     11.22800000	      0.01495554	      0.02882470	      0.05519722
     11.23200000	      0.01493302	      0.02880299	      0.05534895
     11.23600000	      0.01491071	      0.02878147	      0.05533610
     11.24000000	      0.01491303	      0.02878370	      0.05519021
     11.24400000	      0.01488324	      0.02875494	      0.05519842
     11.24800000	      0.01486130	      0.02873374	      0.05545323
     11.25200000	      0.01484912	      0.02872196	      0.05540312
     11.25600000	      0.01483572	      0.02870900	      0.05523431
     11.26000000	      0.01482663	      0.02870020	      0.05519174
     11.26400000	      0.01480583	      0.02868007	      0.05535226
     11.26800000	      0.01478873	      0.02866349	      0.05529792
     11.27200000	      0.01477479	      0.02864998	      0.05524467
     11.27600000	      0.01477145	      0.02864675	      0.05548158
     11.28000000	      0.01478918	      0.02866394	      0.05534462
     11.28400000	      0.01478106	      0.02865607	      0.05530859
     11.28800000	      0.01476509	      0.02864058	      0.05521405
     11.29200000	      0.01479543	      0.02866999	      0.05539017
     11.29600000	      0.01480042	      0.02867483	      0.05535464
     11.30000000	      0.01478324	      0.02865818	      0.05524923
     11.30400000	      0.01474444	      0.02862055	      0.05525944
     11.30800000	      0.01475456	      0.02863037	      0.05554013
     11.31200000	      0.01483989	      0.02871303	      0.05551400
     11.31600000	      0.01486077	      0.02873323	      0.05537230
     11.32000000	      0.01486724	      0.02873948	      0.05539297
     11.32400000	      0.01487674	      0.02874867	      0.05555572
     11.32800000	      0.01491036	      0.02878113	      0.05549834
     11.33200000	      0.01490973	      0.02878052	      0.05549896
     11.33600000	      0.01490688	      0.02877777	      0.05545051
     11.34000000	      0.01489598	      0.02876725	      0.05535327
     11.34400000	      0.01488862	      0.02876014	      0.05531520
     11.34800000	      0.01488956	      0.02876105	      0.05554855
     11.35200000	      0.01487219	      0.02874427	      0.05552031
     11.35600000	      0.01483513	      0.02870843	      0.05547083
     11.36000000	      0.01482529	      0.02869890	      0.05545818
     11.36400000	      0.01480927	      0.02868339	      0.05566692
     11.36800000	      0.01479916	      0.02867360	      0.05563099
     11.37200000	      0.01478845	      0.02866323	      0.05548370
     11.37600000	      0.01479261	      0.02866726	      0.05543607
     11.38000000	      0.01480296	      0.02867729	      0.05557626
     11.38400000	      0.01479750	      0.02867199	      0.05553327
     11.38800000	      0.01478216	      0.02865713	      0.05547327
     11.39200000	      0.01473200	      0.02860847	      0.05564762
     11.39600000	      0.01472290	      0.02859963	      0.05570696
     11.40000000	      0.01471314	      0.02859015	      0.05564267
     11.40400000	      0.01466948	      0.02854770	      0.05562428
     11.40800000	      0.01456160	      0.02844253	      0.05566260
     11.41200000	      0.01449975	      0.02838206	      0.05565028
     11.41600000	      0.01449042	      0.02837293	      0.05545102
     11.42000000	      0.01448588	      0.02836849	      0.05545695
     11.42400000	      0.01448638	      0.02836898	      0.05539442
     11.42800000	      0.01450006	      0.02838237	      0.05535867
     11.43200000	      0.01447625	      0.02835905	      0.05565948
     11.43600000	      0.01444939	      0.02833273	      0.05559651
     11.44000000	      0.01443780	      0.02832137	      0.05560746
     11.44400000	      0.01443212	      0.02831580	      0.05557839
     11.44800000	      0.01441924	      0.02830316	      0.05582604
     11.45200000	      0.01441202	      0.02829608	      0.05584717
     11.45600000	      0.01442035	      0.02830425	      0.05566819
     11.46000000	      0.01445206	      0.02833535	      0.05566761
     11.46400000	      0.01445323	      0.02833650	      0.05582023
     11.46800000	      0.01445138	      0.02833469	      0.05583360
     11.47200000	      0.01444620	      0.02832960	      0.05578316
     11.47600000	      0.01444200	      0.02832548	      0.05577730
     11.48000000	      0.01444133	      0.02832483	      0.05575156
     11.48400000	      0.01444470	      0.02832814	      0.05587433
     11.48800000	      0.01442121	      0.02830510	      0.05579889
     11.49200000	      0.01439284	      0.02827724	      0.05584715
     11.49600000	      0.01439220	      0.02827661	      0.05585400
     11.50000000	      0.01433536	      0.02822072	      0.05579295
     11.50400000	      0.01430853	      0.02819430	      0.05567600
     11.50800000	      0.01438704	      0.02827154	      0.05570907
     11.51200000	      0.01440418	      0.02828838	      0.05575336
     11.51600000	      0.01439752	      0.02828184	      0.05571937
     11.52000000	      0.01438449	      0.02826904	      0.05576858
     11.52400000	      0.01434082	      0.02822609	      0.05583822
     11.52800000	      0.01433004	      0.02821548	      0.05584978
     11.53200000	      0.01433260	      0.02821800	      0.05596426
     11.53600000	      0.01434352	      0.02822874	      0.05598567
     11.54000000	      0.01435949	      0.02824446	      0.05595131
     11.54400000	      0.01439224	      0.02827665	      0.05585897
     11.54800000	      0.01435512	      0.02824016	      0.05586868
     11.55200000	      0.01427014	      0.02815645	      0.05566276
     11.55600000	      0.01423538	      0.02812213	      0.05568145
     11.56000000	      0.01422802	      0.02811486	      0.05576901
     11.56400000	      0.01425549	      0.02814199	      0.05594122
     11.56800000	      0.01418722	      0.02807453	      0.05595479
     11.57200000	      0.01420443	      0.02809154	      0.05594862
     11.57600000	      0.01428266	      0.02816880	      0.05592663
     11.58000000	      0.01431169	      0.02819741	      0.05591618
     11.58400000	      0.01430261	      0.02818846	      0.05593149
     11.58800000	      0.01426645	      0.02815280	      0.05564144
     11.59200000	      0.01425831	      0.02814477	      0.05555899
     11.59600000	      0.01425835	      0.02814482	      0.05554490
     11.60000000	      0.01428946	      0.02817550	      0.05557511
     11.60400000	      0.01435046	      0.02823558	      0.05584398
     11.60800000	      0.01433851	      0.02822382	      0.05599795
     11.61200000	      0.01434674	      0.02823192	      0.05598740
     11.61600000	      0.01435830	      0.02824329	      0.05596207
     11.62000000	      0.01433127	      0.02821669	      0.05601098
     11.62400000	      0.01432507	      0.02821059	      0.05600731
     11.62800000	      0.01432498	      0.02821050	      0.05599347
     11.63200000	      0.01432526	      0.02821078	      0.05603175
     11.63600000	      0.01432778	      0.02821326	      0.05600352
     11.64000000	      0.01432824	      0.02821370	      0.05597482
     11.64400000	      0.01432629	      0.02821179	      0.05594100
     11.64800000	      0.01433184	      0.02821726	      0.05592649
     11.65200000	      0.01432126	      0.02820683	      0.05577227
     11.65600000	      0.01431554	      0.02820120	      0.05573055
     11.66000000	      0.01432694	      0.02821243	      0.05575454
     11.66400000	      0.01433233	      0.02821774	      0.05588723
     11.66800000	      0.01433920	      0.02822450	      0.05586761
     11.67200000	      0.01434674	      0.02823192	      0.05565367
     11.67600000	      0.01437106	      0.02825583	      0.05564198
     11.68000000	      0.01435826	      0.02824325	      0.05576224
     11.68400000	      0.01436635	      0.02825120	      0.05575078
     11.68800000	      0.01435626	      0.02824128	      0.05560916
     11.69200000	      0.01435802	      0.02824302	      0.05560752
     11.69600000	      0.01435831	      0.02824330	      0.05570288
     11.70000000	      0.01436941	      0.02825421	      0.05558194
     11.70400000	      0.01438078	      0.02826539	      0.05543180
     11.70800000	      0.01439425	      0.02827862	      0.05542800
     11.71200000	      0.01445006	      0.02833339	      0.05530929
     11.71600000	      0.01445412	      0.02833737	      0.05533832
     11.72000000	      0.01444271	      0.02832618	      0.05538056
     11.72400000	      0.01443567	      0.02831928	      0.05544774
     11.72800000	      0.01444106	      0.02832457	      0.05542909
     11.73200000	      0.01444515	      0.02832858	      0.05554797
     11.73600000	      0.01444702	      0.02833041	      0.05533908
     11.74000000	      0.01445747	      0.02834065	      0.05534783
     11.74400000	      0.01447489	      0.02835773	      0.05551515
     11.74800000	      0.01448426	      0.02836690	      0.05547552
     11.75200000	      0.01449414	      0.02837658	      0.05551095
     11.75600000	      0.01449777	      0.02838013	      0.05522870
     11.76000000	      0.01455652	      0.02843758	      0.05537718
     11.76400000	      0.01463171	      0.02851092	      0.05539509
     11.76800000	      0.01460806	      0.02848787	      0.05547024
     11.77200000	      0.01470129	      0.02857864	      0.05526291
     11.77600000	      0.01473524	      0.02861161	      0.05537217
     11.78000000	      0.01474840	      0.02862439	      0.05522050
     11.78400000	      0.01470834	      0.02858549	      0.05535477
     11.78800000	      0.01461153	      0.02849126	      0.05532534
     11.79200000	      0.01458626	      0.02846660	      0.05513977
     11.79600000	      0.01459521	      0.02847534	      0.05539921
     11.80000000	      0.01464493	      0.02852380	      0.05558123
     11.80400000	      0.01466923	      0.02854745	      0.05524018
     11.80800000	      0.01474071	      0.02861692	      0.05518327
     11.81200000	      0.01482151	      0.02869525	      0.05523302
     11.81600000	      0.01482943	      0.02870292	      0.05532960
     11.82000000	      0.01478189	      0.02865687	      0.05545722
     11.82400000	      0.01477154	      0.02864683	      0.05521067
     11.82800000	      0.01477538	      0.02865056	      0.05529776
     11.83200000	      0.01479143	      0.02866611	      0.05539636
     11.83600000	      0.01480894	      0.02868308	      0.05525836
     11.84000000	      0.01482563	      0.02869923	      0.05541884
     11.84400000	      0.01481201	      0.02868605	      0.05545939
     11.84800000	      0.01487374	      0.02874576	      0.05520975
     11.85200000	      0.01489756	      0.02876877	      0.05528091
     11.85600000	      0.01490403	      0.02877502	      0.05534794
     11.86000000	      0.01491786	      0.02878837	      0.05539779
     11.86400000	      0.01492481	      0.02879507	      0.05555826
     11.86800000	      0.01490699	      0.02877788	      0.05569267
     11.87200000	      0.01491177	      0.02878249	      0.05571838
     11.87600000	      0.01491773	      0.02878824	      0.05577434
     11.88000000	      0.01492214	      0.02879250	      0.05593938
     11.88400000	      0.01492913	      0.02879923	      0.05584490
     11.88800000	      0.01493796	      0.02880775	      0.05594773
     11.89200000	      0.01498346	      0.02885159	      0.05593012
     11.89600000	      0.01508578	      0.02894994	      0.05591124
     11.90000000	      0.01514217	      0.02900399	      0.05613610
     11.90400000	      0.01516404	      0.02902493	      0.05606270
     11.90800000	      0.01518126	      0.02904140	      0.05598865
     11.91200000	      0.01519699	      0.02905645	      0.05605143
     11.91600000	      0.01522192	      0.02908027	      0.05586800
     11.92000000	      0.01522244	      0.02908077	      0.05601622
     11.92400000	      0.01521964	      0.02907810	      0.05621532
     11.92800000	      0.01522830	      0.02908636	      0.05614383
     11.93200000	      0.01523575	      0.02909348	      0.05626226
     11.93600000	      0.01524435	      0.02910169	      0.05622418
     11.94000000	      0.01526033	      0.02911693	      0.05627365
     11.94400000	      0.01528516	      0.02914062	      0.05619765
     11.94800000	      0.01529724	      0.02915213	      0.05629294
     11.95200000	      0.01531475	      0.02916881	      0.05624935
     11.95600000	      0.01533449	      0.02918760	      0.05633639
     11.96000000	      0.01534112	      0.02919391	      0.05630678
     11.96400000	      0.01534086	      0.02919366	      0.05629782
     11.96800000	      0.01531686	      0.02917082	      0.05636262
     11.97200000	      0.01529268	      0.02914778	      0.05642042
     11.97600000	      0.01531926	      0.02917311	      0.05638235
     11.98000000	      0.01533197	      0.02918520	      0.05645875
     11.98400000	      0.01534083	      0.02919363	      0.05643464
     11.98800000	      0.01535108	      0.02920339	      0.05642532
     11.99200000	      0.01538523	      0.02923585	      0.05645252
     11.99600000	      0.01539934	      0.02924926	      0.05652666
     12.00000000	      0.01540749	      0.02925700	      0.05651085
     12.00400000	      0.01542839	      0.02927683	      0.05650773
     12.00800000	      0.01547140	      0.02931761	      0.05655028
     12.01200000	      0.01550159	      0.02934620	      0.05669471
     12.01600000	      0.01552388	      0.02936729	      0.05668887
     12.02000000	      0.01553694	      0.02937964	      0.05673658
     12.02400000	      0.01554665	      0.02938882	      0.05671403
     12.02800000	      0.01554860	      0.02939067	      0.05662415
     12.03200000	      0.01556342	      0.02940467	      0.05664696
     12.03600000	      0.01558587	      0.02942587	      0.05672693
     12.04000000	      0.01560021	      0.02943941	      0.05677548
     12.04400000	      0.01561854	      0.02945669	      0.05671148
     12.04800000	      0.01562614	      0.02946386	      0.05639804
     12.05200000	      0.01561541	      0.02945374	      0.05630326
     12.05600000	      0.01559460	      0.02943411	      0.05628802
     12.06000000	      0.01559233	      0.02943196	      0.05606184
     12.06400000	      0.01558760	      0.02942750	      0.05604193
     12.06800000	      0.01557752	      0.02941798	      0.05592014
     12.07200000	      0.01562340	      0.02946127	      0.05597290
     12.07600000	      0.01564188	      0.02947869	      0.05593648
     12.08000000	      0.01562108	      0.02945908	      0.05557341
     12.08400000	      0.01563320	      0.02947051	      0.05553459
     12.08800000	      0.01563215	      0.02946952	      0.05534030
     12.09200000	      0.01564932	      0.02948571	      0.05525276
     12.09600000	      0.01569538	      0.02952907	      0.05519469
     12.10000000	      0.01575299	      0.02958321	      0.05512983
     12.10400000	      0.01577587	      0.02960468	      0.05517400
     12.10800000	      0.01578725	      0.02961536	      0.05519080
     12.11200000	      0.01580534	      0.02963232	      0.05511549
     12.11600000	      0.01581166	      0.02963825	      0.05513030
     12.12000000	      0.01580598	      0.02963292	      0.05510743
     12.12400000	      0.01578156	      0.02961002	      0.05497725
     12.12800000	      0.01576631	      0.02959571	      0.05484082
     12.13200000	      0.01577575	      0.02960457	      0.05480997
     12.13600000	      0.01578554	      0.02961375	      0.05471006
     12.14000000	      0.01579943	      0.02962678	      0.05458486
     12.14400000	      0.01581523	      0.02964159	      0.05455227
     12.14800000	      0.01582616	      0.02965183	      0.05452313
     12.15200000	      0.01584070	      0.02966545	      0.05452088
     12.15600000	      0.01584926	      0.02967346	      0.05449905
     12.16000000	      0.01586460	      0.02968782	      0.05444849
     12.16400000	      0.01588713	      0.02970889	      0.05430801
     12.16800000	      0.01589643	      0.02971759	      0.05444859
     12.17200000	      0.01590305	      0.02972378	      0.05444495
     12.17600000	      0.01590999	      0.02973026	      0.05441637
     12.18000000	      0.01592214	      0.02974161	      0.05444553
     12.18400000	      0.01590587	      0.02972641	      0.05443099
     12.18800000	      0.01591951	      0.02973916	      0.05453106
     12.19200000	      0.01595138	      0.02976890	      0.05435373
     12.19600000	      0.01596447	      0.02978112	      0.05433030
     12.20000000	      0.01597031	      0.02978657	      0.05450484
     12.20400000	      0.01599910	      0.02981340	      0.05442088
     12.20800000	      0.01603360	      0.02984553	      0.05442360
     12.21200000	      0.01604132	      0.02985271	      0.05456199
     12.21600000	      0.01603308	      0.02984504	      0.05444964
     12.22000000	      0.01602925	      0.02984148	      0.05456130
     12.22400000	      0.01603225	      0.02984427	      0.05463394
     12.22800000	      0.01602319	      0.02983584	      0.05444286
     12.23200000	      0.01603855	      0.02985013	      0.05434706
     12.23600000	      0.01612646	      0.02993183	      0.05453987
     12.24000000	      0.01617526	      0.02997709	      0.05456123
     12.24400000	      0.01615724	      0.02996039	      0.05442209
     12.24800000	      0.01614838	      0.02995216	      0.05443128
     12.25200000	      0.01612926	      0.02993443	      0.05458979
     12.25600000	      0.01611694	      0.02992300	      0.05443001
     12.26000000	      0.01609668	      0.02990418	      0.05455202
     12.26400000	      0.01609950	      0.02990680	      0.05456908
     12.26800000	      0.01607491	      0.02988396	      0.05436978
     12.27200000	      0.01602945	      0.02984167	      0.05432141
     12.27600000	      0.01558153	      0.02942177	      0.05644477
     12.28000000	      0.01558746	      0.02942737	      0.05657592
     12.28400000	      0.01558248	      0.02942267	      0.05653191
     12.28800000	      0.01559206	      0.02943171	      0.05663292
     12.29200000	      0.01560290	      0.02944194	      0.05666454
     12.29600000	      0.01561517	      0.02945351	      0.05638408
     12.30000000	      0.01563075	      0.02946821	      0.05655873
     12.30400000	      0.01564583	      0.02948242	      0.05641291
     12.30800000	      0.01567562	      0.02951047	      0.05638849
     12.31200000	      0.01569323	      0.02952704	      0.05652281
     12.31600000	      0.01573451	      0.02956585	      0.05640799
     12.32000000	      0.01580396	      0.02963102	      0.05651741
     12.32400000	      0.01580872	      0.02963549	      0.05660080
     12.32800000	      0.01580462	      0.02963164	      0.05644660
     12.33200000	      0.01579781	      0.02962526	      0.05656430
     12.33600000	      0.01577627	      0.02960506	      0.05653891
     12.34000000	      0.01577459	      0.02960349	      0.05632576
     12.34400000	      0.01639630	      0.03018121	      0.05405373
     12.34800000	      0.01640609	      0.03019022	      0.05386967
     12.35200000	      0.01641236	      0.03019599	      0.05388493
     12.35600000	      0.01644556	      0.03022652	      0.05390050
     12.36000000	      0.01643284	      0.03021483	      0.05387131
     12.36400000	      0.01645426	      0.03023451	      0.05394109
     12.36800000	      0.01664068	      0.03040530	      0.05400108
     12.37200000	      0.01680763	      0.03055744	      0.05420075
     12.37600000	      0.01691385	      0.03065385	      0.05430927
     12.38000000	      0.01697016	      0.03070483	      0.05416052
     12.38400000	      0.01699404	      0.03072642	      0.05425591
     12.38800000	      0.01701117	      0.03074191	      0.05429553
     12.39200000	      0.01701520	      0.03074555	      0.05419125
     12.39600000	      0.01702697	      0.03075618	      0.05423807
     12.40000000	      0.01703375	      0.03076230	      0.05430336
     12.40400000	      0.01704174	      0.03076952	      0.05413778
     12.40800000	      0.01707115	      0.03079606	      0.05419943
     12.41200000	      0.01708820	      0.03081144	      0.05422519
     12.41600000	      0.01709519	      0.03081773	      0.05412399
     12.42000000	      0.01711255	      0.03083338	      0.05415605
     12.42400000	      0.01712844	      0.03084769	      0.05423427
     12.42800000	      0.01717664	      0.03089106	      0.05413251
     12.43200000	      0.01729367	      0.03099612	      0.05425918
     12.43600000	      0.01732660	      0.03102561	      0.05430045
     12.44000000	      0.01732693	      0.03102592	      0.05407880
     12.44400000	      0.01732247	      0.03102192	      0.05418436
     12.44800000	      0.01731623	      0.03101633	      0.05424829
     12.45200000	      0.01730657	      0.03100768	      0.05408154
     12.45600000	      0.01730203	      0.03100361	      0.05418486
     12.46000000	      0.01729744	      0.03099950	      0.05424056
     12.46400000	      0.01729184	      0.03099448	      0.05408519
     12.46800000	      0.01728851	      0.03099149	      0.05414452
     12.47200000	      0.01728511	      0.03098845	      0.05395111
     12.47600000	      0.01727865	      0.03098266	      0.05398259
     12.48000000	      0.01729214	      0.03099475	      0.05382564
     12.48400000	      0.01737281	      0.03106696	      0.05385052
     12.48800000	      0.01745650	      0.03114170	      0.05400057
     12.49200000	      0.01752577	      0.03120343	      0.05414770
     12.49600000	      0.01742550	      0.03111404	      0.05429170
     12.50000000	      0.01740304	      0.03109398	      0.05459334
     12.50400000	      0.01741948	      0.03110867	      0.05464381
     12.50800000	      0.01743997	      0.03112695	      0.05472956
     12.51200000	      0.01746672	      0.03115081	      0.05483177
     12.51600000	      0.01747722	      0.03116018	      0.05506163
     12.52000000	      0.01749392	      0.03117506	      0.05508246
     12.52400000	      0.01751285	      0.03119192	      0.05515674
     12.52800000	      0.01752232	      0.03120036	      0.05535977
     12.53200000	      0.01753864	      0.03121488	      0.05542448
     12.53600000	      0.01755552	      0.03122990	      0.05567942
     12.54000000	      0.01756754	      0.03124059	      0.05571682
     12.54400000	      0.01757876	      0.03125056	      0.05576933
     12.54800000	      0.01759198	      0.03126231	      0.05585110
     12.55200000	      0.01760374	      0.03127276	      0.05592601
     12.55600000	      0.01760536	      0.03127420	      0.05612896
     12.56000000	      0.01756141	      0.03123514	      0.05578212
     12.56400000	      0.01746668	      0.03115078	      0.05508962
     12.56800000	      0.01744539	      0.03113179	      0.05496130
     12.57200000	      0.01744366	      0.03113025	      0.05496133
     12.57600000	      0.01745207	      0.03113775	      0.05501539
     12.58000000	      0.01746421	      0.03114858	      0.05523300
     12.58400000	      0.01746358	      0.03114802	      0.05521292
     12.58800000	      0.01745902	      0.03114395	      0.05530625
     12.59200000	      0.01746873	      0.03115261	      0.05533772
     12.59600000	      0.01750008	      0.03118055	      0.05558364
     12.60000000	      0.01752982	      0.03120703	      0.05572109
     12.60400000	      0.01747406	      0.03115736	      0.05540667
     12.60800000	      0.01746676	      0.03115086	      0.05534766
     12.61200000	      0.01747069	      0.03115436	      0.05534723
     12.61600000	      0.01748165	      0.03116413	      0.05536784
     12.62000000	      0.01750261	      0.03118281	      0.05543298
     12.62400000	      0.01747956	      0.03116226	      0.05552461
     12.62800000	      0.01744712	      0.03113334	      0.05530168
     12.63200000	      0.01744528	      0.03113169	      0.05534550
     12.63600000	      0.01749057	      0.03117207	      0.05553789
     12.64000000	      0.01760659	      0.03127529	      0.05565152
     12.64400000	      0.01769864	      0.03135695	      0.05598307
     12.64800000	      0.01770592	      0.03136339	      0.05593577
     12.65200000	      0.01772779	      0.03138276	      0.05592054
     12.65600000	      0.01773540	      0.03138949	      0.05593410
     12.66000000	      0.01773971	      0.03139330	      0.05597365
     12.66400000	      0.01774366	      0.03139680	      0.05601365
     12.66800000	      0.01774898	      0.03140150	      0.05608730
     12.67200000	      0.01777291	      0.03142267	      0.05624913
     12.67600000	      0.01776306	      0.03141396	      0.05623062
     12.68000000	      0.01777225	      0.03142209	      0.05611094
     12.68400000	      0.01776651	      0.03141700	      0.05612590
     12.68800000	      0.01776270	      0.03141364	      0.05619255
     12.69200000	      0.01777945	      0.03142844	      0.05618852
     12.69600000	      0.01778763	      0.03143568	      0.05620752
     12.70000000	      0.01778502	      0.03143337	      0.05621951
     12.70400000	      0.01778034	      0.03142923	      0.05621472
     12.70800000	      0.01773319	      0.03138753	      0.05602142
     12.71200000	      0.01763102	      0.03129698	      0.05610309
     12.71600000	      0.01760183	      0.03127107	      0.05603077
     12.72000000	      0.01758985	      0.03126042	      0.05606760
     12.72400000	      0.01757163	      0.03124423	      0.05607072
     12.72800000	      0.01754086	      0.03121686	      0.05591901
     12.73200000	      0.01719869	      0.03091088	      0.05581740
     12.73600000	      0.01747527	      0.03115844	      0.05487960
     12.74000000	      0.01505664	      0.02892196	      0.05710352
     12.74400000	      0.01508050	      0.02894487	      0.05716097
     12.74800000	      0.01509328	      0.02895714	      0.05716095
     12.75200000	      0.01510026	      0.02896382	      0.05717613
     12.75600000	      0.01510687	      0.02897017	      0.05710248
     12.76000000	      0.01511171	      0.02897481	      0.05722691
     12.76400000	      0.01511764	      0.02898049	      0.05715264
     12.76800000	      0.01512696	      0.02898942	      0.05725911
     12.77200000	      0.01762621	      0.03129271	      0.05631238
     12.77600000	      0.01763045	      0.03129647	      0.05628503
     12.78000000	      0.01763316	      0.03129888	      0.05636772
     12.78400000	      0.01763600	      0.03130141	      0.05637310
     12.78800000	      0.01763657	      0.03130191	      0.05632085
     12.79200000	      0.01763845	      0.03130358	      0.05635698
     12.79600000	      0.01763939	      0.03130441	      0.05641293
     12.80000000	      0.01763601	      0.03130141	      0.05647929
     12.80400000	      0.01763148	      0.03129739	      0.05649938
     12.80800000	      0.01764621	      0.03131046	      0.05644672
     12.81200000	      0.01765489	      0.03131816	      0.05649359
     12.81600000	      0.01766074	      0.03132335	      0.05650624
     12.82000000	      0.01766503	      0.03132715	      0.05648093
     12.82400000	      0.01766777	      0.03132958	      0.05660765
     12.82800000	      0.01766895	      0.03133063	      0.05642499
     12.83200000	      0.01766775	      0.03132957	      0.05657872
     12.83600000	      0.01766772	      0.03132954	      0.05647160
     12.84000000	      0.01766882	      0.03133052	      0.05647636
     12.84400000	      0.01766846	      0.03133019	      0.05664449
     12.84800000	      0.01766498	      0.03132711	      0.05639507
     12.85200000	      0.01765349	      0.03131692	      0.05641583
     12.85600000	      0.01762723	      0.03129362	      0.05657768
     12.86000000	      0.01762318	      0.03129002	      0.05656391
     12.86400000	      0.01762920	      0.03129537	      0.05655164
     12.86800000	      0.01764301	      0.03130762	      0.05651268
     12.87200000	      0.01765740	      0.03132038	      0.05655625
     12.87600000	      0.01768117	      0.03134146	      0.05646496
     12.88000000	      0.01767413	      0.03133522	      0.05651721
     12.88400000	      0.01767168	      0.03133305	      0.05649136
     12.88800000	      0.01767288	      0.03133411	      0.05650126
     12.89200000	      0.01766352	      0.03132581	      0.05653093
     12.89600000	      0.01765600	      0.03131914	      0.05649750
     12.90000000	      0.01766087	      0.03132347	      0.05650749
     12.90400000	      0.01765574	      0.03131891	      0.05651354
     12.90800000	      0.01766642	      0.03132839	      0.05642704
     12.91200000	      0.01766767	      0.03132949	      0.05648884
     12.91600000	      0.01767125	      0.03133267	      0.05645693
     12.92000000	      0.01767958	      0.03134006	      0.05653557
     12.92400000	      0.01766960	      0.03133121	      0.05650718
     12.92800000	      0.01767123	      0.03133265	      0.05652552
     12.93200000	      0.01766322	      0.03132555	      0.05638894
     12.93600000	      0.01766244	      0.03132486	      0.05640887
     12.94000000	      0.01766373	      0.03132600	      0.05640422
     12.94400000	      0.01767059	      0.03133208	      0.05636298
     12.94800000	      0.01766834	      0.03133009	      0.05649717
     12.95200000	      0.01765589	      0.03131905	      0.05646641
     12.95600000	      0.01765379	      0.03131719	      0.05656335
     12.96000000	      0.01765658	      0.03131966	      0.05645114
     12.96400000	      0.01765629	      0.03131940	      0.05632705
     12.96800000	      0.01765539	      0.03131860	      0.05637516
     12.97200000	      0.01763825	      0.03130339	      0.05638253
     12.97600000	      0.01760108	      0.03127039	      0.05641237
     12.98000000	      0.01759951	      0.03126900	      0.05642979
     12.98400000	      0.01762024	      0.03128741	      0.05644031
     12.98800000	      0.01765542	      0.03131863	      0.05645446
     12.99200000	      0.01767057	      0.03133207	      0.05646014
     12.99600000	      0.01768208	      0.03134227	      0.05647473
     13.00000000	      0.01772983	      0.03138456	      0.05655586
     13.00400000	      0.01782943	      0.03147259	      0.05672141
     13.00800000	      0.01787395	      0.03151186	      0.05670594
     13.01200000	      0.01788362	      0.03152038	      0.05672248
     13.01600000	      0.01787652	      0.03151412	      0.05677334
     13.02000000	      0.01787263	      0.03151069	      0.05652938
     13.02400000	      0.01782660	      0.03147009	      0.05650540
     13.02800000	      0.01770822	      0.03136543	      0.05642276
     13.03200000	      0.01768460	      0.03134450	      0.05640675
     13.03600000	      0.01756908	      0.03124196	      0.05618752
     13.04000000	      0.01733475	      0.03103291	      0.05568966
     13.04400000	      0.01726738	      0.03097255	      0.05560726
     13.04800000	      0.01730214	      0.03100371	      0.05564954
     13.05200000	      0.01742929	      0.03111742	      0.05589678
     13.05600000	      0.01749029	      0.03117183	      0.05609062
     13.06000000	      0.01751237	      0.03119149	      0.05608740
     13.06400000	      0.01751629	      0.03119499	      0.05606961
     13.06800000	      0.01751033	      0.03118968	      0.05608142
     13.07200000	      0.01753299	      0.03120985	      0.05603910
     13.07600000	      0.01754704	      0.03122236	      0.05598600
     13.08000000	      0.01753981	      0.03121592	      0.05596566
     13.08400000	      0.01753153	      0.03120856	      0.05581048
     13.08800000	      0.01752983	      0.03120704	      0.05586461
     13.09200000	      0.01753272	      0.03120961	      0.05584304
     13.09600000	      0.01753628	      0.03121279	      0.05580734
     13.10000000	      0.01755706	      0.03123127	      0.05578249
     13.10400000	      0.01756973	      0.03124254	      0.05584118
     13.10800000	      0.01754938	      0.03122444	      0.05591080
     13.11200000	      0.01754895	      0.03122406	      0.05590333
     13.11600000	      0.01755821	      0.03123230	      0.05566401
     13.12000000	      0.01757381	      0.03124617	      0.05561886
     13.12400000	      0.01757287	      0.03124533	      0.05559566
     13.12800000	      0.01760234	      0.03127152	      0.05568024
     13.13200000	      0.01765503	      0.03131829	      0.05569145
     13.13600000	      0.01766166	      0.03132417	      0.05572764
     13.14000000	      0.01777848	      0.03142759	      0.05597048
     13.14400000	      0.01775371	      0.03140569	      0.05547643
     13.14800000	      0.01770493	      0.03136252	      0.05534666
     13.15200000	      0.01760021	      0.03126962	      0.05520761
     13.15600000	      0.01756016	      0.03123403	      0.05519189
     13.16000000	      0.01754947	      0.03122452	      0.05513832
     13.16400000	      0.01758893	      0.03125960	      0.05520573
     13.16800000	      0.01768693	      0.03134656	      0.05597077
     13.17200000	      0.01771051	      0.03136745	      0.05612326
     13.17600000	      0.01772074	      0.03137651	      0.05602637
     13.18000000	      0.01772249	      0.03137806	      0.05585202
     13.18400000	      0.01772993	      0.03138465	      0.05585561
     13.18800000	      0.01772644	      0.03138156	      0.05582649
     13.19200000	      0.01771978	      0.03137567	      0.05577218
     13.19600000	      0.01770988	      0.03136690	      0.05559019
     13.20000000	      0.01771690	      0.03137311	      0.05547410
     13.20400000	      0.01773309	      0.03138744	      0.05527467
     13.20800000	      0.01773011	      0.03138480	      0.05526474
     13.21200000	      0.01771818	      0.03137424	      0.05516056
     13.21600000	      0.01772059	      0.03137638	      0.05508020
     13.22000000	      0.01771473	      0.03137119	      0.05499952
     13.22400000	      0.01770719	      0.03136451	      0.05489994
     13.22800000	      0.01769004	      0.03134932	      0.05463294
     13.23200000	      0.01767302	      0.03133424	      0.05461067
     13.23600000	      0.01768291	      0.03134300	      0.05453824
     13.24000000	      0.01768589	      0.03134564	      0.05449104
     13.24400000	      0.01775578	      0.03140752	      0.05434433
     13.24800000	      0.01792212	      0.03155429	      0.05430907
     13.25200000	      0.01795161	      0.03158024	      0.05398035
     13.25600000	      0.01794467	      0.03157414	      0.05396001
     13.26000000	      0.01789756	      0.03153266	      0.05390436
     13.26400000	      0.01780926	      0.03145478	      0.05384161
     13.26800000	      0.01773490	      0.03138905	      0.05372174
     13.27200000	      0.01761290	      0.03128090	      0.05363156
     13.27600000	      0.01756353	      0.03123702	      0.05369404
     13.28000000	      0.01755213	      0.03122689	      0.05371642
     13.28400000	      0.01760354	      0.03127259	      0.05363038
     13.28800000	      0.01768595	      0.03134570	      0.05370007
     13.29200000	      0.01762296	      0.03128983	      0.05357999
     13.29600000	      0.01760322	      0.03127230	      0.05359185
     13.30000000	      0.01760117	      0.03127047	      0.05374293
     13.30400000	      0.01761518	      0.03128292	      0.05369947
     13.30800000	      0.01764311	      0.03130771	      0.05377537
     13.31200000	      0.01764869	      0.03131266	      0.05371153
     13.31600000	      0.01763828	      0.03130343	      0.05382081
     13.32000000	      0.01764779	      0.03131187	      0.05384487
     13.32400000	      0.01764765	      0.03131174	      0.05383853
     13.32800000	      0.01758906	      0.03125972	      0.05384990
     13.33200000	      0.01745153	      0.03113726	      0.05380082
     13.33600000	      0.01741374	      0.03110354	      0.05381079
     13.34000000	      0.01740286	      0.03109382	      0.05373970
     13.34400000	      0.01740231	      0.03109333	      0.05369711
     13.34800000	      0.01739542	      0.03108717	      0.05381751
     13.35200000	      0.01738882	      0.03108128	      0.05375141
     13.35600000	      0.01738078	      0.03107409	      0.05370597
     13.36000000	      0.01737345	      0.03106753	      0.05368528
     13.36400000	      0.01735756	      0.03105332	      0.05384620
     13.36800000	      0.01734407	      0.03104126	      0.05377839
     13.37200000	      0.01733549	      0.03103358	      0.05366672
     13.37600000	      0.01732531	      0.03102446	      0.05382651
     13.38000000	      0.01730862	      0.03100951	      0.05388597
     13.38400000	      0.01727631	      0.03098056	      0.05402785
     13.38800000	      0.01727358	      0.03097811	      0.05400948
     13.39200000	      0.01726243	      0.03096811	      0.05391803
     13.39600000	      0.01723331	      0.03094198	      0.05405672
     13.40000000	      0.01719403	      0.03090670	      0.05387726
     13.40400000	      0.01717993	      0.03089402	      0.05380932
     13.40800000	      0.01712749	      0.03084684	      0.05376308
     13.41200000	      0.01701534	      0.03074568	      0.05392274
     13.41600000	      0.01696220	      0.03069763	      0.05386274
     13.42000000	      0.01693996	      0.03067750	      0.05401319
     13.42400000	      0.01697369	      0.03070802	      0.05392767
     13.42800000	      0.01698965	      0.03072246	      0.05395054
     13.43200000	      0.01696393	      0.03069919	      0.05386929
     13.43600000	      0.01695087	      0.03068737	      0.05381144
     13.44000000	      0.01694774	      0.03068455	      0.05396368
     13.44400000	      0.01698462	      0.03071791	      0.05393402
     13.44800000	      0.01704664	      0.03077394	      0.05402367
     13.45200000	      0.01706289	      0.03078861	      0.05429596
     13.45600000	      0.01706884	      0.03079398	      0.05450458
     13.46000000	      0.01702932	      0.03075831	      0.05437336
     13.46400000	      0.01692870	      0.03066730	      0.05408871
     13.46800000	      0.01689445	      0.03063626	      0.05399292
     13.47200000	      0.01688397	      0.03062676	      0.05394865
     13.47600000	      0.01682615	      0.03057428	      0.05413555
     13.48000000	      0.01675297	      0.03050771	      0.05404069
     13.48400000	      0.01681660	      0.03056559	      0.05401350
     13.48800000	      0.01678308	      0.03053512	      0.05416352
     13.49200000	      0.01669396	      0.03045394	      0.05400394
     13.49600000	      0.01667487	      0.03043652	      0.05389256
     13.50000000	      0.01665569	      0.03041901	      0.05375637
     13.50400000	      0.01661416	      0.03038106	      0.05413033
     13.50800000	      0.01659526	      0.03036377	      0.05402653
     13.51200000	      0.01657776	      0.03034776	      0.05414671
     13.51600000	      0.01657086	      0.03034144	      0.05405522
     13.52000000	      0.01655923	      0.03033079	      0.05397168
     13.52400000	      0.01654735	      0.03031991	      0.05412066
     13.52800000	      0.01653299	      0.03030676	      0.05402145
     13.53200000	      0.01651815	      0.03029315	      0.05398544
     13.53600000	      0.01649869	      0.03027530	      0.05418880
     13.54000000	      0.01648350	      0.03026136	      0.05408325
     13.54400000	      0.01645477	      0.03023497	      0.05425105
     13.54800000	      0.01638736	      0.03017298	      0.05430655
     13.55200000	      0.01630919	      0.03010093	      0.05427991
     13.55600000	      0.01575368	      0.02958385	      0.05685426
     13.56000000	      0.01632966	      0.03011982	      0.05427680
     13.56400000	      0.01625795	      0.03005361	      0.05413929
     13.56800000	      0.01571573	      0.02954820	      0.05679778
     13.57200000	      0.01570912	      0.02954199	      0.05666685
     13.57600000	      0.01633417	      0.03012397	      0.05426487
     13.58000000	      0.01634026	      0.03012959	      0.05436083
     13.58400000	      0.01634236	      0.03013153	      0.05455093
     13.58800000	      0.01634728	      0.03013606	      0.05469707
     13.59200000	      0.01635042	      0.03013896	      0.05490384
     13.59600000	      0.01636267	      0.03015024	      0.05505759
     13.60000000	      0.01639437	      0.03017943	      0.05532843
     13.60400000	      0.01643557	      0.03021733	      0.05544956
     13.60800000	      0.01645296	      0.03023332	      0.05564114
     13.61200000	      0.01636478	      0.03015219	      0.05626019
     13.61600000	      0.01637479	      0.03016141	      0.05635290
     13.62000000	      0.01631884	      0.03010983	      0.05611786
     13.62400000	      0.01615861	      0.02996165	      0.05519198
     13.62800000	      0.01610675	      0.02991353	      0.05485758
     13.63200000	      0.01607865	      0.02988743	      0.05490907
     13.63600000	      0.01605900	      0.02986915	      0.05481852
     13.64000000	      0.01603501	      0.02984684	      0.05490718
     13.64400000	      0.01601766	      0.02983069	      0.05487407
     13.64800000	      0.01608668	      0.02989489	      0.05425769
     13.65200000	      0.01607976	      0.02988846	      0.05442645
     13.65600000	      0.01607413	      0.02988323	      0.05439688
     13.66000000	      0.01607295	      0.02988213	      0.05453229
     13.66400000	      0.01603267	      0.02984466	      0.05441724
     13.66800000	      0.01600257	      0.02981664	      0.05443519
     13.67200000	      0.01594982	      0.02976745	      0.05447176
     13.67600000	      0.01589401	      0.02971532	      0.05459949
     13.68000000	      0.01586964	      0.02969254	      0.05491346
     13.68400000	      0.01585513	      0.02967896	      0.05491673
     13.68800000	      0.01523527	      0.02909302	      0.05715328
     13.69200000	      0.01591425	      0.02973424	      0.05500273
     13.69600000	      0.01591402	      0.02973402	      0.05503386
     13.70000000	      0.01588841	      0.02971009	      0.05497064
     13.70400000	      0.01588096	      0.02970312	      0.05502601
     13.70800000	      0.01588062	      0.02970281	      0.05501796
     13.71200000	      0.01585958	      0.02968312	      0.05505872
     13.71600000	      0.01585713	      0.02968083	      0.05503523
     13.72000000	      0.01585107	      0.02967516	      0.05509110
     13.72400000	      0.01583689	      0.02966188	      0.05508264
     13.72800000	      0.01583477	      0.02965990	      0.05510552
     13.73200000	      0.01584049	      0.02966525	      0.05527821
     13.73600000	      0.01583466	      0.02965979	      0.05527823
     13.74000000	      0.01582210	      0.02964803	      0.05528240
     13.74400000	      0.01580893	      0.02963569	      0.05530274
     13.74800000	      0.01579609	      0.02962365	      0.05525703
     13.75200000	      0.01576133	      0.02959104	      0.05526893
     13.75600000	      0.01570724	      0.02954021	      0.05523071
     13.76000000	      0.01569650	      0.02953011	      0.05531187
     13.76400000	      0.01570077	      0.02953414	      0.05551029
     13.76800000	      0.01570631	      0.02953934	      0.05544415
     13.77200000	      0.01572160	      0.02955371	      0.05560633
     13.77600000	      0.01570442	      0.02953757	      0.05556358
     13.78000000	      0.01569545	      0.02952913	      0.05556211
     13.78400000	      0.01569424	      0.02952799	      0.05556519
     13.78800000	      0.01568407	      0.02951842	      0.05560433
     13.79200000	      0.01565884	      0.02949467	      0.05547497
     13.79600000	      0.01563359	      0.02947088	      0.05540151
     13.80000000	      0.01563527	      0.02947246	      0.05544766
     13.80400000	      0.01562918	      0.02946672	      0.05549629
     13.80800000	      0.01563285	      0.02947018	      0.05564277
     13.81200000	      0.01566422	      0.02949974	      0.05560317
     13.81600000	      0.01566395	      0.02949948	      0.05563572
     13.82000000	      0.01564486	      0.02948150	      0.05565611
     13.82400000	      0.01561409	      0.02945249	      0.05575456
     13.82800000	      0.01559199	      0.02943165	      0.05582014
     13.83200000	      0.01557093	      0.02941176	      0.05593315
     13.83600000	      0.01552935	      0.02937246	      0.05580723
     13.84000000	      0.01550001	      0.02934471	      0.05584755
     13.84400000	      0.01547999	      0.02932575	      0.05572555
     13.84800000	      0.01546379	      0.02931040	      0.05577192
     13.85200000	      0.01544733	      0.02929479	      0.05565981
     13.85600000	      0.01544780	      0.02929524	      0.05570303
     13.86000000	      0.01545963	      0.02930646	      0.05568721
     13.86400000	      0.01544424	      0.02929187	      0.05573712
     13.86800000	      0.01542877	      0.02927719	      0.05550490
     13.87200000	      0.01542722	      0.02927572	      0.05545238
     13.87600000	      0.01542316	      0.02927187	      0.05552242
     13.88000000	      0.01540288	      0.02925262	      0.05543904
     13.88400000	      0.01539143	      0.02924174	      0.05545125
     13.88800000	      0.01538462	      0.02923528	      0.05533115
     13.89200000	      0.01537013	      0.02922150	      0.05542299
     13.89600000	      0.01535144	      0.02920373	      0.05548546
     13.90000000	      0.01534036	      0.02919319	      0.05533820
     13.90400000	      0.01532985	      0.02918318	      0.05536439
     13.90800000	      0.01529856	      0.02915339	      0.05525983
     13.91200000	      0.01525482	      0.02911168	      0.05522394
     13.91600000	      0.01524068	      0.02909818	      0.05542900
     13.92000000	      0.01521305	      0.02907180	      0.05522599
     13.92400000	      0.01520636	      0.02906541	      0.05525462
     13.92800000	      0.01519544	      0.02905497	      0.05523037
     13.93200000	      0.01518369	      0.02904374	      0.05523041
     13.93600000	      0.01516914	      0.02902981	      0.05530974
     13.94000000	      0.01515462	      0.02901591	      0.05514599
     13.94400000	      0.01514262	      0.02900442	      0.05521370
     13.94800000	      0.01511978	      0.02898254	      0.05539026
     13.95200000	      0.01509012	      0.02895410	      0.05521475
     13.95600000	      0.01507116	      0.02893591	      0.05530647
     13.96000000	      0.01508294	      0.02894721	      0.05515144
     13.96400000	      0.01507657	      0.02894110	      0.05522782
     13.96800000	      0.01506784	      0.02893272	      0.05532041
     13.97200000	      0.01505112	      0.02891666	      0.05512231
     13.97600000	      0.01504195	      0.02890785	      0.05510403
     13.98000000	      0.01503815	      0.02890420	      0.05501050
     13.98400000	      0.01501836	      0.02888518	      0.05504478
     13.98800000	      0.01501072	      0.02887782	      0.05503192
     13.99200000	      0.01500378	      0.02887115	      0.05514371
     13.99600000	      0.01500269	      0.02887010	      0.05506831
     14.00000000	      0.01498974	      0.02885764	      0.05521024
     14.00400000	      0.01495715	      0.02882626	      0.05515756
     14.00800000	      0.01491873	      0.02878920	      0.05499784
     14.01200000	      0.01489646	      0.02876771	      0.05520301
     14.01600000	      0.01485707	      0.02872965	      0.05520709
     14.02000000	      0.01484249	      0.02871555	      0.05504939
     14.02400000	      0.01481279	      0.02868681	      0.05509840
     14.02800000	      0.01479352	      0.02866814	      0.05502643
     14.03200000	      0.01477864	      0.02865372	      0.05505350
     14.03600000	      0.01476701	      0.02864244	      0.05502909
     14.04000000	      0.01475306	      0.02862891	      0.05499549
     14.04400000	      0.01473578	      0.02861213	      0.05520974
     14.04800000	      0.01473851	      0.02861479	      0.05510649
     14.05200000	      0.01475450	      0.02863030	      0.05521912
     14.05600000	      0.01475502	      0.02863081	      0.05518873
     14.06000000	      0.01473983	      0.02861607	      0.05526004
     14.06400000	      0.01473062	      0.02860713	      0.05523139
     14.06800000	      0.01472450	      0.02860119	      0.05520872
     14.07200000	      0.01472321	      0.02859993	      0.05504397
     14.07600000	      0.01471758	      0.02859446	      0.05535243
     14.08000000	      0.01469546	      0.02857297	      0.05526676
     14.08400000	      0.01467910	      0.02855705	      0.05508423
     14.08800000	      0.01466837	      0.02854661	      0.05506602
     14.09200000	      0.01464663	      0.02852545	      0.05534846
     14.09600000	      0.01463728	      0.02851635	      0.05527294
     14.10000000	      0.01463184	      0.02851106	      0.05527807
     14.10400000	      0.01462218	      0.02850163	      0.05523498
     14.10800000	      0.01459041	      0.02847066	      0.05545203
     14.11200000	      0.01454830	      0.02842954	      0.05551132
     14.11600000	      0.01453076	      0.02841240	      0.05540976
     14.12000000	      0.01452192	      0.02840375	      0.05541105
     14.12400000	      0.01450247	      0.02838473	      0.05545605
     14.12800000	      0.01449222	      0.02837470	      0.05544368
     14.13200000	      0.01448797	      0.02837054	      0.05534794
     14.13600000	      0.01449645	      0.02837884	      0.05535295
     14.14000000	      0.01449677	      0.02837915	      0.05519457
     14.14400000	      0.01448354	      0.02836620	      0.05550791
     14.14800000	      0.01446182	      0.02834492	      0.05555060
     14.15200000	      0.01445216	      0.02833545	      0.05553246
     14.15600000	      0.01445617	      0.02833938	      0.05536860
     14.16000000	      0.01444939	      0.02833274	      0.05537715
     14.16400000	      0.01443521	      0.02831883	      0.05545687
     14.16800000	      0.01441821	      0.02830215	      0.05548374
     14.17200000	      0.01439728	      0.02828160	      0.05543172
     14.17600000	      0.01440412	      0.02828832	      0.05540165
     14.18000000	      0.01439342	      0.02827780	      0.05550388
     14.18400000	      0.01439161	      0.02827603	      0.05549980
     14.18800000	      0.01437059	      0.02825538	      0.05548008
     14.19200000	      0.01431590	      0.02820155	      0.05554220
     14.19600000	      0.01429249	      0.02817849	      0.05553461
     14.20000000	      0.01428145	      0.02816760	      0.05555102
     14.20400000	      0.01425306	      0.02813959	      0.05565445
     14.20800000	      0.01423466	      0.02812143	      0.05568846
     14.21200000	      0.01422443	      0.02811131	      0.05557780
     14.21600000	      0.01420836	      0.02809543	      0.05566574
     14.22000000	      0.01419633	      0.02808353	      0.05569038
     14.22400000	      0.01418524	      0.02807256	      0.05560605
     14.22800000	      0.01417971	      0.02806709	      0.05559266
     14.23200000	      0.01417610	      0.02806352	      0.05560987
     14.23600000	      0.01416634	      0.02805385	      0.05560060
     14.24000000	      0.01416127	      0.02804884	      0.05567344
     14.24400000	      0.01417097	      0.02805844	      0.05557677
     14.24800000	      0.01420553	      0.02809264	      0.05559277
     14.25200000	      0.01421132	      0.02809836	      0.05545956
     14.25600000	      0.01421308	      0.02810010	      0.05547614
     14.26000000	      0.01421649	      0.02810347	      0.05555689
     14.26400000	      0.01422100	      0.02810793	      0.05561858
     14.26800000	      0.01422578	      0.02811265	      0.05556332
     14.27200000	      0.01420853	      0.02809560	      0.05578213
     14.27600000	      0.01417704	      0.02806445	      0.05586235
     14.28000000	      0.01417218	      0.02805964	      0.05590814
     14.28400000	      0.01417088	      0.02805835	      0.05594312
     14.28800000	      0.01417096	      0.02805843	      0.05594558
     14.29200000	      0.01417122	      0.02805869	      0.05585365
     14.29600000	      0.01417258	      0.02806004	      0.05587822
     14.30000000	      0.01417144	      0.02805890	      0.05590287
     14.30400000	      0.01417002	      0.02805750	      0.05591770
     14.30800000	      0.01416693	      0.02805444	      0.05591056
     14.31200000	      0.01416274	      0.02805029	      0.05595335
     14.31600000	      0.01415979	      0.02804737	      0.05594298
     14.32000000	      0.01415772	      0.02804532	      0.05596334
     14.32400000	      0.01415457	      0.02804220	      0.05596078
     14.32800000	      0.01415190	      0.02803956	      0.05595644
     14.33200000	      0.01416571	      0.02805323	      0.05595744
     14.33600000	      0.01419808	      0.02808527	      0.05573923
     14.34000000	      0.01420510	      0.02809221	      0.05573935
     14.34400000	      0.01420774	      0.02809482	      0.05574443
     14.34800000	      0.01420792	      0.02809500	      0.05574793
     14.35200000	      0.01420623	      0.02809333	      0.05575042
     14.35600000	      0.01420441	      0.02809153	      0.05572077
     14.36000000	      0.01420199	      0.02808913	      0.05564908
     14.36400000	      0.01420075	      0.02808791	      0.05564806
     14.36800000	      0.01419886	      0.02808604	      0.05563565
     14.37200000	      0.01419929	      0.02808647	      0.05566723
     14.37600000	      0.01420001	      0.02808717	      0.05563873
     14.38000000	      0.01418024	      0.02806761	      0.05551084
     14.38400000	      0.01414675	      0.02803445	      0.05553284
     14.38800000	      0.01414062	      0.02802838	      0.05565582
     14.39200000	      0.01414263	      0.02803037	      0.05571735
     14.39600000	      0.01414708	      0.02803478	      0.05568554
     14.40000000	      0.01415162	      0.02803927	      0.05572387
     14.40400000	      0.01415853	      0.02804612	      0.05580365
     14.40800000	      0.01417087	      0.02805834	      0.05582007
     14.41200000	      0.01418166	      0.02806902	      0.05577298
     14.41600000	      0.01422343	      0.02811033	      0.05571958
     14.42000000	      0.01423143	      0.02811823	      0.05554888
     14.42400000	      0.01423061	      0.02811743	      0.05559151
     14.42800000	      0.01421921	      0.02810616	      0.05583992
     14.43200000	      0.01422154	      0.02810846	      0.05586843
     14.43600000	      0.01422239	      0.02810930	      0.05564025
     14.44000000	      0.01422792	      0.02811476	      0.05566397
     14.44400000	      0.01423475	      0.02812151	      0.05580896
     14.44800000	      0.01424306	      0.02812972	      0.05582567
     14.45200000	      0.01424687	      0.02813348	      0.05557012
     14.45600000	      0.01425626	      0.02814276	      0.05559732
     14.46000000	      0.01426613	      0.02815249	      0.05575709
     14.46400000	      0.01427780	      0.02816400	      0.05579172
     14.46800000	      0.01428216	      0.02816830	      0.05550902
     14.47200000	      0.01429284	      0.02817884	      0.05554925
     14.47600000	      0.01429404	      0.02818002	      0.05566505
     14.48000000	      0.01428984	      0.02817587	      0.05573163
     14.48400000	      0.01429435	      0.02818032	      0.05583291
     14.48800000	      0.01432271	      0.02820826	      0.05577990
     14.49200000	      0.01435438	      0.02823943	      0.05546374
     14.49600000	      0.01437412	      0.02825884	      0.05550322
     14.50000000	      0.01438418	      0.02826873	      0.05560911
     14.50400000	      0.01439626	      0.02828060	      0.05558677
     14.50800000	      0.01439924	      0.02828353	      0.05533558
     14.51200000	      0.01440930	      0.02829341	      0.05550898
     14.51600000	      0.01442116	      0.02830504	      0.05547340
     14.52000000	      0.01441983	      0.02830374	      0.05527869
     14.52400000	      0.01443045	      0.02831416	      0.05528486
     14.52800000	      0.01442932	      0.02831305	      0.05534319
     14.53200000	      0.01444505	      0.02832848	      0.05519147
     14.53600000	      0.01447521	      0.02835804	      0.05517196
     14.54000000	      0.01448048	      0.02836320	      0.05535302
     14.54400000	      0.01447323	      0.02835610	      0.05513372
     14.54800000	      0.01448260	      0.02836528	      0.05528543
     14.55200000	      0.01449664	      0.02837902	      0.05533449
     14.55600000	      0.01450010	      0.02838240	      0.05514947
     14.56000000	      0.01450440	      0.02838661	      0.05541997
     14.56400000	      0.01449236	      0.02837483	      0.05546760
     14.56800000	      0.01449308	      0.02837554	      0.05518083
     14.57200000	      0.01450597	      0.02838816	      0.05529367
     14.57600000	      0.01452424	      0.02840602	      0.05532841
     14.58000000	      0.01453720	      0.02841870	      0.05537488
     14.58400000	      0.01453733	      0.02841882	      0.05515814
     14.58800000	      0.01456219	      0.02844312	      0.05521360
     14.59200000	      0.01457758	      0.02845813	      0.05505009
     14.59600000	      0.01456060	      0.02844155	      0.05530137
     14.60000000	      0.01457030	      0.02845103	      0.05540331
     14.60400000	      0.01457612	      0.02845671	      0.05517845
     14.60800000	      0.01460456	      0.02848446	      0.05518370
     14.61200000	      0.01463777	      0.02851682	      0.05512507
     14.61600000	      0.01465437	      0.02853299	      0.05507040
     14.62000000	      0.01467263	      0.02855076	      0.05516262
     14.62400000	      0.01467695	      0.02855497	      0.05522593
     14.62800000	      0.01465859	      0.02853710	      0.05514915
     14.63200000	      0.01465861	      0.02853712	      0.05522964
     14.63600000	      0.01466856	      0.02854680	      0.05532920
     14.64000000	      0.01467500	      0.02855307	      0.05512457
     14.64400000	      0.01468936	      0.02856703	      0.05517669
     14.64800000	      0.01469881	      0.02857622	      0.05505121
     14.65200000	      0.01470489	      0.02858213	      0.05508457
     14.65600000	      0.01471131	      0.02858837	      0.05497528
     14.66000000	      0.01471377	      0.02859076	      0.05506462
     14.66400000	      0.01476680	      0.02864224	      0.05512504
     14.66800000	      0.01490044	      0.02877155	      0.05521656
     14.67200000	      0.01493005	      0.02880012	      0.05540886
     14.67600000	      0.01499305	      0.02886083	      0.05561023
     14.68000000	      0.01508007	      0.02894446	      0.05563684
     14.68400000	      0.01505637	      0.02892170	      0.05559094
     14.68800000	      0.01497393	      0.02884241	      0.05576353
     14.69200000	      0.01496970	      0.02883835	      0.05557773
     14.69600000	      0.01500476	      0.02887209	      0.05560586
     14.70000000	      0.01504644	      0.02891216	      0.05568635
     14.70400000	      0.01504764	      0.02891332	      0.05552079
     14.70800000	      0.01502077	      0.02888749	      0.05582182
     14.71200000	      0.01501991	      0.02888667	      0.05588683
     14.71600000	      0.01502159	      0.02888828	      0.05610946
     14.72000000	      0.01501721	      0.02888407	      0.05604935
     14.72400000	      0.01502029	      0.02888703	      0.05625835
     14.72800000	      0.01503478	      0.02890097	      0.05626230
     14.73200000	      0.01505221	      0.02891771	      0.05631347
     14.73600000	      0.01507529	      0.02893987	      0.05638025
     14.74000000	      0.01511126	      0.02897438	      0.05638407
     14.74400000	      0.01514493	      0.02900664	      0.05649071
     14.74800000	      0.01518056	      0.02904074	      0.05646974
     14.75200000	      0.01517489	      0.02903531	      0.05664019
     14.75600000	      0.01512896	      0.02899134	      0.05617154
     14.76000000	      0.01507791	      0.02894238	      0.05578013
     14.76400000	      0.01512565	      0.02898817	      0.05611183
     14.76800000	      0.01505355	      0.02891899	      0.05557111
     14.77200000	      0.01505401	      0.02891944	      0.05543859
     14.77600000	      0.01506883	      0.02893367	      0.05538220
     14.78000000	      0.01509819	      0.02896184	      0.05525746
     14.78400000	      0.01514875	      0.02901030	      0.05536054
     14.78800000	      0.01518583	      0.02904578	      0.05529362
     14.79200000	      0.01520362	      0.02906279	      0.05536546
     14.79600000	      0.01521502	      0.02907368	      0.05547887
     14.80000000	      0.01521535	      0.02907399	      0.05549344
     14.80400000	      0.01522053	      0.02907895	      0.05545443
     14.80800000	      0.01521150	      0.02907031	      0.05558478
     14.81200000	      0.01522610	      0.02908427	      0.05563046
     14.81600000	      0.01524667	      0.02910391	      0.05565025
     14.82000000	      0.01527036	      0.02912650	      0.05558700
     14.82400000	      0.01527055	      0.02912668	      0.05554968
     14.82800000	      0.01526349	      0.02911995	      0.05558574
     14.83200000	      0.01524599	      0.02910325	      0.05555796
     14.83600000	      0.01525550	      0.02911233	      0.05554464
     14.84000000	      0.01526613	      0.02912247	      0.05550544
     14.84400000	      0.01529094	      0.02914613	      0.05548003
     14.84800000	      0.01531057	      0.02916483	      0.05553182
     14.85200000	      0.01529696	      0.02915187	      0.05552565
     14.85600000	      0.01530765	      0.02916205	      0.05552421
     14.86000000	      0.01531672	      0.02917068	      0.05551916
     14.86400000	      0.01531644	      0.02917042	      0.05514426
     14.86800000	      0.01531983	      0.02917365	      0.05508325
     14.87200000	      0.01535158	      0.02920386	      0.05503565
     14.87600000	      0.01536226	      0.02921402	      0.05496760
     14.88000000	      0.01535822	      0.02921018	      0.05494837
     14.88400000	      0.01535247	      0.02920470	      0.05489604
     14.88800000	      0.01535036	      0.02920270	      0.05486418
     14.89200000	      0.01536979	      0.02922118	      0.05501423
     14.89600000	      0.01537037	      0.02922173	      0.05517147
     14.90000000	      0.01535756	      0.02920955	      0.05489073
     14.90400000	      0.01538040	      0.02923126	      0.05483927
     14.90800000	      0.01539044	      0.02924080	      0.05478344
     14.91200000	      0.01541389	      0.02926307	      0.05483556
     14.91600000	      0.01540968	      0.02925907	      0.05479610
     14.92000000	      0.01548606	      0.02933150	      0.05477182
     14.92400000	      0.01554194	      0.02938437	      0.05487481
     14.92800000	      0.01554431	      0.02938661	      0.05472867
     14.93200000	      0.01555662	      0.02939824	      0.05472794
     14.93600000	      0.01557375	      0.02941443	      0.05487769
     14.94000000	      0.01560248	      0.02944154	      0.05497236
     14.94400000	      0.01561461	      0.02945299	      0.05481944
     14.94800000	      0.01561584	      0.02945415	      0.05479161
     14.95200000	      0.01562138	      0.02945937	      0.05480238
     14.95600000	      0.01562427	      0.02946210	      0.05479373
     14.96000000	      0.01562305	      0.02946094	      0.05478240
     14.96400000	      0.01563091	      0.02946835	      0.05476580
     14.96800000	      0.01564431	      0.02948098	      0.05488497
     14.97200000	      0.01565194	      0.02948817	      0.05474802
     14.97600000	      0.01567399	      0.02950893	      0.05484774
     14.98000000	      0.01570449	      0.02953763	      0.05464880
     14.98400000	      0.01570690	      0.02953990	      0.05476435
     14.98800000	      0.01571406	      0.02954663	      0.05463307
     14.99200000	      0.01573785	      0.02956898	      0.05465514
     14.99600000	      0.01576587	      0.02959530	      0.05465986
     15.00000000	      0.01579869	      0.02962609	      0.05487306
     15.00400000	      0.01587361	      0.02969625	      0.05503521
     15.00800000	      0.01582742	      0.02965301	      0.05474399
     15.01200000	      0.01235461	      0.02619861	      0.05532537
     15.01600000	      0.01237116	      0.02621615	      0.05522887
     15.02000000	      0.01238513	      0.02623095	      0.05520932
     15.02400000	      0.01240792	      0.02625508	      0.05529686
     15.02800000	      0.01243087	      0.02627934	      0.05515592
     15.03200000	      0.01243910	      0.02628804	      0.05524239
     15.03600000	      0.01245868	      0.02630873	      0.05504187
     15.04000000	      0.01247277	      0.02632359	      0.05511672
     15.04400000	      0.01251620	      0.02636939	      0.05518057
     15.04800000	      0.01256704	      0.02642289	      0.05510198
     15.05200000	      0.01259580	      0.02645311	      0.05519469
     15.05600000	      0.01261703	      0.02647539	      0.05508184
     15.06000000	      0.01263619	      0.02649548	      0.05518699
     15.06400000	      0.01265565	      0.02651588	      0.05506702
     15.06800000	      0.01266702	      0.02652778	      0.05503897
     15.07200000	      0.01266691	      0.02652767	      0.05501243
     15.07600000	      0.01268306	      0.02654457	      0.05498849
     15.08000000	      0.01271571	      0.02657872	      0.05508951
     15.08400000	      0.01277570	      0.02664134	      0.05514065
     15.08800000	      0.01281128	      0.02667841	      0.05496292
     15.09200000	      0.01282485	      0.02669253	      0.05496085
     15.09600000	      0.02298837	      0.03573698	      0.08810822
     15.10000000	      0.02293181	      0.03569299	      0.08770817
     15.10400000	      0.02290229	      0.03567001	      0.08761372
     15.10800000	      0.02289782	      0.03566652	      0.08739073
     15.11200000	      0.02285984	      0.03563694	      0.08730186
     15.11600000	      0.01611533	      0.02992150	      0.05448340
     15.12000000	      0.01613460	      0.02993938	      0.05457426
     15.12400000	      0.01614493	      0.02994896	      0.05459227
     15.12800000	      0.01614017	      0.02994455	      0.05437709
     15.13200000	      0.01609061	      0.02989854	      0.05440309
     15.13600000	      0.01615601	      0.02995924	      0.05449239
     15.14000000	      0.01628942	      0.03008268	      0.05432919
     15.14400000	      0.01633248	      0.03012242	      0.05439086
     15.14800000	      0.01634568	      0.03013459	      0.05428844
     15.15200000	      0.01637352	      0.03016024	      0.05439022
     15.15600000	      0.01635909	      0.03014695	      0.05428719
     15.16000000	      0.01628799	      0.03008136	      0.05428201
     15.16400000	      0.01627747	      0.03007165	      0.05429617
     15.16800000	      0.01628810	      0.03008146	      0.05437052
     15.17200000	      0.01627668	      0.03007092	      0.05432678
     15.17600000	      0.01627355	      0.03006803	      0.05433114
     15.18000000	      0.01628626	      0.03007976	      0.05441506
     15.18400000	      0.01632101	      0.03011184	      0.05427256
     15.18800000	      0.01637944	      0.03016569	      0.05430099
     15.19200000	      0.01635926	      0.03014710	      0.05413914
     15.19600000	      0.01640215	      0.03018659	      0.05420634
     15.20000000	      0.01637727	      0.03016369	      0.05412131
     15.20400000	      0.01643834	      0.03021988	      0.05426009
     15.20800000	      0.01646479	      0.03024418	      0.05414608
     15.21200000	      0.01652602	      0.03030036	      0.05422101
     15.21600000	      0.01651342	      0.03028882	      0.05416012
     15.22000000	      0.01647668	      0.03025510	      0.05422772
     15.22400000	      0.01659479	      0.03036334	      0.05417251
     15.22800000	      0.01673067	      0.03048740	      0.05421209
     15.23200000	      0.01670858	      0.03046727	      0.05430408
     15.23600000	      0.01681533	      0.03056444	      0.05432069
     15.24000000	      0.01708100	      0.03080495	      0.05433134
     15.24400000	      0.01712918	      0.03084836	      0.05440255
     15.24800000	      0.01710849	      0.03082972	      0.05441156
     15.25200000	      0.01706266	      0.03078840	      0.05421908
     15.25600000	      0.01705176	      0.03077856	      0.05421342
     15.26000000	      0.01703053	      0.03075940	      0.05424260
     15.26400000	      0.01701964	      0.03074956	      0.05426283
     15.26800000	      0.01701351	      0.03074402	      0.05426892
     15.27200000	      0.01700421	      0.03073562	      0.05411685
     15.27600000	      0.01699574	      0.03072796	      0.05415699
     15.28000000	      0.01698683	      0.03071991	      0.05417982
     15.28400000	      0.01697258	      0.03070702	      0.05421267
     15.28800000	      0.01695327	      0.03068954	      0.05404803
     15.29200000	      0.01695061	      0.03068714	      0.05406632
     15.29600000	      0.01693449	      0.03067255	      0.05412083
     15.30000000	      0.01693253	      0.03067077	      0.05412473
     15.30400000	      0.01695408	      0.03069028	      0.05408196
     15.30800000	      0.01698584	      0.03071901	      0.05403646
     15.31200000	      0.01704701	      0.03077428	      0.05406755
     15.31600000	      0.01716222	      0.03087809	      0.05413891
     15.32000000	      0.01721099	      0.03092193	      0.05449754
     15.32400000	      0.01717344	      0.03088818	      0.05459908
     15.32800000	      0.01703814	      0.03076627	      0.05473448
     15.33200000	      0.01703335	      0.03076195	      0.05482056
     15.33600000	      0.01702794	      0.03075706	      0.05483698
     15.34000000	      0.01700981	      0.03074068	      0.05486964
     15.34400000	      0.01700271	      0.03073427	      0.05493801
     15.34800000	      0.01700950	      0.03074040	      0.05498339
     15.35200000	      0.01700918	      0.03074011	      0.05505906
     15.35600000	      0.01700894	      0.03073989	      0.05526330
     15.36000000	      0.01701887	      0.03074886	      0.05528388
     15.36400000	      0.01702044	      0.03075028	      0.05532570
     15.36800000	      0.01702016	      0.03075004	      0.05544294
     15.37200000	      0.01701044	      0.03074125	      0.05555189
     15.37600000	      0.01699165	      0.03072427	      0.05566574
     15.38000000	      0.01698889	      0.03072177	      0.05572815
     15.38400000	      0.01698111	      0.03071474	      0.05578460
     15.38800000	      0.01698286	      0.03071632	      0.05601389
     15.39200000	      0.01698323	      0.03071665	      0.05599826
     15.39600000	      0.01698477	      0.03071804	      0.05599308
     15.40000000	      0.01695464	      0.03069079	      0.05603288
     15.40400000	      0.01692035	      0.03065974	      0.05609043
     15.40800000	      0.01697801	      0.03071193	      0.05625084
     15.41200000	      0.01700055	      0.03073231	      0.05626336
     15.41600000	      0.01700659	      0.03073777	      0.05629911
     15.42000000	      0.01700766	      0.03073874	      0.05631299
     15.42400000	      0.01700240	      0.03073399	      0.05630925
     15.42800000	      0.01698781	      0.03072079	      0.05629573
     15.43200000	      0.01695727	      0.03069317	      0.05622684
     15.43600000	      0.01695121	      0.03068768	      0.05621655
     15.44000000	      0.01696136	      0.03069687	      0.05621536
     15.44400000	      0.01697932	      0.03071312	      0.05625386
     15.44800000	      0.01701273	      0.03074332	      0.05637048
     15.45200000	      0.01703560	      0.03076398	      0.05639916
     15.45600000	      0.01704230	      0.03077003	      0.05635989
     15.46000000	      0.01701749	      0.03074762	      0.05632852
     15.46400000	      0.01701517	      0.03074553	      0.05635297
     15.46800000	      0.01700947	      0.03074038	      0.05652459
     15.47200000	      0.01700637	      0.03073757	      0.05654494
     15.47600000	      0.01700411	      0.03073553	      0.05666275
     15.48000000	      0.01700925	      0.03074017	      0.05664102
     15.48400000	      0.01701311	      0.03074366	      0.05668409
     15.48800000	      0.01701818	      0.03074825	      0.05669651
     15.49200000	      0.01702024	      0.03075010	      0.05670504
     15.49600000	      0.01702091	      0.03075070	      0.05672675
     15.50000000	      0.01701448	      0.03074490	      0.05674204
     15.50400000	      0.01700210	      0.03073371	      0.05677600
     15.50800000	      0.01701269	      0.03074328	      0.05665101
     15.51200000	      0.01704537	      0.03077280	      0.05676336
     15.51600000	      0.01705224	      0.03077899	      0.05681257
     15.52000000	      0.01704725	      0.03077449	      0.05681842
     15.52400000	      0.01704467	      0.03077216	      0.05682440
     15.52800000	      0.01703773	      0.03076590	      0.05693904
     15.53200000	      0.01704135	      0.03076917	      0.05690358
     15.53600000	      0.01704701	      0.03077428	      0.05692453
     15.54000000	      0.01704432	      0.03077184	      0.05689751
     15.54400000	      0.01704121	      0.03076904	      0.05696705
     15.54800000	      0.01704131	      0.03076913	      0.05677824
     15.55200000	      0.01704512	      0.03077257	      0.05691783
     15.55600000	      0.01704400	      0.03077156	      0.05687791
     15.56000000	      0.01704011	      0.03076804	      0.05689626
     15.56400000	      0.01704156	      0.03076936	      0.05678783
     15.56800000	      0.01703983	      0.03076780	      0.05698571
     15.57200000	      0.01703022	      0.03075911	      0.05707259
     15.57600000	      0.01699248	      0.03072502	      0.05699119
     15.58000000	      0.01692882	      0.03066741	      0.05720044
     15.58400000	      0.01691234	      0.03065248	      0.05713925
     15.58800000	      0.01693139	      0.03066974	      0.05720558
     15.59200000	      0.01699538	      0.03072764	      0.05700883
     15.59600000	      0.01702332	      0.03075288	      0.05699848
     15.60000000	      0.01705650	      0.03078284	      0.05690638
     15.60400000	      0.01711196	      0.03083284	      0.05702773
     15.60800000	      0.01712677	      0.03084619	      0.05701509
     15.61200000	      0.01712985	      0.03084896	      0.05709976
     15.61600000	      0.01713219	      0.03085107	      0.05706284
     15.62000000	      0.01713611	      0.03085460	      0.05703042
     15.62400000	      0.01713698	      0.03085538	      0.05714643
     15.62800000	      0.01713757	      0.03085591	      0.05710685
     15.63200000	      0.01713956	      0.03085770	      0.05708019
     15.63600000	      0.01714041	      0.03085847	      0.05719281
     15.64000000	      0.01714136	      0.03085932	      0.05715001
     15.64400000	      0.01714326	      0.03086103	      0.05714199
     15.64800000	      0.01713817	      0.03085645	      0.05725475
     15.65200000	      0.01712783	      0.03084714	      0.05730187
     15.65600000	      0.01712709	      0.03084647	      0.05730401
     15.66000000	      0.01712436	      0.03084402	      0.05735719
     15.66400000	      0.01712438	      0.03084403	      0.05733321
     15.66800000	      0.01712563	      0.03084516	      0.05734051
     15.67200000	      0.01712740	      0.03084675	      0.05733501
     15.67600000	      0.01712814	      0.03084742	      0.05734885
     15.68000000	      0.01713211	      0.03085100	      0.05736275
     15.68400000	      0.01714470	      0.03086232	      0.05731046
     15.68800000	      0.01714858	      0.03086582	      0.05732015
     15.69200000	      0.01714797	      0.03086528	      0.05734354
     15.69600000	      0.01713574	      0.03085426	      0.05710640
     15.70000000	      0.01713687	      0.03085528	      0.05714182
     15.70400000	      0.01714076	      0.03085878	      0.05724115
     15.70800000	      0.01714530	      0.03086287	      0.05721287
     15.71200000	      0.01714881	      0.03086603	      0.05730534
     15.71600000	      0.01715231	      0.03086917	      0.05729035
     15.72000000	      0.01715649	      0.03087294	      0.05732451
     15.72400000	      0.01716352	      0.03087926	      0.05733978
     15.72800000	      0.01717778	      0.03089209	      0.05725963
     15.73200000	      0.01719026	      0.03090330	      0.05733260
     15.73600000	      0.01719317	      0.03090592	      0.05730584
     15.74000000	      0.01718767	      0.03090098	      0.05739273
     15.74400000	      0.01719496	      0.03090753	      0.05736777
     15.74800000	      0.01718631	      0.03089976	      0.05739438
     15.75200000	      0.01712962	      0.03084875	      0.05735670
     15.75600000	      0.01712098	      0.03084097	      0.05734086
     15.76000000	      0.01712518	      0.03084475	      0.05734827
     15.76400000	      0.01716970	      0.03088482	      0.05734963
     15.76800000	      0.01727107	      0.03097586	      0.05750417
     15.77200000	      0.01730745	      0.03100846	      0.05745124
     15.77600000	      0.01727120	      0.03097598	      0.05750544
     15.78000000	      0.01717884	      0.03089304	      0.05712982
     15.78400000	      0.01716234	      0.03087821	      0.05722456
     15.78800000	      0.01715923	      0.03087540	      0.05712548
     15.79200000	      0.01716053	      0.03087657	      0.05709618
     15.79600000	      0.01716390	      0.03087961	      0.05714149
     15.80000000	      0.01716526	      0.03088083	      0.05703295
     15.80400000	      0.01716968	      0.03088480	      0.05720463
     15.80800000	      0.01717187	      0.03088678	      0.05708065
     15.81200000	      0.01717675	      0.03089116	      0.05719107
     15.81600000	      0.01718866	      0.03090187	      0.05708908
     15.82000000	      0.01719035	      0.03090339	      0.05711538
     15.82400000	      0.01718764	      0.03090096	      0.05725535
     15.82800000	      0.01718535	      0.03089890	      0.05714235
     15.83200000	      0.01718587	      0.03089936	      0.05709900
     15.83600000	      0.01718734	      0.03090069	      0.05712046
     15.84000000	      0.01719238	      0.03090521	      0.05724846
     15.84400000	      0.01720522	      0.03091675	      0.05708818
     15.84800000	      0.01720901	      0.03092016	      0.05702106
     15.85200000	      0.01720438	      0.03091600	      0.05700416
     15.85600000	      0.01720600	      0.03091745	      0.05701237
     15.86000000	      0.01720129	      0.03091322	      0.05715131
     15.86400000	      0.01718221	      0.03089607	      0.05698854
     15.86800000	      0.01714770	      0.03086503	      0.05686089
     15.87200000	      0.01715122	      0.03086820	      0.05684785
     15.87600000	      0.01714606	      0.03086355	      0.05689875
     15.88000000	      0.01708469	      0.03080827	      0.05698654
     15.88400000	      0.01706217	      0.03078796	      0.05708668
     15.88800000	      0.01706290	      0.03078862	      0.05707337
     15.89200000	      0.01707299	      0.03079772	      0.05707997
     15.89600000	      0.01707846	      0.03080265	      0.05704766
     15.90000000	      0.01707068	      0.03079564	      0.05708273
     15.90400000	      0.01706464	      0.03079019	      0.05708092
     15.90800000	      0.01706473	      0.03079026	      0.05702220
     15.91200000	      0.01706790	      0.03079313	      0.05703435
     15.91600000	      0.01707775	      0.03080201	      0.05703891
     15.92000000	      0.01708064	      0.03080462	      0.05700159
     15.92400000	      0.01708281	      0.03080658	      0.05697883
     15.92800000	      0.01707975	      0.03080382	      0.05695152
     15.93200000	      0.01707055	      0.03079551	      0.05676406
     15.93600000	      0.01707087	      0.03079581	      0.05677626
     15.94000000	      0.01707023	      0.03079523	      0.05674486
     15.94400000	      0.01707023	      0.03079523	      0.05672190
     15.94800000	      0.01706924	      0.03079434	      0.05670489
     15.95200000	      0.01707347	      0.03079815	      0.05665336
     15.95600000	      0.01707978	      0.03080384	      0.05661068
     15.96000000	      0.01707018	      0.03079519	      0.05665752
     15.96400000	      0.01707941	      0.03080351	      0.05663339
     15.96800000	      0.01710067	      0.03082268	      0.05646459
     15.97200000	      0.01710174	      0.03082364	      0.05650126
     15.97600000	      0.01709346	      0.03081618	      0.05654594
     15.98000000	      0.01710642	      0.03082786	      0.05658176
     15.98400000	      0.01717215	      0.03088703	      0.05662710
     15.98800000	      0.01718118	      0.03089514	      0.05649417
     15.99200000	      0.01717399	      0.03088868	      0.05648039
     15.99600000	      0.01716713	      0.03088251	      0.05644869
     16.00000000	      0.01715717	      0.03087355	      0.05639769
     16.00400000	      0.01714765	      0.03086498	      0.05636113
     16.00800000	      0.01714790	      0.03086521	      0.05631722
     16.01200000	      0.01713219	      0.03085107	      0.05602264
     16.01600000	      0.01712360	      0.03084333	      0.05600223
     16.02000000	      0.01712134	      0.03084130	      0.05597835
     16.02400000	      0.01712439	      0.03084404	      0.05598455
     16.02800000	      0.01711073	      0.03083174	      0.05597859
     16.03200000	      0.01710183	      0.03082372	      0.05597954
     16.03600000	      0.01711145	      0.03083238	      0.05598174
     16.04000000	      0.01712395	      0.03084364	      0.05597011
     16.04400000	      0.01709027	      0.03081330	      0.05579544
     16.04800000	      0.01702147	      0.03075121	      0.05580254
     16.05200000	      0.01703132	      0.03076011	      0.05574163
     16.05600000	      0.01710763	      0.03082894	      0.05562220
     16.06000000	      0.01710360	      0.03082531	      0.05550514
     16.06400000	      0.01707114	      0.03079605	      0.05545942
     16.06800000	      0.01709039	      0.03081341	      0.05538870
     16.07200000	      0.01706260	      0.03078834	      0.05535131
     16.07600000	      0.01712761	      0.03084694	      0.05527633
     16.08000000	      0.01711685	      0.03083725	      0.05507627
     16.08400000	      0.01706779	      0.03079303	      0.05508190
     16.08800000	      0.01707297	      0.03079770	      0.05508041
     16.09200000	      0.01703254	      0.03076122	      0.05503564
     16.09600000	      0.01703892	      0.03076697	      0.05495780
     16.10000000	      0.01696321	      0.03069854	      0.05471464
     16.10400000	      0.01696756	      0.03070248	      0.05464296
     16.10800000	      0.01703080	      0.03075964	      0.05451186
     16.11200000	      0.01708112	      0.03080505	      0.05404918
     16.11600000	      0.01714857	      0.03086581	      0.05361919
     16.12000000	      0.01714565	      0.03086318	      0.05357215
     16.12400000	      0.01711545	      0.03083599	      0.05350259
     16.12800000	      0.01707665	      0.03080102	      0.05374919
     16.13200000	      0.01701635	      0.03074659	      0.05369427
     16.13600000	      0.01691081	      0.03065110	      0.05370032
     16.14000000	      0.01684786	      0.03059399	      0.05364035
     16.14400000	      0.01679797	      0.03054866	      0.05355408
     16.14800000	      0.01685804	      0.03060323	      0.05371342
     16.15200000	      0.01688586	      0.03062847	      0.05366375
     16.15600000	      0.01689682	      0.03063841	      0.05355878
     16.16000000	      0.01689796	      0.03063945	      0.05349541
     16.16400000	      0.01690372	      0.03064467	      0.05349778
     16.16800000	      0.01691184	      0.03065203	      0.05366496
     16.17200000	      0.01691975	      0.03065919	      0.05365343
     16.17600000	      0.01693801	      0.03067573	      0.05362242
     16.18000000	      0.01694760	      0.03068442	      0.05360149
     16.18400000	      0.01695419	      0.03069038	      0.05358987
     16.18800000	      0.01695053	      0.03068706	      0.05375403
     16.19200000	      0.01695430	      0.03069048	      0.05371085
     16.19600000	      0.01697945	      0.03071323	      0.05365891
     16.20000000	      0.01699486	      0.03072717	      0.05364987
     16.20400000	      0.01701045	      0.03074126	      0.05383074
     16.20800000	      0.01692677	      0.03066555	      0.05375637
     16.21200000	      0.01670791	      0.03046665	      0.05372912
     16.21600000	      0.01664047	      0.03040510	      0.05384123
     16.22000000	      0.01665873	      0.03042178	      0.05378440
     16.22400000	      0.01670921	      0.03046785	      0.05383607
     16.22800000	      0.01666241	      0.03042515	      0.05381945
     16.23200000	      0.01661325	      0.03038023	      0.05378705
     16.23600000	      0.01656196	      0.03033330	      0.05379753
     16.24000000	      0.01654552	      0.03031824	      0.05371387
     16.24400000	      0.01653185	      0.03030571	      0.05378886
     16.24800000	      0.01655550	      0.03032738	      0.05376309
     16.25200000	      0.01662993	      0.03039548	      0.05373731
     16.25600000	      0.01665755	      0.03042070	      0.05371507
     16.26000000	      0.01667873	      0.03044004	      0.05382609
     16.26400000	      0.01666549	      0.03042796	      0.05377210
     16.26800000	      0.01664930	      0.03041317	      0.05376652
     16.27200000	      0.01663342	      0.03039866	      0.05366668
     16.27600000	      0.01657986	      0.03034968	      0.05388501
     16.28000000	      0.01651625	      0.03029141	      0.05380399
     16.28400000	      0.01658571	      0.03035504	      0.05375318
     16.28800000	      0.01662057	      0.03038693	      0.05366338
     16.29200000	      0.01662494	      0.03039091	      0.05366317
     16.29600000	      0.01661598	      0.03038273	      0.05384922
     16.30000000	      0.01660398	      0.03037175	      0.05378111
     16.30400000	      0.01659484	      0.03036339	      0.05375058
     16.30800000	      0.01658320	      0.03035274	      0.05389685
     16.31200000	      0.01657458	      0.03034486	      0.05382192
     16.31600000	      0.01657326	      0.03034364	      0.05378002
     16.32000000	      0.01653182	      0.03030568	      0.05394121
     16.32400000	      0.01645924	      0.03023908	      0.05390488
     16.32800000	      0.01643577	      0.03021752	      0.05385576
     16.33200000	      0.01643603	      0.03021775	      0.05376403
     16.33600000	      0.01661694	      0.03038361	      0.05384228
     16.34000000	      0.01306377	      0.02694003	      0.05448392
     16.34400000	      0.01639634	      0.03018125	      0.05391100
     16.34800000	      0.01646862	      0.03024770	      0.05384840
     16.35200000	      0.01648395	      0.03026177	      0.05404687
     16.35600000	      0.01647151	      0.03025035	      0.05401413
     16.36000000	      0.01645676	      0.03023681	      0.05405707
     16.36400000	      0.01643878	      0.03022029	      0.05404560
     16.36800000	      0.01639961	      0.03018426	      0.05400492
     16.37200000	      0.01635072	      0.03013924	      0.05398038
     16.37600000	      0.01638878	      0.03017429	      0.05415342
     16.38000000	      0.01639552	      0.03018050	      0.05409356
     16.38400000	      0.01639957	      0.03018422	      0.05412080
     16.38800000	      0.01641887	      0.03020198	      0.05398653
     16.39200000	      0.01636748	      0.03015468	      0.05393070
     16.39600000	      0.01625108	      0.03004726	      0.05411471
     16.40000000	      0.01619035	      0.02999106	      0.05416160
     16.40400000	      0.01620770	      0.03000713	      0.05407627
     16.40800000	      0.01624449	      0.03004117	      0.05402276
     16.41200000	      0.01619325	      0.02999375	      0.05418602
     16.41600000	      0.01625761	      0.03005329	      0.05413625
     16.42000000	      0.01627161	      0.03006623	      0.05406712
     16.42400000	      0.01626871	      0.03006355	      0.05420595
     16.42800000	      0.01624903	      0.03004536	      0.05412999
     16.43200000	      0.01623908	      0.03003617	      0.05403734
     16.43600000	      0.01622620	      0.03002425	      0.05400091
     16.44000000	      0.01621373	      0.03001271	      0.05402992
     16.44400000	      0.01619801	      0.02999816	      0.05405816
     16.44800000	      0.01617288	      0.02997488	      0.05422146
     16.45200000	      0.01613310	      0.02993800	      0.05395377
     16.45600000	      0.01606503	      0.02987476	      0.05389990
     16.46000000	      0.01603945	      0.02985097	      0.05414756
     16.46400000	      0.01602011	      0.02983297	      0.05404714
     16.46800000	      0.01600725	      0.02982100	      0.05402752
     16.47200000	      0.01599509	      0.02980966	      0.05400686
     16.47600000	      0.01598537	      0.02980060	      0.05400128
     16.48000000	      0.01598239	      0.02979783	      0.05422517
     16.48400000	      0.01597631	      0.02979216	      0.05421789
     16.48800000	      0.01596360	      0.02978031	      0.05417314
     16.49200000	      0.01595502	      0.02977230	      0.05429740
     16.49600000	      0.01593001	      0.02974896	      0.05425258
     16.50000000	      0.01591227	      0.02973239	      0.05418299
     16.50400000	      0.01589991	      0.02972084	      0.05432955
     16.50800000	      0.01588503	      0.02970693	      0.05422603
     16.51200000	      0.01587497	      0.02969752	      0.05436638
     16.51600000	      0.01586558	      0.02968874	      0.05429710
     16.52000000	      0.01585708	      0.02968078	      0.05424988
     16.52400000	      0.01586234	      0.02968571	      0.05440182
     16.52800000	      0.01590522	      0.02972580	      0.05434332
     16.53200000	      0.01591385	      0.02973386	      0.05429174
     16.53600000	      0.01590845	      0.02972882	      0.05441460
     16.54000000	      0.01588648	      0.02970829	      0.05428311
     16.54400000	      0.01581976	      0.02964584	      0.05417832
     16.54800000	      0.01580353	      0.02963062	      0.05436423
     16.55200000	      0.01578917	      0.02961716	      0.05424112
     16.55600000	      0.01577278	      0.02960178	      0.05435847
     16.56000000	      0.01575711	      0.02958707	      0.05425340
     16.56400000	      0.01574164	      0.02957254	      0.05420393
     16.56800000	      0.01573038	      0.02956197	      0.05417710
     16.57200000	      0.01571737	      0.02954974	      0.05417592
     16.57600000	      0.01570244	      0.02953570	      0.05439418
     16.58000000	      0.01569508	      0.02952878	      0.05433151
     16.58400000	      0.01568628	      0.02952050	      0.05429850
     16.58800000	      0.01567576	      0.02951060	      0.05428639
     16.59200000	      0.01566047	      0.02949620	      0.05448339
     16.59600000	      0.01565734	      0.02949326	      0.05437095
     16.60000000	      0.01565169	      0.02948793	      0.05449154
     16.60400000	      0.01563278	      0.02947011	      0.05443038
     16.60800000	      0.01562389	      0.02946174	      0.05440598
     16.61200000	      0.01562708	      0.02946474	      0.05456994
     16.61600000	      0.01565621	      0.02949220	      0.05453576
     16.62000000	      0.01565613	      0.02949211	      0.05449578
     16.62400000	      0.01565517	      0.02949122	      0.05444387
     16.62800000	      0.01564406	      0.02948074	      0.05472289
     16.63200000	      0.01562894	      0.02946650	      0.05479439
     16.63600000	      0.01562429	      0.02946211	      0.05468205
     16.64000000	      0.01562560	      0.02946335	      0.05478632
     16.64400000	      0.01561860	      0.02945675	      0.05464983
     16.64800000	      0.01560610	      0.02944495	      0.05465166
     16.65200000	      0.01558984	      0.02942961	      0.05464824
     16.65600000	      0.01558867	      0.02942851	      0.05460912
     16.66000000	      0.01555741	      0.02939899	      0.05491395
     16.66400000	      0.01553968	      0.02938223	      0.05477658
     16.66800000	      0.01553863	      0.02938124	      0.05478637
     16.67200000	      0.01553552	      0.02937830	      0.05471117
     16.67600000	      0.01551706	      0.02936084	      0.05477072
     16.68000000	      0.01547432	      0.02932038	      0.05477691
     16.68400000	      0.01541863	      0.02926757	      0.05474421
     16.68800000	      0.01540296	      0.02925269	      0.05469260
     16.69200000	      0.01541476	      0.02926390	      0.05476554
     16.69600000	      0.01542492	      0.02927354	      0.05483801
     16.70000000	      0.01541056	      0.02925991	      0.05478129
     16.70400000	      0.01541729	      0.02926630	      0.05477207
     16.70800000	      0.01543438	      0.02928251	      0.05491568
     16.71200000	      0.01542040	      0.02926925	      0.05506854
     16.71600000	      0.01538348	      0.02923419	      0.05503414
     16.72000000	      0.01542272	      0.02927145	      0.05504091
     16.72400000	      0.01541756	      0.02926655	      0.05501495
     16.72800000	      0.01540065	      0.02925050	      0.05502213
     16.73200000	      0.01540128	      0.02925110	      0.05490771
     16.73600000	      0.01540062	      0.02925047	      0.05513939
     16.74000000	      0.01538179	      0.02923258	      0.05518957
     16.74400000	      0.01534814	      0.02920059	      0.05521720
     16.74800000	      0.01532903	      0.02918240	      0.05520366
     16.75200000	      0.01531349	      0.02916761	      0.05526367
     16.75600000	      0.01527769	      0.02913349	      0.05544609
     16.76000000	      0.01523863	      0.02909623	      0.05552471
     16.76400000	      0.01523266	      0.02909053	      0.05554030
     16.76800000	      0.01520451	      0.02906364	      0.05560275
     16.77200000	      0.01518491	      0.02904490	      0.05552570
     16.77600000	      0.01516448	      0.02902535	      0.05557277
     16.78000000	      0.01512950	      0.02899186	      0.05560222
     16.78400000	      0.01511028	      0.02897344	      0.05559566
     16.78800000	      0.01509462	      0.02895842	      0.05553197
     16.79200000	      0.01508035	      0.02894473	      0.05549796
     16.79600000	      0.01506215	      0.02892726	      0.05540867
     16.80000000	      0.01504627	      0.02891200	      0.05541591
     16.80400000	      0.01502450	      0.02889108	      0.05529702
     16.80800000	      0.01501546	      0.02888239	      0.05529921
     16.81200000	      0.01502803	      0.02889447	      0.05530647
     16.81600000	      0.01503643	      0.02890255	      0.05527041
     16.82000000	      0.01503181	      0.02889810	      0.05522473
     16.82400000	      0.01501329	      0.02888030	      0.05511039
     16.82800000	      0.01498519	      0.02885326	      0.05508826
     16.83200000	      0.01497224	      0.02884079	      0.05508300
     16.83600000	      0.01495713	      0.02882623	      0.05506709
     16.84000000	      0.01492426	      0.02879454	      0.05499703
     16.84400000	      0.01492512	      0.02879537	      0.05490494
     16.84800000	      0.01492008	      0.02879051	      0.05505387
     16.85200000	      0.01490266	      0.02877370	      0.05511897
     16.85600000	      0.01489024	      0.02876170	      0.05504031
     16.86000000	      0.01485822	      0.02873076	      0.05497848
     16.86400000	      0.01485054	      0.02872334	      0.05501635
     16.86800000	      0.01485225	      0.02872499	      0.05500673
     16.87200000	      0.01484177	      0.02871485	      0.05498080
     16.87600000	      0.01483297	      0.02870634	      0.05508952
     16.88000000	      0.01480532	      0.02867957	      0.05510444
     16.88400000	      0.01475792	      0.02863363	      0.05508963
     16.88800000	      0.01473971	      0.02861596	      0.05506695
     16.89200000	      0.01473801	      0.02861431	      0.05494549
     16.89600000	      0.01472672	      0.02860334	      0.05503096
     16.90000000	      0.01471775	      0.02859463	      0.05496418
     16.90400000	      0.01470718	      0.02858436	      0.05524003
     16.90800000	      0.01469500	      0.02857252	      0.05506052
     16.91200000	      0.01466630	      0.02854460	      0.05518535
     16.91600000	      0.01462832	      0.02850762	      0.05503671
     16.92000000	      0.01460472	      0.02848462	      0.05513470
     16.92400000	      0.01458705	      0.02846738	      0.05505360
     16.92800000	      0.01456809	      0.02844888	      0.05515522
     16.93200000	      0.01456091	      0.02844186	      0.05506805
     16.93600000	      0.01458925	      0.02846953	      0.05510026
     16.94000000	      0.01458615	      0.02846650	      0.05515033
     16.94400000	      0.01458665	      0.02846699	      0.05504994
     16.94800000	      0.01458356	      0.02846397	      0.05498684
     16.95200000	      0.01456035	      0.02844131	      0.05520725
     16.95600000	      0.01455856	      0.02843957	      0.05501516
     16.96000000	      0.01453595	      0.02841747	      0.05516827
     16.96400000	      0.01450758	      0.02838972	      0.05520895
     16.96800000	      0.01447847	      0.02836123	      0.05519379
     16.97200000	      0.01445494	      0.02833818	      0.05509774
     16.97600000	      0.01444320	      0.02832667	      0.05523626
     16.98000000	      0.01442274	      0.02830659	      0.05512932
     16.98400000	      0.01441832	      0.02830225	      0.05518001
     16.98800000	      0.01441249	      0.02829654	      0.05509100
     16.99200000	      0.01440791	      0.02829204	      0.05523889
     16.99600000	      0.01439942	      0.02828370	      0.05510629
     17.00000000	      0.01437145	      0.02825622	      0.05508594
     17.00400000	      0.01436341	      0.02824831	      0.05522917
     17.00800000	      0.01436446	      0.02824935	      0.05516047
     17.01200000	      0.01435185	      0.02823694	      0.05513562
     17.01600000	      0.01433682	      0.02822216	      0.05535118
     17.02000000	      0.01432154	      0.02820711	      0.05522959
     17.02400000	      0.01430525	      0.02819107	      0.05534338
     17.02800000	      0.01429717	      0.02818310	      0.05523921
     17.03200000	      0.01430043	      0.02818632	      0.05533980
     17.03600000	      0.01431322	      0.02819892	      0.05521036
     17.04000000	      0.01430753	      0.02819332	      0.05511401
     17.04400000	      0.01429602	      0.02818197	      0.05539631
     17.04800000	      0.01426633	      0.02815269	      0.05533683
     17.05200000	      0.01422132	      0.02810824	      0.05532537
     17.05600000	      0.01420937	      0.02809643	      0.05533925
     17.06000000	      0.01420426	      0.02809138	      0.05528501
     17.06400000	      0.01419549	      0.02808271	      0.05530549
     17.06800000	      0.01418303	      0.02807037	      0.05523154
     17.07200000	      0.01417924	      0.02806663	      0.05526820
     17.07600000	      0.01417028	      0.02805776	      0.05549625
     17.08000000	      0.01416529	      0.02805282	      0.05550479
     17.08400000	      0.01415897	      0.02804656	      0.05535376
     17.08800000	      0.01415599	      0.02804361	      0.05536260
     17.09200000	      0.01414651	      0.02803421	      0.05544548
     17.09600000	      0.01414179	      0.02802954	      0.05545440
     17.10000000	      0.01413887	      0.02802665	      0.05540223
     17.10400000	      0.01413671	      0.02802450	      0.05540670
     17.10800000	      0.01411525	      0.02800322	      0.05549871
     17.11200000	      0.01410560	      0.02799365	      0.05548368
     17.11600000	      0.01409677	      0.02798489	      0.05542485
     17.12000000	      0.01409119	      0.02797935	      0.05540972
     17.12400000	      0.01408508	      0.02797328	      0.05543007
     17.12800000	      0.01408080	      0.02796903	      0.05539212
     17.13200000	      0.01407350	      0.02796178	      0.05555553
     17.13600000	      0.01406691	      0.02795523	      0.05549041
     17.14000000	      0.01406006	      0.02794842	      0.05552801
     17.14400000	      0.01405153	      0.02793994	      0.05542021
     17.14800000	      0.01404784	      0.02793628	      0.05541217
     17.15200000	      0.01404664	      0.02793508	      0.05545133
     17.15600000	      0.01404362	      0.02793208	      0.05547599
     17.16000000	      0.01404319	      0.02793166	      0.05540452
     17.16400000	      0.01404172	      0.02793019	      0.05558953
     17.16800000	      0.01404059	      0.02792907	      0.05554519
     17.17200000	      0.01403228	      0.02792080	      0.05561855
     17.17600000	      0.01402844	      0.02791698	      0.05549355
     17.18000000	      0.01402628	      0.02791483	      0.05558493
     17.18400000	      0.01402155	      0.02791012	      0.05545765
     17.18800000	      0.01401998	      0.02790856	      0.05544811
     17.19200000	      0.01402222	      0.02791080	      0.05544959
     17.19600000	      0.01402176	      0.02791033	      0.05552077
     17.20000000	      0.01401742	      0.02790601	      0.05550481
     17.20400000	      0.01401548	      0.02790408	      0.05548315
     17.20800000	      0.01401557	      0.02790417	      0.05551390
     17.21200000	      0.01401345	      0.02790206	      0.05549944
     17.21600000	      0.01401213	      0.02790075	      0.05550795
     17.22000000	      0.01401047	      0.02789909	      0.05555111
     17.22400000	      0.01400899	      0.02789762	      0.05550311
     17.22800000	      0.01404955	      0.02793797	      0.05551134
     17.23200000	      0.01410444	      0.02799250	      0.05554065
     17.23600000	      0.01402454	      0.02791310	      0.05551951
     17.24000000	      0.01400381	      0.02789246	      0.05550790
     17.24400000	      0.01399881	      0.02788748	      0.05549081
     17.24800000	      0.01399849	      0.02788716	      0.05550908
     17.25200000	      0.01399924	      0.02788791	      0.05549326
     17.25600000	      0.01400046	      0.02788912	      0.05549610
     17.26000000	      0.01400129	      0.02788996	      0.05548907
     17.26400000	      0.01400283	      0.02789148	      0.05549314
     17.26800000	      0.01400426	      0.02789291	      0.05548319
     17.27200000	      0.01400527	      0.02789392	      0.05548881
     17.27600000	      0.01400506	      0.02789371	      0.05548535
     17.28000000	      0.01400603	      0.02789467	      0.05548424
     17.28400000	      0.01400700	      0.02789563	      0.05548966
     17.28800000	      0.01401502	      0.02790362	      0.05545149
     17.29200000	      0.01403946	      0.02792795	      0.05546846
     17.29600000	      0.01405281	      0.02794122	      0.05544349
     17.30000000	      0.01403446	      0.02792297	      0.05544930
     17.30400000	      0.01402541	      0.02791396	      0.05546972
     17.30800000	      0.01400945	      0.02789808	      0.05561179
     17.31200000	      0.01400839	      0.02789703	      0.05563927
     17.31600000	      0.01401064	      0.02789926	      0.05565538
     17.32000000	      0.01401821	      0.02790680	      0.05558422
     17.32400000	      0.01403587	      0.02792437	      0.05560029
     17.32800000	      0.01404353	      0.02793200	      0.05561316
     17.33200000	      0.01404790	      0.02793634	      0.05540690
     17.33600000	      0.01406662	      0.02795494	      0.05541307
     17.34000000	      0.01408568	      0.02797387	      0.05534610
     17.34400000	      0.01411423	      0.02800221	      0.05534301
     17.34800000	      0.01410614	      0.02799418	      0.05547408
     17.35200000	      0.01407279	      0.02796108	      0.05555312
     17.35600000	      0.01406512	      0.02795345	      0.05560736
     17.36000000	      0.01406064	      0.02794900	      0.05535863
     17.36400000	      0.01406848	      0.02795680	      0.05540461
     17.36800000	      0.01407842	      0.02796667	      0.05551855
     17.37200000	      0.01409503	      0.02798316	      0.05558699
     17.37600000	      0.01410098	      0.02798907	      0.05524345
     17.38000000	      0.01411453	      0.02800251	      0.05531131
     17.38400000	      0.01412443	      0.02801232	      0.05522899
     17.38800000	      0.01414483	      0.02803255	      0.05530095
     17.39200000	      0.01415664	      0.02804425	      0.05528071
     17.39600000	      0.01417693	      0.02806434	      0.05537348
     17.40000000	      0.01419878	      0.02808596	      0.05542830
     17.40400000	      0.01422373	      0.02811063	      0.05546412
     17.40800000	      0.01424698	      0.02813359	      0.05547171
     17.41200000	      0.01425830	      0.02814477	      0.05518693
     17.41600000	      0.01432652	      0.02821201	      0.05543979
     17.42000000	      0.01439043	      0.02827487	      0.05532274
     17.42400000	      0.01435373	      0.02823879	      0.05530298
     17.42800000	      0.01435265	      0.02823773	      0.05523073
     17.43200000	      0.01435934	      0.02824431	      0.05544732
     17.43600000	      0.01435525	      0.02824029	      0.05524141
     17.44000000	      0.01437412	      0.02825884	      0.05542758
     17.44400000	      0.01439104	      0.02827547	      0.05527167
     17.44800000	      0.01440577	      0.02828994	      0.05534175
     17.45200000	      0.01442803	      0.02831179	      0.05523909
     17.45600000	      0.01445836	      0.02834152	      0.05528214
     17.46000000	      0.01447152	      0.02835442	      0.05522595
     17.46400000	      0.01448884	      0.02837138	      0.05516322
     17.46800000	      0.01450325	      0.02838549	      0.05524475
     17.47200000	      0.01451177	      0.02839383	      0.05509570
     17.47600000	      0.01452501	      0.02840678	      0.05523954
     17.48000000	      0.01453463	      0.02841618	      0.05524476
     17.48400000	      0.01454291	      0.02842428	      0.05517926
     17.48800000	      0.01454855	      0.02842979	      0.05511582
     17.49200000	      0.01456176	      0.02844269	      0.05519184
     17.49600000	      0.01457415	      0.02845479	      0.05521090
     17.50000000	      0.01458484	      0.02846522	      0.05500025
     17.50400000	      0.01459982	      0.02847984	      0.05511691
     17.50800000	      0.01460433	      0.02848424	      0.05503971
     17.51200000	      0.01461819	      0.02849775	      0.05519717
     17.51600000	      0.01462155	      0.02850102	      0.05521799
     17.52000000	      0.01460968	      0.02848945	      0.05497404
     17.52400000	      0.01461961	      0.02849914	      0.05514291
     17.52800000	      0.01463178	      0.02851099	      0.05502994
     17.53200000	      0.01464196	      0.02852091	      0.05509462
     17.53600000	      0.01465830	      0.02853681	      0.05523872
     17.54000000	      0.01466366	      0.02854203	      0.05499079
     17.54400000	      0.01467637	      0.02855441	      0.05504402
     17.54800000	      0.01468503	      0.02856283	      0.05495044
     17.55200000	      0.01470095	      0.02857831	      0.05504267
     17.55600000	      0.01471393	      0.02859092	      0.05496447
     17.56000000	      0.01477602	      0.02865118	      0.05500548
     17.56400000	      0.01489481	      0.02876612	      0.05555654
     17.56800000	      0.01493255	      0.02880254	      0.05572704
     17.57200000	      0.01495390	      0.02882312	      0.05578573
     17.57600000	      0.01500837	      0.02887557	      0.05597289
     17.58000000	      0.01507678	      0.02894130	      0.05591106
     17.58400000	      0.01502084	      0.02888756	      0.05588062
     17.58800000	      0.01501864	      0.02888544	      0.05581520
     17.59200000	      0.01503151	      0.02889782	      0.05590200
     17.59600000	      0.01504837	      0.02891402	      0.05594534
     17.60000000	      0.01505287	      0.02891834	      0.05585537
     17.60400000	      0.01506188	      0.02892700	      0.05600176
     17.60800000	      0.01506830	      0.02893316	      0.05598228
     17.61200000	      0.01505901	      0.02892424	      0.05610034
     17.61600000	      0.01506116	      0.02892631	      0.05599083
     17.62000000	      0.01503745	      0.02890352	      0.05588089
     17.62400000	      0.01498260	      0.02885076	      0.05526206
     17.62800000	      0.01497803	      0.02884637	      0.05520947
     17.63200000	      0.01501735	      0.02888421	      0.05537314
     17.63600000	      0.01506177	      0.02892689	      0.05576029
     17.64000000	      0.01501939	      0.02888616	      0.05542846
     17.64400000	      0.01499020	      0.02885808	      0.05554274
     17.64800000	      0.01506318	      0.02892824	      0.05538741
     17.65200000	      0.01512980	      0.02899214	      0.05606288
     17.65600000	      0.01515460	      0.02901589	      0.05625303
     17.66000000	      0.01518680	      0.02904671	      0.05626512
     17.66400000	      0.01522615	      0.02908432	      0.05625451
     17.66800000	      0.01524379	      0.02910115	      0.05635123
     17.67200000	      0.01525901	      0.02911568	      0.05632867
     17.67600000	      0.01527048	      0.02912662	      0.05624919
     17.68000000	      0.01526787	      0.02912413	      0.05639987
     17.68400000	      0.01525999	      0.02911662	      0.05640794
     17.68800000	      0.01526231	      0.02911883	      0.05642336
     17.69200000	      0.01529837	      0.02915320	      0.05651730
     17.69600000	      0.01534622	      0.02919876	      0.05652173
     17.70000000	      0.01529620	      0.02915113	      0.05644300
     17.70400000	      0.01529361	      0.02914867	      0.05646685
     17.70800000	      0.01529797	      0.02915282	      0.05643032
     17.71200000	      0.01530293	      0.02915755	      0.05635276
     17.71600000	      0.01530836	      0.02916273	      0.05634196
     17.72000000	      0.01531685	      0.02917081	      0.05626098
     17.72400000	      0.01532174	      0.02917547	      0.05605286
     17.72800000	      0.01533273	      0.02918593	      0.05603109
     17.73200000	      0.01537755	      0.02922855	      0.05602405
     17.73600000	      0.01546874	      0.02931509	      0.05593750
     17.74000000	      0.01549461	      0.02933959	      0.05582837
     17.74400000	      0.01550598	      0.02935036	      0.05574593
     17.74800000	      0.01551045	      0.02935459	      0.05572482
     17.75200000	      0.01550969	      0.02935387	      0.05558333
     17.75600000	      0.01555719	      0.02939878	      0.05548441
     17.76000000	      0.01566311	      0.02949869	      0.05509040
     17.76400000	      0.01568374	      0.02951811	      0.05521651
     17.76800000	      0.01562104	      0.02945905	      0.05505675
     17.77200000	      0.01561876	      0.02945690	      0.05494598
     17.77600000	      0.01566536	      0.02950081	      0.05499454
     17.78000000	      0.01569455	      0.02952828	      0.05507494
     17.78400000	      0.01568271	      0.02951714	      0.05502371
     17.78800000	      0.01563384	      0.02947112	      0.05491250
     17.79200000	      0.01558492	      0.02942497	      0.05476491
     17.79600000	      0.01558830	      0.02942816	      0.05472308
     17.80000000	      0.01559517	      0.02943464	      0.05467780
     17.80400000	      0.01559696	      0.02943634	      0.05456022
     17.80800000	      0.01558457	      0.02942464	      0.05459437
     17.81200000	      0.01560397	      0.02944294	      0.05454404
     17.81600000	      0.01561986	      0.02945794	      0.05454307
     17.82000000	      0.01562908	      0.02946663	      0.05453233
     17.82400000	      0.01563439	      0.02947163	      0.05450412
     17.82800000	      0.01562808	      0.02946568	      0.05449849
     17.83200000	      0.01563961	      0.02947655	      0.05447441
     17.83600000	      0.01565555	      0.02949157	      0.05446384
     17.84000000	      0.01565596	      0.02949196	      0.05445887
     17.84400000	      0.01566824	      0.02950352	      0.05453760
     17.84800000	      0.01568468	      0.02951900	      0.05442211
     17.85200000	      0.01569737	      0.02953094	      0.05440059
     17.85600000	      0.01570464	      0.02953777	      0.05441005
     17.86000000	      0.01572237	      0.02955444	      0.05426903
     17.86400000	      0.01574567	      0.02957634	      0.05436962
     17.86800000	      0.01574749	      0.02957804	      0.05438191
     17.87200000	      0.01575982	      0.02958962	      0.05436407
     17.87600000	      0.01579688	      0.02962439	      0.05432668
     17.88000000	      0.01585027	      0.02967441	      0.05436664
     17.88400000	      0.01581147	      0.02963807	      0.05428778
     17.88800000	      0.01573097	      0.02956253	      0.05440447
     17.89200000	      0.01570449	      0.02953763	      0.05428306
     17.89600000	      0.01568411	      0.02951846	      0.05440594
     17.90000000	      0.01565750	      0.02949341	      0.05423054
     17.90400000	      0.01562359	      0.02946145	      0.05422603
     17.90800000	      0.01557199	      0.02941276	      0.05433347
     17.91200000	      0.01554947	      0.02939148	      0.05420075
     17.91600000	      0.01553928	      0.02938186	      0.05429419
     17.92000000	      0.01563172	      0.02946912	      0.05415695
     17.92400000	      0.01572831	      0.02956003	      0.05420860
     17.92800000	      0.01557326	      0.02941396	      0.05412956
     17.93200000	      0.01552608	      0.02936937	      0.05423569
     17.93600000	      0.01560719	      0.02944599	      0.05415008
     17.94000000	      0.01584015	      0.02966494	      0.05413660
     17.94400000	      0.01586789	      0.02969090	      0.05423911
     17.94800000	      0.01584179	      0.02966647	      0.05427516
     17.95200000	      0.01592807	      0.02974715	      0.05413626
     17.95600000	      0.01599883	      0.02981315	      0.05434883
     17.96000000	      0.01601928	      0.02983220	      0.05422755
     17.96400000	      0.01600438	      0.02981832	      0.05422825
     17.96800000	      0.01602453	      0.02983708	      0.05429945
     17.97200000	      0.01603309	      0.02984505	      0.05436933
     17.97600000	      0.01604778	      0.02985872	      0.05423313
     17.98000000	      0.01604655	      0.02985758	      0.05424444
     17.98400000	      0.01608531	      0.02989361	      0.05406499
     17.98800000	      0.01618078	      0.02998220	      0.05416199
     17.99200000	      0.01622216	      0.03002052	      0.05417749
     17.99600000	      0.01624401	      0.03004072	      0.05401428
     18.00000000	      0.01623436	      0.03003180	      0.05415629
     18.00400000	      0.01624027	      0.03003727	      0.05417162
     18.00800000	      0.01626133	      0.03005674	      0.05395766
     18.01200000	      0.01627798	      0.03007212	      0.05406275
     18.01600000	      0.01628719	      0.03008063	      0.05395800
     18.02000000	      0.01629453	      0.03008740	      0.05400313
     18.02400000	      0.01631072	      0.03010234	      0.05388777
     18.02800000	      0.01631351	      0.03010492	      0.05386166
     18.03200000	      0.01630945	      0.03010118	      0.05384755
     18.03600000	      0.01630749	      0.03009937	      0.05381426
     18.04000000	      0.01630765	      0.03009952	      0.05377233
     18.04400000	      0.01631538	      0.03010664	      0.05388500
     18.04800000	      0.01634274	      0.03013188	      0.05371596
     18.05200000	      0.01636158	      0.03014924	      0.05380263
     18.05600000	      0.01637262	      0.03015941	      0.05367797
     18.06000000	      0.01638112	      0.03016724	      0.05370639
     18.06400000	      0.01639126	      0.03017657	      0.05356952
     18.06800000	      0.01645089	      0.03023141	      0.05364035
     18.07200000	      0.01659798	      0.03036626	      0.05372617
     18.07600000	      0.01663625	      0.03040125	      0.05356833
     18.08000000	      0.01666231	      0.03042505	      0.05366592
     18.08400000	      0.01669327	      0.03045331	      0.05373268
     18.08800000	      0.01674839	      0.03050354	      0.05370762
     18.09200000	      0.01677458	      0.03052738	      0.05368214
     18.09600000	      0.01678939	      0.03054086	      0.05376350
     18.10000000	      0.01676806	      0.03052145	      0.05365406
     18.10400000	      0.01667108	      0.03043306	      0.05368955
     18.10800000	      0.01658977	      0.03035875	      0.05367118
     18.11200000	      0.01661361	      0.03038056	      0.05373358
     18.11600000	      0.01671393	      0.03047215	      0.05379529
     18.12000000	      0.01672462	      0.03048189	      0.05365431
     18.12400000	      0.01668868	      0.03044912	      0.05370955
     18.12800000	      0.01673370	      0.03049016	      0.05365203
     18.13200000	      0.01681222	      0.03056161	      0.05368249
     18.13600000	      0.01693575	      0.03067369	      0.05365567
     18.14000000	      0.01698646	      0.03071958	      0.05367652
     18.14400000	      0.01707952	      0.03080361	      0.05374333
     18.14800000	      0.01725438	      0.03096089	      0.05353090
     18.15200000	      0.01726971	      0.03097464	      0.05360845
     18.15600000	      0.01719297	      0.03090575	      0.05364635
     18.16000000	      0.01712857	      0.03084781	      0.05363414
     18.16400000	      0.01710463	      0.03082624	      0.05365801
     18.16800000	      0.01720550	      0.03091701	      0.05422615
     18.17200000	      0.01725882	      0.03096487	      0.05451546
     18.17600000	      0.01731495	      0.03101518	      0.05468895
     18.18000000	      0.01741551	      0.03110511	      0.05475671
     18.18400000	      0.01754086	      0.03121685	      0.05508379
     18.18800000	      0.01759683	      0.03126662	      0.05525585
     18.19200000	      0.01764129	      0.03130610	      0.05539968
     18.19600000	      0.01768385	      0.03134383	      0.05552759
     18.20000000	      0.01761050	      0.03127876	      0.05570814
     18.20400000	      0.01740533	      0.03109602	      0.05584558
     18.20800000	      0.01736921	      0.03106375	      0.05594260
     18.21200000	      0.01740738	      0.03109785	      0.05601079
     18.21600000	      0.01750659	      0.03118635	      0.05606738
     18.22000000	      0.01751103	      0.03119030	      0.05616862
     18.22400000	      0.01749201	      0.03117336	      0.05627753
     18.22800000	      0.01758089	      0.03125246	      0.05635396
     18.23200000	      0.01761989	      0.03128710	      0.05648108
     18.23600000	      0.01764696	      0.03131113	      0.05654154
     18.24000000	      0.01763332	      0.03129902	      0.05670411
     18.24400000	      0.01760265	      0.03127179	      0.05691979
     18.24800000	      0.01768923	      0.03134861	      0.05697764
     18.25200000	      0.01772209	      0.03137771	      0.05704062
     18.25600000	      0.01773680	      0.03139073	      0.05714349
     18.26000000	      0.01771536	      0.03137175	      0.05725388
     18.26400000	      0.01770184	      0.03135977	      0.05741031
     18.26800000	      0.01777492	      0.03142445	      0.05752092
     18.27200000	      0.01776869	      0.03141893	      0.05783462
     18.27600000	      0.01783831	      0.03148043	      0.05790816
     18.28000000	      0.01787529	      0.03151304	      0.05795274
     18.28400000	      0.01790250	      0.03153702	      0.05803596
     18.28800000	      0.01788828	      0.03152449	      0.05815477
     18.29200000	      0.01786295	      0.03150216	      0.05826464
     18.29600000	      0.01794356	      0.03157316	      0.05828980
     18.30000000	      0.01794690	      0.03157609	      0.05836310
     18.30400000	      0.01793661	      0.03156704	      0.05853585
     18.30800000	      0.01800313	      0.03162553	      0.05853084
     18.31200000	      0.01802326	      0.03164320	      0.05852092
     18.31600000	      0.01803969	      0.03165762	      0.05869318
     18.32000000	      0.01802633	      0.03164589	      0.05878224
     18.32400000	      0.01800773	      0.03162957	      0.05888625
     18.32800000	      0.01808912	      0.03170096	      0.05896252
     18.33200000	      0.01811904	      0.03172717	      0.05897431
     18.33600000	      0.01814329	      0.03174839	      0.05903714
     18.34000000	      0.01814924	      0.03175360	      0.05911645
     18.34400000	      0.01813948	      0.03174506	      0.05909359
     18.34800000	      0.01814389	      0.03174892	      0.05915941
     18.35200000	      0.01815171	      0.03175576	      0.05915349
     18.35600000	      0.01816687	      0.03176902	      0.05911303
     18.36000000	      0.01817830	      0.03177901	      0.05918629
     18.36400000	      0.01818636	      0.03178605	      0.05925629
     18.36800000	      0.01820073	      0.03179861	      0.05928295
     18.37200000	      0.01820960	      0.03180636	      0.05930172
     18.37600000	      0.01822192	      0.03181712	      0.05945343
     18.38000000	      0.01819309	      0.03179193	      0.05933861
     18.38400000	      0.01815299	      0.03175688	      0.05938682
     18.38800000	      0.01822391	      0.03181885	      0.05935018
     18.39200000	      0.01824401	      0.03183640	      0.05931664
     18.39600000	      0.01824779	      0.03183969	      0.05939422
     18.40000000	      0.01825769	      0.03184833	      0.05942715
     18.40400000	      0.01827065	      0.03185963	      0.05946927
     18.40800000	      0.01828043	      0.03186816	      0.05956545
     18.41200000	      0.01829075	      0.03187716	      0.05951371
     18.41600000	      0.01830284	      0.03188769	      0.05954433
     18.42000000	      0.01830731	      0.03189158	      0.05958903
     18.42400000	      0.01831445	      0.03189780	      0.05960430
     18.42800000	      0.01831129	      0.03189505	      0.05959507
     18.43200000	      0.01831808	      0.03190096	      0.05959800
     18.43600000	      0.01835712	      0.03193494	      0.05949985
     18.44000000	      0.01834951	      0.03192831	      0.05951867
     18.44400000	      0.01826780	      0.03185715	      0.05945272
     18.44800000	      0.01817091	      0.03177255	      0.05940069
     18.45200000	      0.01813518	      0.03174130	      0.05935193
     18.45600000	      0.01816908	      0.03177095	      0.05922480
     18.46000000	      0.01825612	      0.03184696	      0.05931126
     18.46400000	      0.01829497	      0.03188083	      0.05941767
     18.46800000	      0.01834371	      0.03192327	      0.05936322
     18.47200000	      0.01848616	      0.03204698	      0.05939633
     18.47600000	      0.01852295	      0.03207885	      0.05933622
     18.48000000	      0.01854866	      0.03210111	      0.05915028
     18.48400000	      0.01855300	      0.03210487	      0.05908218
     18.48800000	      0.01855082	      0.03210298	      0.05900018
     18.49200000	      0.01855380	      0.03210555	      0.05894114
     18.49600000	      0.01855703	      0.03210835	      0.05905457
     18.50000000	      0.01855656	      0.03210794	      0.05897210
     18.50400000	      0.01855451	      0.03210617	      0.05906927
     18.50800000	      0.01855500	      0.03210659	      0.05902114
     18.51200000	      0.01855877	      0.03210985	      0.05898918
     18.51600000	      0.01856025	      0.03211113	      0.05899854
     18.52000000	      0.01856337	      0.03211384	      0.05898034
     18.52400000	      0.01855099	      0.03210313	      0.05896610
     18.52800000	      0.01852151	      0.03207761	      0.05892972
     18.53200000	      0.01851538	      0.03207230	      0.05903478
     18.53600000	      0.01851832	      0.03207484	      0.05901379
     18.54000000	      0.01853839	      0.03209222	      0.05903872
     18.54400000	      0.01857383	      0.03212288	      0.05896739
     18.54800000	      0.01857868	      0.03212708	      0.05904578
     18.55200000	      0.01853139	      0.03208616	      0.05906915
     18.55600000	      0.01841166	      0.03198234	      0.05899200
     18.56000000	      0.01840399	      0.03197568	      0.05902052
     18.56400000	      0.01852981	      0.03208480	      0.05901271
     18.56800000	      0.01855992	      0.03211085	      0.05904915
     18.57200000	      0.01857034	      0.03211986	      0.05917637
     18.57600000	      0.01857008	      0.03211964	      0.05912659
     18.58000000	      0.01856920	      0.03211888	      0.05919902
     18.58400000	      0.01857161	      0.03212096	      0.05907519
     18.58800000	      0.01858064	      0.03212876	      0.05924278
     18.59200000	      0.01858724	      0.03213448	      0.05924556
     18.59600000	      0.01856320	      0.03211369	      0.05945599
     18.60000000	      0.01855770	      0.03210893	      0.05947534
     18.60400000	      0.01852047	      0.03207671	      0.05948352
     18.60800000	      0.01845285	      0.03201810	      0.05964189
     18.61200000	      0.01844160	      0.03200833	      0.05945174
     18.61600000	      0.01841082	      0.03198161	      0.05946040
     18.62000000	      0.01832276	      0.03190503	      0.05927145
     18.62400000	      0.01826168	      0.03185181	      0.05929860
     18.62800000	      0.01828517	      0.03187228	      0.05947639
     18.63200000	      0.01835564	      0.03193365	      0.05960194
     18.63600000	      0.01834443	      0.03192390	      0.05955885
     18.64000000	      0.01833762	      0.03191797	      0.05963722
     18.64400000	      0.01832184	      0.03190423	      0.05962703
     18.64800000	      0.01829412	      0.03188008	      0.05956243
     18.65200000	      0.01830808	      0.03189224	      0.05957623
     18.65600000	      0.01832795	      0.03190955	      0.05955695
     18.66000000	      0.01829972	      0.03188496	      0.05955016
     18.66400000	      0.01832272	      0.03190499	      0.05955012
     18.66800000	      0.01826094	      0.03185116	      0.05961386
     18.67200000	      0.01825511	      0.03184608	      0.05958322
     18.67600000	      0.01825442	      0.03184547	      0.05960287
     18.68000000	      0.01825285	      0.03184411	      0.05958289
     18.68400000	      0.01825206	      0.03184342	      0.05956119
     18.68800000	      0.01825529	      0.03184624	      0.05957455
     18.69200000	      0.01825205	      0.03184341	      0.05955897
     18.69600000	      0.01825013	      0.03184173	      0.05953601
     18.70000000	      0.01824924	      0.03184096	      0.05977431
     18.70400000	      0.01824353	      0.03183598	      0.05959934
     18.70800000	      0.01824783	      0.03183973	      0.05951000
     18.71200000	      0.01826703	      0.03185647	      0.05950422
     18.71600000	      0.01829130	      0.03187763	      0.05951320
     18.72000000	      0.01831243	      0.03189603	      0.05947425
     18.72400000	      0.01833797	      0.03191827	      0.05942323
     18.72800000	      0.01834519	      0.03192455	      0.05948578
     18.73200000	      0.01834968	      0.03192846	      0.05943781
     18.73600000	      0.01833425	      0.03191503	      0.05942874
     18.74000000	      0.01833523	      0.03191589	      0.05941408
     18.74400000	      0.01840259	      0.03197446	      0.05934395
     18.74800000	      0.01841870	      0.03198846	      0.05929440
     18.75200000	      0.01842369	      0.03199279	      0.05930465
     18.75600000	      0.01842730	      0.03199592	      0.05926523
     18.76000000	      0.01842168	      0.03199104	      0.05915582
     18.76400000	      0.01841165	      0.03198233	      0.05917059
     18.76800000	      0.01839692	      0.03196953	      0.05911122
     18.77200000	      0.01838228	      0.03195681	      0.05905091
     18.77600000	      0.01838413	      0.03195842	      0.05903022
     18.78000000	      0.01838302	      0.03195746	      0.05898817
     18.78400000	      0.01838053	      0.03195529	      0.05898423
     18.78800000	      0.01837701	      0.03195223	      0.05889384
     18.79200000	      0.01837432	      0.03194989	      0.05883740
     18.79600000	      0.01834545	      0.03192478	      0.05883304
     18.80000000	      0.01827184	      0.03186067	      0.05863633
     18.80400000	      0.01825449	      0.03184554	      0.05864512
     18.80800000	      0.01824106	      0.03183382	      0.05859135
     18.81200000	      0.01823480	      0.03182836	      0.05853827
     18.81600000	      0.01823547	      0.03182895	      0.05847209
     18.82000000	      0.01825040	      0.03184197	      0.05839533
     18.82400000	      0.01825558	      0.03184649	      0.05832216
     18.82800000	      0.01824931	      0.03184102	      0.05824610
     18.83200000	      0.01827587	      0.03186418	      0.05816370
     18.83600000	      0.01835145	      0.03193000	      0.05803901
     18.84000000	      0.01837229	      0.03194813	      0.05792953
     18.84400000	      0.01837823	      0.03195329	      0.05769855
     18.84800000	      0.01839185	      0.03196513	      0.05769951
     18.85200000	      0.01835906	      0.03193662	      0.05769588
     18.85600000	      0.01834962	      0.03192841	      0.05764250
     18.86000000	      0.01833925	      0.03191939	      0.05753659
     18.86400000	      0.01832293	      0.03190518	      0.05734444
     18.86800000	      0.01830894	      0.03189300	      0.05728189
     18.87200000	      0.01829962	      0.03188488	      0.05720430
     18.87600000	      0.01829365	      0.03187968	      0.05712877
     18.88000000	      0.01828044	      0.03186816	      0.05702097
     18.88400000	      0.01826863	      0.03185787	      0.05692597
     18.88800000	      0.01832365	      0.03190581	      0.05680345
     18.89200000	      0.01846207	      0.03202609	      0.05669905
     18.89600000	      0.01848268	      0.03204396	      0.05662484
     18.90000000	      0.01846494	      0.03202858	      0.05651817
     18.90400000	      0.01841048	      0.03198131	      0.05611733
     18.90800000	      0.01828953	      0.03187609	      0.05608101
     18.91200000	      0.01821610	      0.03181204	      0.05603390
     18.91600000	      0.01821316	      0.03180947	      0.05593646
     18.92000000	      0.01813793	      0.03174370	      0.05588288
     18.92400000	      0.01806292	      0.03167800	      0.05526454
     18.92800000	      0.01797505	      0.03160085	      0.05479666
     18.93200000	      0.01801112	      0.03163255	      0.05529812
     18.93600000	      0.01801771	      0.03163833	      0.05534404
     18.94000000	      0.01803311	      0.03165184	      0.05519286
     18.94400000	      0.01806549	      0.03168025	      0.05491102
     18.94800000	      0.01803535	      0.03165381	      0.05495658
     18.95200000	      0.01809024	      0.03170194	      0.05475636
     18.95600000	      0.01810091	      0.03171129	      0.05464280
     18.96000000	      0.01809914	      0.03170974	      0.05451735
     18.96400000	      0.01809764	      0.03170843	      0.05440678
     18.96800000	      0.01810456	      0.03171449	      0.05403168
     18.97200000	      0.01810208	      0.03171232	      0.05398187
     18.97600000	      0.01809850	      0.03170918	      0.05391952
     18.98000000	      0.01808949	      0.03170129	      0.05359519
     18.98400000	      0.01808194	      0.03169467	      0.05358459
     18.98800000	      0.01806039	      0.03167578	      0.05358424
     18.99200000	      0.01803442	      0.03165300	      0.05358014
     18.99600000	      0.01803285	      0.03165162	      0.05324061
     19.00000000	      0.01796929	      0.03159579	      0.05323053
     19.00400000	      0.01790527	      0.03153945	      0.05320088
     19.00800000	      0.01791279	      0.03154607	      0.05313177
     19.01200000	      0.01782184	      0.03146589	      0.05305335
     19.01600000	      0.01779195	      0.03143950	      0.05295595
     19.02000000	      0.01774766	      0.03140034	      0.05314856
     19.02400000	      0.01771489	      0.03137133	      0.05328131
     19.02800000	      0.01770443	      0.03136207	      0.05323132
     19.03200000	      0.01774370	      0.03139684	      0.05317854
     19.03600000	      0.01767040	      0.03133191	      0.05310135
     19.04000000	      0.01763951	      0.03130452	      0.05318956
     19.04400000	      0.01766192	      0.03132440	      0.05303375
     19.04800000	      0.01770679	      0.03136416	      0.05298717
     19.05200000	      0.01762551	      0.03129209	      0.05311204
     19.05600000	      0.01761343	      0.03128136	      0.05310002
     19.06000000	      0.01763391	      0.03129955	      0.05324203
     19.06400000	      0.01758076	      0.03125235	      0.05314167
     19.06800000	      0.01748088	      0.03116344	      0.05309950
     19.07200000	      0.01746156	      0.03114621	      0.05327985
     19.07600000	      0.01745151	      0.03113725	      0.05320813
     19.08000000	      0.01751670	      0.03119535	      0.05321836
     19.08400000	      0.01767250	      0.03133378	      0.05341486
     19.08800000	      0.01770324	      0.03136101	      0.05349924
     19.09200000	      0.01774449	      0.03139753	      0.05368133
     19.09600000	      0.01769072	      0.03134993	      0.05380847
     19.10000000	      0.01752678	      0.03120432	      0.05346503
     19.10400000	      0.01742784	      0.03111613	      0.05330970
     19.10800000	      0.01747571	      0.03115884	      0.05342627
     19.11200000	      0.01744069	      0.03112760	      0.05346531
     19.11600000	      0.01733092	      0.03102948	      0.05338592
     19.12000000	      0.01730498	      0.03100625	      0.05331071
     19.12400000	      0.01732616	      0.03102522	      0.05326251
     19.12800000	      0.01738901	      0.03108145	      0.05348033
     19.13200000	      0.01738756	      0.03108015	      0.05354992
     19.13600000	      0.01732323	      0.03102260	      0.05339790
     19.14000000	      0.01724430	      0.03095184	      0.05351038
     19.14400000	      0.01725222	      0.03095895	      0.05341906
     19.14800000	      0.01717240	      0.03088725	      0.05338259
     19.15200000	      0.01715382	      0.03087053	      0.05355129
     19.15600000	      0.01712068	      0.03084070	      0.05344582
     19.16000000	      0.01710525	      0.03082680	      0.05332313
     19.16400000	      0.01710092	      0.03082290	      0.05327121
     19.16800000	      0.01708751	      0.03081082	      0.05347738
     19.17200000	      0.01706900	      0.03079412	      0.05356778
     19.17600000	      0.01708281	      0.03080657	      0.05346243
     19.18000000	      0.01709409	      0.03081674	      0.05350766
     19.18400000	      0.01707671	      0.03080107	      0.05354595
     19.18800000	      0.01705377	      0.03078038	      0.05355362
     19.19200000	      0.01702575	      0.03075508	      0.05348915
     19.19600000	      0.01701531	      0.03074565	      0.05347920
     19.20000000	      0.01698653	      0.03071964	      0.05360466
     19.20400000	      0.01696656	      0.03070157	      0.05355466
     19.20800000	      0.01695142	      0.03068787	      0.05368175
     19.21200000	      0.01694292	      0.03068018	      0.05361004
     19.21600000	      0.01692933	      0.03066787	      0.05374827
     19.22000000	      0.01691962	      0.03065908	      0.05366660
     19.22400000	      0.01690629	      0.03064699	      0.05374104
     19.22800000	      0.01688992	      0.03063216	      0.05375546
     19.23200000	      0.01687528	      0.03061887	      0.05375744
     19.23600000	      0.01686076	      0.03060570	      0.05377114
     19.24000000	      0.01684400	      0.03059048	      0.05375949
     19.24400000	      0.01682479	      0.03057304	      0.05371777
     19.24800000	      0.01681026	      0.03055983	      0.05384143
     19.25200000	      0.01679427	      0.03054530	      0.05373648
     19.25600000	      0.01679678	      0.03054758	      0.05407578
     19.26000000	      0.01684522	      0.03059160	      0.05441123
     19.26400000	      0.01687515	      0.03061875	      0.05473118
     19.26800000	      0.01690279	      0.03064382	      0.05512131
     19.27200000	      0.01695001	      0.03068660	      0.05573281
     19.27600000	      0.01684758	      0.03059374	      0.05598433
     19.28000000	      0.01670425	      0.03046332	      0.05506697
     19.28400000	      0.01665849	      0.03042157	      0.05477208
     19.28800000	      0.01663045	      0.03039595	      0.05479353
     19.29200000	      0.01668712	      0.03044770	      0.05437324
     19.29600000	      0.01667174	      0.03043366	      0.05432049
     19.30000000	      0.01665349	      0.03041700	      0.05432999
     19.30400000	      0.01664417	      0.03040849	      0.05431585
     19.30800000	      0.01661193	      0.03037902	      0.05434339
     19.31200000	      0.01657536	      0.03034556	      0.05437984
     19.31600000	      0.01654813	      0.03032063	      0.05449231
     19.32000000	      0.01653298	      0.03030674	      0.05448782
     19.32400000	      0.01651551	      0.03029073	      0.05449734
     19.32800000	      0.01650431	      0.03028046	      0.05453235
     19.33200000	      0.01648942	      0.03026679	      0.05453315
     19.33600000	      0.01647624	      0.03025470	      0.05484077
     19.34000000	      0.01647380	      0.03025245	      0.05484470
     19.34400000	      0.01644575	      0.03022669	      0.05483786
     19.34800000	      0.01642690	      0.03020937	      0.05482841
     19.35200000	      0.01641199	      0.03019565	      0.05482889
     19.35600000	      0.01639093	      0.03017627	      0.05482317
     19.36000000	      0.01637875	      0.03016505	      0.05482156
     19.36400000	      0.01636740	      0.03015460	      0.05483286
     19.36800000	      0.01635059	      0.03013911	      0.05486643
     19.37200000	      0.01633546	      0.03012516	      0.05491971
     19.37600000	      0.01631878	      0.03010978	      0.05496634
     19.38000000	      0.01631611	      0.03010732	      0.05497638
     19.38400000	      0.01633004	      0.03012016	      0.05500101
     19.38800000	      0.01632048	      0.03011135	      0.05507300
     19.39200000	      0.01630695	      0.03009887	      0.05508855
     19.39600000	      0.01629477	      0.03008762	      0.05509798
     19.40000000	      0.01626095	      0.03005639	      0.05516754
     19.40400000	      0.01621840	      0.03001703	      0.05520671
     19.40800000	      0.01619706	      0.02999728	      0.05525167
     19.41200000	      0.01618084	      0.02998225	      0.05547824
     19.41600000	      0.01617557	      0.02997737	      0.05556397
     19.42000000	      0.01615198	      0.02995550	      0.05552032
     19.42400000	      0.01614838	      0.02995217	      0.05559771
     19.42800000	      0.01611924	      0.02992513	      0.05553095
     19.43200000	      0.01609567	      0.02990324	      0.05548658
     19.43600000	      0.01610027	      0.02990751	      0.05558051
     19.44000000	      0.01609282	      0.02990060	      0.05564218
     19.44400000	      0.01607033	      0.02987969	      0.05564008
     19.44800000	      0.01605616	      0.02986652	      0.05580077
     19.45200000	      0.01603083	      0.02984295	      0.05579877
     19.45600000	      0.01602590	      0.02983836	      0.05591527
     19.46000000	      0.01603116	      0.02984325	      0.05593723
     19.46400000	      0.01604944	      0.02986027	      0.05587309
     19.46800000	      0.01603550	      0.02984730	      0.05590605
     19.47200000	      0.01600580	      0.02981964	      0.05586996
     19.47600000	      0.01599259	      0.02980734	      0.05587241
     19.48000000	      0.01596498	      0.02978160	      0.05604443
     19.48400000	      0.01597445	      0.02979042	      0.05597348
     19.48800000	      0.01598026	      0.02979584	      0.05577239
     19.49200000	      0.01592414	      0.02974347	      0.05601967
     19.49600000	      0.01587081	      0.02969363	      0.05612836
     19.50000000	      0.01584361	      0.02966817	      0.05632924
     19.50400000	      0.01582803	      0.02965358	      0.05635771
     19.50800000	      0.01581921	      0.02964532	      0.05633810
     19.51200000	      0.01580477	      0.02963179	      0.05629531
     19.51600000	      0.01578808	      0.02961614	      0.05620111
     19.52000000	      0.01577294	      0.02960194	      0.05623234
     19.52400000	      0.01575331	      0.02958351	      0.05612004
     19.52800000	      0.01573449	      0.02956583	      0.05613083
     19.53200000	      0.01571970	      0.02955194	      0.05617375
     19.53600000	      0.01570214	      0.02953543	      0.05605129
     19.54000000	      0.01568899	      0.02952305	      0.05604264
     19.54400000	      0.01567106	      0.02950618	      0.05594197
     19.54800000	      0.01564734	      0.02948384	      0.05604650
     19.55200000	      0.01561067	      0.02944927	      0.05610126
     19.55600000	      0.01558959	      0.02942938	      0.05612449
     19.56000000	      0.01557046	      0.02941131	      0.05599868
     19.56400000	      0.01557265	      0.02941339	      0.05595722
     19.56800000	      0.01559569	      0.02943514	      0.05591815
     19.57200000	      0.01556042	      0.02940183	      0.05650795
     19.57600000	      0.01564784	      0.02948431	      0.05553330
     19.58000000	      0.01562818	      0.02946578	      0.05562120
     19.58400000	      0.01561858	      0.02945673	      0.05566979
     19.58800000	      0.01560771	      0.02944647	      0.05562392
     19.59200000	      0.01559099	      0.02943070	      0.05560240
     19.59600000	      0.01556533	      0.02940648	      0.05554542
     19.60000000	      0.01552694	      0.02937019	      0.05545462
     19.60400000	      0.01548144	      0.02932712	      0.05540260
     19.60800000	      0.01545000	      0.02929733	      0.05559415
     19.61200000	      0.01542017	      0.02926903	      0.05545701
     19.61600000	      0.01540376	      0.02925345	      0.05550460
     19.62000000	      0.01542578	      0.02927435	      0.05553425
     19.62400000	      0.01545954	      0.02930637	      0.05549101
     19.62800000	      0.01537307	      0.02922429	      0.05543739
     19.63200000	      0.01534079	      0.02919360	      0.05531449
     19.63600000	      0.01532034	      0.02917413	      0.05531133
     19.64000000	      0.01530499	      0.02915952	      0.05538864
     19.64400000	      0.01527653	      0.02913239	      0.05494772
     19.64800000	      0.01525344	      0.02911036	      0.05503547
     19.65200000	      0.01523922	      0.02909679	      0.05497442
     19.65600000	      0.01522931	      0.02908733	      0.05500632
     19.66000000	      0.01522010	      0.02907854	      0.05509283
     19.66400000	      0.01521614	      0.02907475	      0.05500746
     19.66800000	      0.01518835	      0.02904819	      0.05466422
     19.67200000	      0.01517392	      0.02903439	      0.05474683
     19.67600000	      0.01516592	      0.02902674	      0.05466125
     19.68000000	      0.01514835	      0.02900991	      0.05481149
     19.68400000	      0.01515122	      0.02901266	      0.05467318
     19.68800000	      0.01513423	      0.02899639	      0.05465855
     19.69200000	      0.01511001	      0.02897318	      0.05447616
     19.69600000	      0.01508135	      0.02894569	      0.05463076
     19.70000000	      0.01508397	      0.02894820	      0.05456347
     19.70400000	      0.01507580	      0.02894036	      0.05475562
     19.70800000	      0.01507071	      0.02893548	      0.05486891
     19.71200000	      0.01505894	      0.02892417	      0.05475954
     19.71600000	      0.01504386	      0.02890969	      0.05496856
     19.72000000	      0.01502052	      0.02888726	      0.05495596
     19.72400000	      0.01499114	      0.02885898	      0.05487922
     19.72800000	      0.01496985	      0.02883849	      0.05460472
     19.73200000	      0.01494529	      0.02881482	      0.05485942
     19.73600000	      0.01492988	      0.02879996	      0.05478047
     19.74000000	      0.01491560	      0.02878618	      0.05461455
     19.74400000	      0.01489010	      0.02876156	      0.05489236
     19.74800000	      0.01488458	      0.02875623	      0.05479756
     19.75200000	      0.01488550	      0.02875713	      0.05465147
     19.75600000	      0.01487104	      0.02874316	      0.05495667
     19.76000000	      0.01486137	      0.02873381	      0.05481634
     19.76400000	      0.01485645	      0.02872905	      0.05479785
     19.76800000	      0.01483873	      0.02871192	      0.05494978
     19.77200000	      0.01482848	      0.02870200	      0.05492330
     19.77600000	      0.01479771	      0.02867220	      0.05506343
     19.78000000	      0.01477233	      0.02864760	      0.05507203
     19.78400000	      0.01475785	      0.02863355	      0.05491887
     19.78800000	      0.01475169	      0.02862758	      0.05493935
     19.79200000	      0.01473343	      0.02860986	      0.05503230
     19.79600000	      0.01472172	      0.02859848	      0.05503235
     19.80000000	      0.01471572	      0.02859266	      0.05491905
     19.80400000	      0.01471012	      0.02858722	      0.05494018
     19.80800000	      0.01469226	      0.02856985	      0.05513080
     19.81200000	      0.01468369	      0.02856152	      0.05512969
     19.81600000	      0.01467467	      0.02855275	      0.05507991
     19.82000000	      0.01466753	      0.02854581	      0.05507322
     19.82400000	      0.01465015	      0.02852888	      0.05517142
     19.82800000	      0.01463606	      0.02851516	      0.05518036
     19.83200000	      0.01462071	      0.02850020	      0.05510965
     19.83600000	      0.01460780	      0.02848762	      0.05510262
     19.84000000	      0.01459278	      0.02847297	      0.05522130
     19.84400000	      0.01461553	      0.02849516	      0.05520361
     19.84800000	      0.01462822	      0.02850753	      0.05512452
     19.85200000	      0.01462588	      0.02850525	      0.05510855
     19.85600000	      0.01461484	      0.02849448	      0.05506653
     19.86000000	      0.01460091	      0.02848090	      0.05504927
     19.86400000	      0.01457977	      0.02846027	      0.05529650
     19.86800000	      0.01456822	      0.02844900	      0.05526884
     19.87200000	      0.01455733	      0.02843837	      0.05512915
     19.87600000	      0.01454790	      0.02842915	      0.05511261
     19.88000000	      0.01454293	      0.02842429	      0.05507572
     19.88400000	      0.01453005	      0.02841171	      0.05508693
     19.88800000	      0.01450834	      0.02839048	      0.05507129
     19.89200000	      0.01450015	      0.02838246	      0.05506820
     19.89600000	      0.01448629	      0.02836889	      0.05525695
     19.90000000	      0.01448403	      0.02836667	      0.05525964
     19.90400000	      0.01448126	      0.02836397	      0.05526274
     19.90800000	      0.01447607	      0.02835888	      0.05526675
     19.91200000	      0.01447608	      0.02835889	      0.05527006
     19.91600000	      0.01447618	      0.02835899	      0.05523008
     19.92000000	      0.01447671	      0.02835951	      0.05526345
     19.92400000	      0.01447662	      0.02835942	      0.05526602
     19.92800000	      0.01447508	      0.02835791	      0.05527274
     19.93200000	      0.01447479	      0.02835762	      0.05528009
     19.93600000	      0.01447813	      0.02836089	      0.05528581
     19.94000000	      0.01448152	      0.02836422	      0.05528904
     19.94400000	      0.01449613	      0.02837853	      0.05526938
     19.94800000	      0.01452444	      0.02840622	      0.05522837
     19.95200000	      0.01451760	      0.02839953	      0.05526641
     19.95600000	      0.01452896	      0.02841064	      0.05528529
     19.96000000	      0.01460978	      0.02848955	      0.05533443
     19.96400000	      0.01462447	      0.02850387	      0.05534121
     19.96800000	      0.01462622	      0.02850557	      0.05536556
     19.97200000	      0.01463572	      0.02851483	      0.05530169
     19.97600000	      0.01466181	      0.02854023	      0.05524127
     19.98000000	      0.01464662	      0.02852545	      0.05532463
     19.98400000	      0.01460426	      0.02848416	      0.05533274
     19.98800000	      0.01459487	      0.02847501	      0.05531932
     19.99200000	      0.01459246	      0.02847266	      0.05527879
     19.99600000	      0.01459105	      0.02847128	      0.05525241
     20.00000000	      0.01458936	      0.02846963	      0.05539343
     20.00400000	      0.01458887	      0.02846915	      0.05534125
     20.00800000	      0.01458883	      0.02846911	      0.05528954
     20.01200000	      0.01458954	      0.02846981	      0.05527251
     20.01600000	      0.01459190	      0.02847212	      0.05521425
     20.02000000	      0.01459486	      0.02847500	      0.05521972
     20.02400000	      0.01464651	      0.02852534	      0.05534837
     20.02800000	      0.01476635	      0.02864180	      0.05536242
     20.03200000	      0.01480014	      0.02867456	      0.05537663
     20.03600000	      0.01476149	      0.02863709	      0.05537063
     20.04000000	      0.01465231	      0.02853099	      0.05543003
     20.04400000	      0.01463191	      0.02851112	      0.05541136
     20.04800000	      0.01463043	      0.02850967	      0.05537139
     20.05200000	      0.01462905	      0.02850833	      0.05526774
     20.05600000	      0.01463413	      0.02851328	      0.05525756
     20.06000000	      0.01463969	      0.02851870	      0.05522799
     20.06400000	      0.01464500	      0.02852386	      0.05536044
     20.06800000	      0.01469976	      0.02857715	      0.05538071
     20.07200000	      0.01477035	      0.02864568	      0.05538879
     20.07600000	      0.01468676	      0.02856450	      0.05524256
     20.08000000	      0.01467405	      0.02855214	      0.05523262
     20.08400000	      0.01467809	      0.02855607	      0.05535351
     20.08800000	      0.01468896	      0.02856665	      0.05535510
     20.09200000	      0.01469670	      0.02857417	      0.05542689
     20.09600000	      0.01470732	      0.02858449	      0.05541745
     20.10000000	      0.01470880	      0.02858594	      0.05521242
     20.10400000	      0.01471499	      0.02859195	      0.05521757
     20.10800000	      0.01472113	      0.02859791	      0.05533781
     20.11200000	      0.01472998	      0.02860651	      0.05534849
     20.11600000	      0.01473317	      0.02860960	      0.05517719
     20.12000000	      0.01473997	      0.02861620	      0.05518700
     20.12400000	      0.01474749	      0.02862350	      0.05534854
     20.12800000	      0.01474541	      0.02862148	      0.05534896
     20.13200000	      0.01473845	      0.02861473	      0.05540823
     20.13600000	      0.01474838	      0.02862437	      0.05516613
     20.14000000	      0.01473857	      0.02861484	      0.05519486
     20.14400000	      0.01474178	      0.02861797	      0.05534929
     20.14800000	      0.01475358	      0.02862942	      0.05532686
     20.15200000	      0.01475532	      0.02863110	      0.05508493
     20.15600000	      0.01476189	      0.02863747	      0.05510960
     20.16000000	      0.01476121	      0.02863682	      0.05510072
     20.16400000	      0.01477821	      0.02865330	      0.05505888
     20.16800000	      0.01478926	      0.02866401	      0.05524659
     20.17200000	      0.01480429	      0.02867857	      0.05522931
     20.17600000	      0.01480978	      0.02868389	      0.05499866
     20.18000000	      0.01482044	      0.02869421	      0.05501624
     20.18400000	      0.01481539	      0.02868932	      0.05495481
     20.18800000	      0.01482344	      0.02869712	      0.05496320
     20.19200000	      0.01483224	      0.02870563	      0.05499581
     20.19600000	      0.01484590	      0.02871884	      0.05501068
     20.20000000	      0.01485620	      0.02872881	      0.05493215
     20.20400000	      0.01487425	      0.02874625	      0.05494095
     20.20800000	      0.01488348	      0.02875518	      0.05492022
     20.21200000	      0.01489597	      0.02876723	      0.05493938
     20.21600000	      0.01490230	      0.02877335	      0.05490798
     20.22000000	      0.01492006	      0.02879049	      0.05494313
     20.22400000	      0.01493976	      0.02880949	      0.05511249
     20.22800000	      0.01495563	      0.02882479	      0.05487963
     20.23200000	      0.01498143	      0.02884964	      0.05503916
     20.23600000	      0.01500249	      0.02886991	      0.05476850
     20.24000000	      0.01505827	      0.02892353	      0.05505247
     20.24400000	      0.01513913	      0.02900108	      0.05481702
     20.24800000	      0.01508524	      0.02894942	      0.05495205
     20.25200000	      0.01508187	      0.02894618	      0.05484414
     20.25600000	      0.01508609	      0.02895023	      0.05499507
     20.26000000	      0.01507243	      0.02893713	      0.05485972
     20.26400000	      0.01507301	      0.02893768	      0.05496543
     20.26800000	      0.01509046	      0.02895443	      0.05505206
     20.27200000	      0.01509859	      0.02896222	      0.05477424
     20.27600000	      0.01511770	      0.02898054	      0.05489827
     20.28000000	      0.01513941	      0.02900135	      0.05495128
     20.28400000	      0.01515798	      0.02901913	      0.05470796
     20.28800000	      0.01517834	      0.02903862	      0.05489263
     20.29200000	      0.01519013	      0.02904989	      0.05473225
     20.29600000	      0.01521136	      0.02907019	      0.05484481
     20.30000000	      0.01523145	      0.02908937	      0.05492200
     20.30400000	      0.01521484	      0.02907351	      0.05469008
     20.30800000	      0.01520225	      0.02906147	      0.05487202
     20.31200000	      0.01521706	      0.02907563	      0.05478558
     20.31600000	      0.01524633	      0.02910358	      0.05490127
     20.32000000	      0.01526935	      0.02912554	      0.05468999
     20.32400000	      0.01529009	      0.02914531	      0.05487142
     20.32800000	      0.01530769	      0.02916208	      0.05467505
     20.33200000	      0.01533261	      0.02918582	      0.05478934
     20.33600000	      0.01535851	      0.02921045	      0.05470300
     20.34000000	      0.01537791	      0.02922890	      0.05468881
     20.34400000	      0.01539985	      0.02924974	      0.05482085
     20.34800000	      0.01541840	      0.02926735	      0.05466630
     20.35200000	      0.01543632	      0.02928436	      0.05478403
     20.35600000	      0.01545124	      0.02929851	      0.05462411
     20.36000000	      0.01546181	      0.02930852	      0.05471416
     20.36400000	      0.01548359	      0.02932916	      0.05476553
     20.36800000	      0.01550376	      0.02934826	      0.05472707
     20.37200000	      0.01551522	      0.02935910	      0.05490243
     20.37600000	      0.01552907	      0.02937220	      0.05486335
     20.38000000	      0.01554451	      0.02938680	      0.05495424
     20.38400000	      0.01556284	      0.02940411	      0.05490946
     20.38800000	      0.01557507	      0.02941567	      0.05513224
     20.39200000	      0.01559130	      0.02943099	      0.05513804
     20.39600000	      0.01560750	      0.02944628	      0.05509952
     20.40000000	      0.01562005	      0.02945812	      0.05522731
     20.40400000	      0.01571827	      0.02955059	      0.05582752
     20.40800000	      0.01591482	      0.02973478	      0.05739298
     20.41200000	      0.01594246	      0.02976058	      0.05742143
     20.41600000	      0.01589361	      0.02971496	      0.05706364
     20.42000000	      0.01589105	      0.02971256	      0.05686534
     20.42400000	      0.01589371	      0.02971505	      0.05691579
     20.42800000	      0.01590346	      0.02972416	      0.05683273
     20.43200000	      0.01590851	      0.02972888	      0.05689377
     20.43600000	      0.01590728	      0.02972772	      0.05682159
     20.44000000	      0.01591405	      0.02973405	      0.05673225
     20.44400000	      0.01593748	      0.02975593	      0.05663128
     20.44800000	      0.01596473	      0.02978136	      0.05655015
     20.45200000	      0.01595106	      0.02976860	      0.05664380
     20.45600000	      0.01585927	      0.02968284	      0.05655948
     20.46000000	      0.01578713	      0.02961525	      0.05642523
     20.46400000	      0.01576957	      0.02959877	      0.05632518
     20.46800000	      0.01576161	      0.02959130	      0.05623030
     20.47200000	      0.01575816	      0.02958806	      0.05606432
     20.47600000	      0.01574890	      0.02957936	      0.05579051
     20.48000000	      0.01573719	      0.02956837	      0.05561948
     20.48400000	      0.01573350	      0.02956490	      0.05552564
     20.48800000	      0.01574225	      0.02957312	      0.05543005
     20.49200000	      0.01574590	      0.02957655	      0.05543231
     20.49600000	      0.01575274	      0.02958297	      0.05539140
     20.50000000	      0.01577121	      0.02960031	      0.05532551
     20.50400000	      0.01580294	      0.02963007	      0.05519503
     20.50800000	      0.01579975	      0.02962708	      0.05498094
     20.51200000	      0.01579705	      0.02962455	      0.05485346
     20.51600000	      0.01578896	      0.02961696	      0.05475575
     20.52000000	      0.01579667	      0.02962419	      0.05470277
     20.52400000	      0.01580183	      0.02962903	      0.05457805
     20.52800000	      0.01581321	      0.02963970	      0.05455548
     20.53200000	      0.01582965	      0.02965510	      0.05449469
     20.53600000	      0.01584422	      0.02966874	      0.05434741
     20.54000000	      0.01593520	      0.02975380	      0.05432805
     20.54400000	      0.01612109	      0.02992684	      0.05438319
     20.54800000	      0.01615894	      0.02996196	      0.05442355
     20.55200000	      0.01618244	      0.02998374	      0.05449620
     20.55600000	      0.01622171	      0.03002010	      0.05468422
     20.56000000	      0.01624449	      0.03004116	      0.05473409
     20.56400000	      0.01622417	      0.03002237	      0.05470377
     20.56800000	      0.01619171	      0.02999233	      0.05471932
     20.57200000	      0.01627252	      0.03006707	      0.05474113
     20.57600000	      0.01628172	      0.03007557	      0.05479079
     20.58000000	      0.01624898	      0.03004531	      0.05468579
     20.58400000	      0.01624557	      0.03004216	      0.05439052
     20.58800000	      0.01624768	      0.03004411	      0.05432811
     20.59200000	      0.01625580	      0.03005162	      0.05449975
     20.59600000	      0.01625520	      0.03005107	      0.05427478
     20.60000000	      0.01625305	      0.03004908	      0.05443077
     20.60400000	      0.01630093	      0.03009331	      0.05428586
     20.60800000	      0.01639557	      0.03018054	      0.05451257
     20.61200000	      0.01640851	      0.03019244	      0.05449335
     20.61600000	      0.01641062	      0.03019439	      0.05426477
     20.62000000	      0.01638803	      0.03017360	      0.05438475
     20.62400000	      0.01637333	      0.03016006	      0.05424648
     20.62800000	      0.01636510	      0.03015249	      0.05434697
     20.63200000	      0.01635018	      0.03013873	      0.05434662
     20.63600000	      0.01632937	      0.03011955	      0.05424911
     20.64000000	      0.01632605	      0.03011649	      0.05432852
     20.64400000	      0.01632459	      0.03011514	      0.05418854
     20.64800000	      0.01632656	      0.03011696	      0.05421093
     20.65200000	      0.01635989	      0.03014768	      0.05428118
     20.65600000	      0.01644152	      0.03022280	      0.05416289
     20.66000000	      0.01646690	      0.03024612	      0.05423733
     20.66400000	      0.01646974	      0.03024873	      0.05410800
     20.66800000	      0.01647433	      0.03025294	      0.05417622
     20.67200000	      0.01647559	      0.03025410	      0.05418228
     20.67600000	      0.01648330	      0.03026118	      0.05411794
     20.68000000	      0.01650650	      0.03028246	      0.05411296
     20.68400000	      0.01651756	      0.03029261	      0.05412550
     20.68800000	      0.01651684	      0.03029195	      0.05410562
     20.69200000	      0.01648626	      0.03026390	      0.05409953
     20.69600000	      0.01645188	      0.03023233	      0.05407308
     20.70000000	      0.01645003	      0.03023063	      0.05399786
     20.70400000	      0.01646050	      0.03024024	      0.05402341
     20.70800000	      0.01646494	      0.03024432	      0.05404877
     20.71200000	      0.01651093	      0.03028653	      0.05395223
     20.71600000	      0.01659585	      0.03036431	      0.05395053
     20.72000000	      0.01663873	      0.03040352	      0.05390775
     20.72400000	      0.01668682	      0.03044743	      0.05388093
     20.72800000	      0.01666762	      0.03042990	      0.05387924
     20.73200000	      0.01670684	      0.03046568	      0.05394275
     20.73600000	      0.01664342	      0.03040780	      0.05385826
     20.74000000	      0.01662578	      0.03039168	      0.05386488
     20.74400000	      0.01662766	      0.03039340	      0.05385767
     20.74800000	      0.01663549	      0.03040055	      0.05393998
     20.75200000	      0.01664553	      0.03040973	      0.05385588
     20.75600000	      0.01664924	      0.03041312	      0.05390935
     20.76000000	      0.01665594	      0.03041923	      0.05391963
     20.76400000	      0.01667750	      0.03043892	      0.05385599
     20.76800000	      0.01676787	      0.03052127	      0.05388064
     20.77200000	      0.01688789	      0.03063031	      0.05385546
     20.77600000	      0.01691984	      0.03065927	      0.05379567
     20.78000000	      0.01692919	      0.03066775	      0.05378201
     20.78400000	      0.01693929	      0.03067689	      0.05378569
     20.78800000	      0.01696651	      0.03070153	      0.05373868
     20.79200000	      0.01694929	      0.03068594	      0.05376166
     20.79600000	      0.01691974	      0.03065919	      0.05365482
     20.80000000	      0.01699803	      0.03073004	      0.05376712
     20.80400000	      0.01703513	      0.03076355	      0.05363543
     20.80800000	      0.01711771	      0.03083803	      0.05364266
     20.81200000	      0.01727090	      0.03097571	      0.05373659
     20.81600000	      0.01739120	      0.03108340	      0.05382084
     20.82000000	      0.01738969	      0.03108205	      0.05372325
     20.82400000	      0.01740183	      0.03109290	      0.05368407
     20.82800000	      0.01728584	      0.03098910	      0.05371186
     20.83200000	      0.01726637	      0.03097164	      0.05371937
     20.83600000	      0.01729446	      0.03099683	      0.05366012
     20.84000000	      0.01736013	      0.03105562	      0.05366446
     20.84400000	      0.01739509	      0.03108688	      0.05371719
     20.84800000	      0.01742213	      0.03111103	      0.05375735
     20.85200000	      0.01744738	      0.03113357	      0.05362955
     20.85600000	      0.01753320	      0.03121004	      0.05370328
     20.86000000	      0.01770309	      0.03136089	      0.05377452
     20.86400000	      0.01774554	      0.03139846	      0.05357919
     20.86800000	      0.01769034	      0.03134959	      0.05363439
     20.87200000	      0.01760593	      0.03127471	      0.05365451
     20.87600000	      0.01769034	      0.03134958	      0.05346564
     20.88000000	      0.01771098	      0.03136787	      0.05350620
     20.88400000	      0.01767698	      0.03133775	      0.05358543
     20.88800000	      0.01763018	      0.03129624	      0.05396517
     20.89200000	      0.01767166	      0.03133303	      0.05400201
     20.89600000	      0.01763238	      0.03129819	      0.05435768
     20.90000000	      0.01764774	      0.03131182	      0.05440741
     20.90400000	      0.01766151	      0.03132404	      0.05451430
     20.90800000	      0.01766926	      0.03133090	      0.05461581
     20.91200000	      0.01775381	      0.03140578	      0.05493543
     20.91600000	      0.01794740	      0.03157654	      0.05498961
     20.92000000	      0.01803797	      0.03165612	      0.05510686
     20.92400000	      0.01808554	      0.03169783	      0.05519344
     20.92800000	      0.01801026	      0.03163179	      0.05534378
     20.93200000	      0.01782812	      0.03147143	      0.05549072
     20.93600000	      0.01782471	      0.03146842	      0.05562184
     20.94000000	      0.01780279	      0.03144906	      0.05569229
     20.94400000	      0.01783458	      0.03147713	      0.05575419
     20.94800000	      0.01780761	      0.03145332	      0.05581866
     20.95200000	      0.01790013	      0.03153493	      0.05598649
     20.95600000	      0.01789560	      0.03153094	      0.05603746
     20.96000000	      0.01786772	      0.03150637	      0.05614974
     20.96400000	      0.01794703	      0.03157621	      0.05623797
     20.96800000	      0.01797878	      0.03160413	      0.05629282
     20.97200000	      0.01796834	      0.03159495	      0.05638602
     20.97600000	      0.01795379	      0.03158216	      0.05648839
     20.98000000	      0.01799780	      0.03162085	      0.05661923
     20.98400000	      0.01794583	      0.03157516	      0.05671935
     20.98800000	      0.01793886	      0.03156902	      0.05680469
     20.99200000	      0.01793508	      0.03156570	      0.05687481
     20.99600000	      0.01792228	      0.03155443	      0.05692719
     21.00000000	      0.01791853	      0.03155113	      0.05708930
     21.00400000	      0.01792203	      0.03155421	      0.05709269
     21.00800000	      0.01793030	      0.03156149	      0.05712224
     21.01200000	      0.01793824	      0.03156848	      0.05715624
     21.01600000	      0.01795554	      0.03158369	      0.05719065
     21.02000000	      0.01798430	      0.03160898	      0.05723894
     21.02400000	      0.01800334	      0.03162571	      0.05731177
     21.02800000	      0.01801104	      0.03163247	      0.05739059
     21.03200000	      0.01800754	      0.03162940	      0.05747147
     21.03600000	      0.01801350	      0.03163463	      0.05755246
     21.04000000	      0.01802531	      0.03164500	      0.05765018
     21.04400000	      0.01807025	      0.03168442	      0.05772921
     21.04800000	      0.01814758	      0.03175214	      0.05769688
     21.05200000	      0.01816534	      0.03176768	      0.05781508
     21.05600000	      0.01817194	      0.03177345	      0.05782407
     21.06000000	      0.01817573	      0.03177676	      0.05784474
     21.06400000	      0.01818137	      0.03178170	      0.05787302
     21.06800000	      0.01818173	      0.03178201	      0.05790197
     21.07200000	      0.01817831	      0.03177902	      0.05797532
     21.07600000	      0.01818632	      0.03178602	      0.05798390
     21.08000000	      0.01820132	      0.03179913	      0.05802392
     21.08400000	      0.01821252	      0.03180891	      0.05806618
     21.08800000	      0.01822120	      0.03181649	      0.05809013
     21.09200000	      0.01821940	      0.03181492	      0.05807964
     21.09600000	      0.01821369	      0.03180993	      0.05804795
     21.10000000	      0.01821545	      0.03181147	      0.05800905
     21.10400000	      0.01821935	      0.03181488	      0.05802914
     21.10800000	      0.01822566	      0.03182038	      0.05805890
     21.11200000	      0.01823152	      0.03182549	      0.05806574
     21.11600000	      0.01823767	      0.03183087	      0.05808250
     21.12000000	      0.01821018	      0.03180686	      0.05801046
     21.12400000	      0.01813992	      0.03174545	      0.05826724
     21.12800000	      0.01812597	      0.03173324	      0.05822224
     21.13200000	      0.01812403	      0.03173154	      0.05824672
     21.13600000	      0.01812856	      0.03173550	      0.05817057
     21.14000000	      0.01812952	      0.03173635	      0.05826085
     21.14400000	      0.01813898	      0.03174462	      0.05824366
     21.14800000	      0.01822346	      0.03181846	      0.05838173
     21.15200000	      0.01839634	      0.03196903	      0.05884551
     21.15600000	      0.01843006	      0.03199832	      0.05881748
     21.16000000	      0.01843205	      0.03200004	      0.05895639
     21.16400000	      0.01844049	      0.03200737	      0.05890776
     21.16800000	      0.01813592	      0.03174195	      0.05833139
     21.17200000	      0.01817888	      0.03177952	      0.05829141
     21.17600000	      0.01822094	      0.03181626	      0.05836879
     21.18000000	      0.01816698	      0.03176911	      0.05839196
     21.18400000	      0.01815285	      0.03175675	      0.05836529
     21.18800000	      0.01818011	      0.03178059	      0.05838213
     21.19200000	      0.01821195	      0.03180841	      0.05837207
     21.19600000	      0.01818620	      0.03178592	      0.05837975
     21.20000000	      0.01824670	      0.03183874	      0.05844994
     21.20400000	      0.01826120	      0.03185139	      0.05840481
     21.20800000	      0.01826583	      0.03185543	      0.05853711
     21.21200000	      0.01827451	      0.03186300	      0.05852369
     21.21600000	      0.01827396	      0.03186252	      0.05863196
     21.22000000	      0.01827281	      0.03186151	      0.05858527
     21.22400000	      0.01826859	      0.03185784	      0.05859303
     21.22800000	      0.01841240	      0.03198298	      0.05824633
     21.23200000	      0.01721536	      0.03092586	      0.05991563
     21.23600000	      0.01825130	      0.03184276	      0.05833274
     21.24000000	      0.01826271	      0.03185271	      0.05831689
     21.24400000	      0.01826796	      0.03185728	      0.05843020
     21.24800000	      0.01827128	      0.03186018	      0.05841898
     21.25200000	      0.01827286	      0.03186156	      0.05857075
     21.25600000	      0.01827163	      0.03186048	      0.05843427
     21.26000000	      0.01827278	      0.03186149	      0.05840204
     21.26400000	      0.01825259	      0.03184388	      0.05840331
     21.26800000	      0.01820748	      0.03180451	      0.05840815
     21.27200000	      0.01822056	      0.03181593	      0.05835032
     21.27600000	      0.01826749	      0.03185687	      0.05845911
     21.28000000	      0.01828780	      0.03187458	      0.05851839
     21.28400000	      0.01830638	      0.03189077	      0.05851773
     21.28800000	      0.01831680	      0.03189985	      0.05851755
     21.29200000	      0.01831531	      0.03189855	      0.05831237
     21.29600000	      0.01830964	      0.03189361	      0.05831403
     21.30000000	      0.01830850	      0.03189262	      0.05825373
     21.30400000	      0.01830511	      0.03188966	      0.05833077
     21.30800000	      0.01830467	      0.03188928	      0.05842223
     21.31200000	      0.01830404	      0.03188873	      0.05833053
     21.31600000	      0.01827162	      0.03186048	      0.05843958
     21.32000000	      0.01820017	      0.03179812	      0.05837772
     21.32400000	      0.01818434	      0.03178429	      0.05839618
     21.32800000	      0.01818097	      0.03178135	      0.05866608
     21.33200000	      0.01815346	      0.03175730	      0.05830145
     21.33600000	      0.01810492	      0.03171481	      0.05809125
     21.34000000	      0.01812436	      0.03173183	      0.05805983
     21.34400000	      0.01816087	      0.03176378	      0.05804581
     21.34800000	      0.01814208	      0.03174733	      0.05812894
     21.35200000	      0.01818090	      0.03178129	      0.05800477
     21.35600000	      0.01815322	      0.03175709	      0.05820228
     21.36000000	      0.01814959	      0.03175391	      0.05807273
     21.36400000	      0.01815474	      0.03175842	      0.05823964
     21.36800000	      0.01818917	      0.03178851	      0.05811170
     21.37200000	      0.01826532	      0.03185498	      0.05810374
     21.37600000	      0.01828507	      0.03187220	      0.05798371
     21.38000000	      0.01829266	      0.03187881	      0.05797958
     21.38400000	      0.01829414	      0.03188010	      0.05790454
     21.38800000	      0.01829503	      0.03188088	      0.05793093
     21.39200000	      0.01829471	      0.03188060	      0.05795008
     21.39600000	      0.01829456	      0.03188047	      0.05788998
     21.40000000	      0.01829771	      0.03188321	      0.05792102
     21.40400000	      0.01829961	      0.03188487	      0.05788573
     21.40800000	      0.01829814	      0.03188359	      0.05785726
     21.41200000	      0.01828310	      0.03187048	      0.05767861
     21.41600000	      0.01828478	      0.03187195	      0.05768746
     21.42000000	      0.01829196	      0.03187821	      0.05763872
     21.42400000	      0.01830998	      0.03189391	      0.05766383
     21.42800000	      0.01831740	      0.03190037	      0.05760386
     21.43200000	      0.01831456	      0.03189789	      0.05756328
     21.43600000	      0.01830102	      0.03188610	      0.05757440
     21.44000000	      0.01826657	      0.03185607	      0.05762944
     21.44400000	      0.01823006	      0.03182422	      0.05761863
     21.44800000	      0.01825207	      0.03184343	      0.05758052
     21.45200000	      0.01823096	      0.03182501	      0.05754428
     21.45600000	      0.01827867	      0.03186663	      0.05754180
     21.46000000	      0.01823460	      0.03182818	      0.05754527
     21.46400000	      0.01822425	      0.03181915	      0.05754513
     21.46800000	      0.01821256	      0.03180895	      0.05744536
     21.47200000	      0.01822730	      0.03182182	      0.05735355
     21.47600000	      0.01829776	      0.03188326	      0.05727319
     21.48000000	      0.01827745	      0.03186556	      0.05706060
     21.48400000	      0.01820713	      0.03180420	      0.05710598
     21.48800000	      0.01820009	      0.03179805	      0.05711322
     21.49200000	      0.01820719	      0.03180425	      0.05713961
     21.49600000	      0.01820297	      0.03180056	      0.05704846
     21.50000000	      0.01823245	      0.03182631	      0.05692570
     21.50400000	      0.01831553	      0.03189874	      0.05685927
     21.50800000	      0.01831226	      0.03189589	      0.05683024
     21.51200000	      0.01827118	      0.03186010	      0.05674332
     21.51600000	      0.01832176	      0.03190416	      0.05664893
     21.52000000	      0.01831897	      0.03190174	      0.05659735
     21.52400000	      0.01827511	      0.03186352	      0.05654815
     21.52800000	      0.01817986	      0.03178038	      0.05634464
     21.53200000	      0.01819171	      0.03179073	      0.05630901
     21.53600000	      0.01823986	      0.03183278	      0.05630826
     21.54000000	      0.01821296	      0.03180929	      0.05628548
     21.54400000	      0.01823863	      0.03183170	      0.05620995
     21.54800000	      0.01820307	      0.03180065	      0.05615696
     21.55200000	      0.01826099	      0.03185121	      0.05604970
     21.55600000	      0.01826467	      0.03185442	      0.05580259
     21.56000000	      0.01826218	      0.03185224	      0.05578529
     21.56400000	      0.01825765	      0.03184829	      0.05575080
     21.56800000	      0.01824286	      0.03183539	      0.05568789
     21.57200000	      0.01818927	      0.03178860	      0.05565465
     21.57600000	      0.01811898	      0.03172712	      0.05542032
     21.58000000	      0.01817720	      0.03177805	      0.05539592
     21.58400000	      0.01819283	      0.03179171	      0.05535247
     21.58800000	      0.01820717	      0.03180423	      0.05531367
     21.59200000	      0.01816234	      0.03176506	      0.05492840
     21.59600000	      0.01808412	      0.03169658	      0.05483467
     21.60000000	      0.01807113	      0.03168520	      0.05475245
     21.60400000	      0.01806585	      0.03168057	      0.05453395
     21.60800000	      0.01806572	      0.03168046	      0.05445946
     21.61200000	      0.01806501	      0.03167983	      0.05420847
     21.61600000	      0.01813983	      0.03174536	      0.05416436
     21.62000000	      0.01831090	      0.03189470	      0.05410625
     21.62400000	      0.01834400	      0.03192352	      0.05394986
     21.62800000	      0.01834415	      0.03192365	      0.05393980
     21.63200000	      0.01826415	      0.03185397	      0.05385973
     21.63600000	      0.01813659	      0.03174253	      0.05382742
     21.64000000	      0.01814808	      0.03175258	      0.05358306
     21.64400000	      0.01809336	      0.03170468	      0.05355215
     21.64800000	      0.01799431	      0.03161778	      0.05359907
     21.65200000	      0.01796045	      0.03158802	      0.05359599
     21.65600000	      0.01794049	      0.03157046	      0.05339266
     21.66000000	      0.01793140	      0.03156246	      0.05332608
     21.66400000	      0.01792736	      0.03155891	      0.05350080
     21.66800000	      0.01792299	      0.03155506	      0.05339134
     21.67200000	      0.01792760	      0.03155912	      0.05329182
     21.67600000	      0.01789467	      0.03153012	      0.05343965
     21.68000000	      0.01783634	      0.03147869	      0.05339024
     21.68400000	      0.01781681	      0.03146144	      0.05332628
     21.68800000	      0.01782457	      0.03146830	      0.05344158
     21.69200000	      0.01782028	      0.03146451	      0.05343066
     21.69600000	      0.01776332	      0.03141418	      0.05341333
     21.70000000	      0.01781199	      0.03145719	      0.05355242
     21.70400000	      0.01779393	      0.03144124	      0.05343430
     21.70800000	      0.01777251	      0.03142231	      0.05353290
     21.71200000	      0.01779471	      0.03144193	      0.05343834
     21.71600000	      0.01775268	      0.03140477	      0.05336454
     21.72000000	      0.01778692	      0.03143504	      0.05340928
     21.72400000	      0.01779153	      0.03143912	      0.05334477
     21.72800000	      0.01778947	      0.03143730	      0.05346292
     21.73200000	      0.01778059	      0.03142945	      0.05365449
     21.73600000	      0.01777149	      0.03142141	      0.05396714
     21.74000000	      0.01774072	      0.03139420	      0.05388301
     21.74400000	      0.01768353	      0.03134355	      0.05357402
     21.74800000	      0.01765531	      0.03131853	      0.05354404
     21.75200000	      0.01764462	      0.03130905	      0.05352669
     21.75600000	      0.01763200	      0.03129786	      0.05355393
     21.76000000	      0.01761720	      0.03128471	      0.05359322
     21.76400000	      0.01756313	      0.03123666	      0.05328843
     21.76800000	      0.01749901	      0.03117959	      0.05323344
     21.77200000	      0.01750311	      0.03118325	      0.05337559
     21.77600000	      0.01740145	      0.03109256	      0.05330916
     21.78000000	      0.01738429	      0.03107722	      0.05327763
     21.78400000	      0.01737269	      0.03106686	      0.05341203
     21.78800000	      0.01735990	      0.03105541	      0.05332868
     21.79200000	      0.01734469	      0.03104181	      0.05328930
     21.79600000	      0.01733339	      0.03103169	      0.05342701
     21.80000000	      0.01731592	      0.03101605	      0.05337587
     21.80400000	      0.01730756	      0.03100856	      0.05333899
     21.80800000	      0.01729411	      0.03099652	      0.05350678
     21.81200000	      0.01729239	      0.03099497	      0.05337477
     21.81600000	      0.01729294	      0.03099546	      0.05347280
     21.82000000	      0.01729234	      0.03099493	      0.05335494
     21.82400000	      0.01728846	      0.03099145	      0.05343901
     21.82800000	      0.01728296	      0.03098652	      0.05343141
     21.83200000	      0.01723591	      0.03094432	      0.05352238
     21.83600000	      0.01713433	      0.03085299	      0.05340736
     21.84000000	      0.01709457	      0.03081718	      0.05351045
     21.84400000	      0.01707512	      0.03079963	      0.05345397
     21.84800000	      0.01706707	      0.03079238	      0.05341286
     21.85200000	      0.01705907	      0.03078516	      0.05357375
     21.85600000	      0.01705054	      0.03077746	      0.05349259
     21.86000000	      0.01704316	      0.03077080	      0.05355605
     21.86400000	      0.01703266	      0.03076132	      0.05360960
     21.86800000	      0.01701791	      0.03074800	      0.05351894
     21.87200000	      0.01700880	      0.03073977	      0.05348888
     21.87600000	      0.01699907	      0.03073098	      0.05354007
     21.88000000	      0.01697294	      0.03070734	      0.05362965
     21.88400000	      0.01696940	      0.03070415	      0.05359013
     21.88800000	      0.01696111	      0.03069665	      0.05371156
     21.89200000	      0.01694417	      0.03068131	      0.05378428
     21.89600000	      0.01693164	      0.03066997	      0.05373601
     21.90000000	      0.01690936	      0.03064978	      0.05409985
     21.90400000	      0.01688361	      0.03062643	      0.05410480
     21.90800000	      0.01686183	      0.03060667	      0.05410139
     21.91200000	      0.01684320	      0.03058976	      0.05413172
     21.91600000	      0.01682627	      0.03057438	      0.05405764
     21.92000000	      0.01681140	      0.03056087	      0.05412819
     21.92400000	      0.01679321	      0.03054433	      0.05407075
     21.92800000	      0.01677358	      0.03052647	      0.05408166
     21.93200000	      0.01675087	      0.03050580	      0.05406231
     21.93600000	      0.01673882	      0.03049483	      0.05403406
     21.94000000	      0.01673715	      0.03049331	      0.05405456
     21.94400000	      0.01673577	      0.03049205	      0.05411539
     21.94800000	      0.01675166	      0.03050652	      0.05433195
     21.95200000	      0.01675883	      0.03051305	      0.05457803
     21.95600000	      0.01677098	      0.03052411	      0.05470664
     21.96000000	      0.01678292	      0.03053497	      0.05489509
     21.96400000	      0.01677529	      0.03052803	      0.05502861
     21.96800000	      0.01677576	      0.03052845	      0.05523240
     21.97200000	      0.01678515	      0.03053700	      0.05537977
     21.97600000	      0.01680249	      0.03055277	      0.05565506
     21.98000000	      0.01680380	      0.03055396	      0.05578007
     21.98400000	      0.01665210	      0.03041573	      0.05597260
     21.98800000	      0.01652585	      0.03030021	      0.05509835
     21.99200000	      0.01649442	      0.03027138	      0.05498761
     21.99600000	      0.01647592	      0.03025440	      0.05488144
     22.00000000	      0.01645483	      0.03023503	      0.05494422
     22.00400000	      0.01643213	      0.03021417	      0.05485902
     22.00800000	      0.01639990	      0.03018452	      0.05488195
     22.01200000	      0.01637411	      0.03016078	      0.05492660
     22.01600000	      0.01635567	      0.03014379	      0.05482817
     22.02000000	      0.01633618	      0.03012583	      0.05491801
     22.02400000	      0.01632639	      0.03011680	      0.05485001
     22.02800000	      0.01631938	      0.03011033	      0.05492782
     22.03200000	      0.01629764	      0.03009027	      0.05484743
     22.03600000	      0.01629144	      0.03008455	      0.05490264
     22.04000000	      0.01628448	      0.03007812	      0.05497987
     22.04400000	      0.01628757	      0.03008097	      0.05503303
     22.04800000	      0.01626994	      0.03006469	      0.05510625
     22.05200000	      0.01623727	      0.03003449	      0.05514936
     22.05600000	      0.01621222	      0.03001131	      0.05517495
     22.06000000	      0.01616663	      0.02996909	      0.05532483
     22.06400000	      0.01621807	      0.03001673	      0.05523460
     22.06800000	      0.01620849	      0.03000786	      0.05524692
     22.07200000	      0.01620436	      0.03000403	      0.05527247
     22.07600000	      0.01619117	      0.02999183	      0.05531896
     22.08000000	      0.01618424	      0.02998540	      0.05535203
     22.08400000	      0.01614706	      0.02995094	      0.05523320
     22.08800000	      0.01612489	      0.02993037	      0.05519344
     22.09200000	      0.01612648	      0.02993185	      0.05539838
     22.09600000	      0.01611545	      0.02992161	      0.05547587
     22.10000000	      0.01609090	      0.02989881	      0.05537593
     22.10400000	      0.01605944	      0.02986957	      0.05534655
     22.10800000	      0.01604214	      0.02985348	      0.05535575
     22.11200000	      0.01602192	      0.02983465	      0.05519773
     22.11600000	      0.01601951	      0.02983241	      0.05520949
     22.12000000	      0.01600006	      0.02981429	      0.05517019
     22.12400000	      0.01598236	      0.02979780	      0.05523127
     22.12800000	      0.01598188	      0.02979735	      0.05532714
     22.13200000	      0.01598178	      0.02979726	      0.05539970
     22.13600000	      0.01596415	      0.02978082	      0.05546180
     22.14000000	      0.01592777	      0.02974686	      0.05525087
     22.14400000	      0.01591712	      0.02973692	      0.05530158
     22.14800000	      0.01592085	      0.02974041	      0.05534470
     22.15200000	      0.01591960	      0.02973923	      0.05549284
     22.15600000	      0.01592322	      0.02974262	      0.05559175
     22.16000000	      0.01591401	      0.02973402	      0.05557639
     22.16400000	      0.01591543	      0.02973535	      0.05572171
     22.16800000	      0.01588313	      0.02970516	      0.05567993
     22.17200000	      0.01587745	      0.02969984	      0.05565446
     22.17600000	      0.01587139	      0.02969418	      0.05554864
     22.18000000	      0.01585439	      0.02967827	      0.05550562
     22.18400000	      0.01584628	      0.02967068	      0.05546560
     22.18800000	      0.01583771	      0.02966265	      0.05547123
     22.19200000	      0.01580511	      0.02963211	      0.05560639
     22.19600000	      0.01574438	      0.02957512	      0.05563975
     22.20000000	      0.01568301	      0.02951742	      0.05566927
     22.20400000	      0.01572972	      0.02956135	      0.05561928
     22.20800000	      0.01569302	      0.02952684	      0.05561001
     22.21200000	      0.01560108	      0.02944022	      0.05559835
     22.21600000	      0.01556965	      0.02941055	      0.05564772
     22.22000000	      0.01554645	      0.02938863	      0.05541305
     22.22400000	      0.01553093	      0.02937396	      0.05545850
     22.22800000	      0.01551409	      0.02935803	      0.05535420
     22.23200000	      0.01550006	      0.02934475	      0.05537953
     22.23600000	      0.01548310	      0.02932869	      0.05535226
     22.24000000	      0.01547029	      0.02931655	      0.05534402
     22.24400000	      0.01545403	      0.02930115	      0.05526788
     22.24800000	      0.01543976	      0.02928761	      0.05526283
     22.25200000	      0.01541169	      0.02926098	      0.05522078
     22.25600000	      0.01537341	      0.02922462	      0.05518933
     22.26000000	      0.01535368	      0.02920586	      0.05523057
     22.26400000	      0.01533808	      0.02919102	      0.05509610
     22.26800000	      0.01532338	      0.02917702	      0.05516333
     22.27200000	      0.01530845	      0.02916281	      0.05508805
     22.27600000	      0.01530067	      0.02915540	      0.05510025
     22.28000000	      0.01528395	      0.02913946	      0.05507973
     22.28400000	      0.01528688	      0.02914225	      0.05509425
     22.28800000	      0.01527617	      0.02913204	      0.05502660
     22.29200000	      0.01525918	      0.02911584	      0.05506072
     22.29600000	      0.01523232	      0.02909020	      0.05501612
     22.30000000	      0.01521540	      0.02907405	      0.05507047
     22.30400000	      0.01519877	      0.02905815	      0.05506274
     22.30800000	      0.01518389	      0.02904392	      0.05504633
     22.31200000	      0.01516785	      0.02902858	      0.05510252
     22.31600000	      0.01514904	      0.02901057	      0.05494609
     22.32000000	      0.01513208	      0.02899433	      0.05498131
     22.32400000	      0.01511792	      0.02898076	      0.05502408
     22.32800000	      0.01509707	      0.02896076	      0.05471849
     22.33200000	      0.01508284	      0.02894711	      0.05478556
     22.33600000	      0.01506936	      0.02893418	      0.05485585
     22.34000000	      0.01505437	      0.02891979	      0.05470814
     22.34400000	      0.01504374	      0.02890958	      0.05463846
     22.34800000	      0.01502380	      0.02889040	      0.05461327
     22.35200000	      0.01500721	      0.02887445	      0.05471218
     22.35600000	      0.01499005	      0.02885794	      0.05478725
     22.36000000	      0.01497727	      0.02884563	      0.05469766
     22.36400000	      0.01495470	      0.02882389	      0.05462372
     22.36800000	      0.01496789	      0.02883660	      0.05460647
     22.37200000	      0.01499010	      0.02885799	      0.05443951
     22.37600000	      0.01489564	      0.02876692	      0.05456415
     22.38000000	      0.01486456	      0.02873689	      0.05458136
     22.38400000	      0.01483637	      0.02870963	      0.05467570
     22.38800000	      0.01481342	      0.02868741	      0.05466878
     22.39200000	      0.01479327	      0.02866790	      0.05463850
     22.39600000	      0.01479245	      0.02866710	      0.05456482
     22.40000000	      0.01476859	      0.02864397	      0.05465110
     22.40400000	      0.01475152	      0.02862741	      0.05454705
     22.40800000	      0.01473517	      0.02861155	      0.05470116
     22.41200000	      0.01471857	      0.02859542	      0.05458406
     22.41600000	      0.01470715	      0.02858433	      0.05460770
     22.42000000	      0.01469115	      0.02856878	      0.05465097
     22.42400000	      0.01467202	      0.02855017	      0.05467465
     22.42800000	      0.01464222	      0.02852116	      0.05469990
     22.43200000	      0.01462814	      0.02850745	      0.05470674
     22.43600000	      0.01461352	      0.02849319	      0.05474793
     22.44000000	      0.01460364	      0.02848356	      0.05473359
     22.44400000	      0.01459443	      0.02847458	      0.05461745
     22.44800000	      0.01457877	      0.02845929	      0.05486174
     22.45200000	      0.01461469	      0.02849434	      0.05488340
     22.45600000	      0.01470726	      0.02858443	      0.05467641
     22.46000000	      0.01467730	      0.02855530	      0.05480931
     22.46400000	      0.01458653	      0.02846687	      0.05473570
     22.46800000	      0.01456199	      0.02844292	      0.05469063
     22.47200000	      0.01454954	      0.02843076	      0.05479595
     22.47600000	      0.01456303	      0.02844393	      0.05469733
     22.48000000	      0.01457383	      0.02845448	      0.05468964
     22.48400000	      0.01456165	      0.02844259	      0.05494704
     22.48800000	      0.01454620	      0.02842749	      0.05490831
     22.49200000	      0.01451145	      0.02839351	      0.05486134
     22.49600000	      0.01454895	      0.02843018	      0.05488574
     22.50000000	      0.01464813	      0.02852692	      0.05495866
     22.50400000	      0.01461860	      0.02849815	      0.05491700
     22.50800000	      0.01450353	      0.02838576	      0.05495879
     22.51200000	      0.01447232	      0.02835520	      0.05490594
     22.51600000	      0.01446038	      0.02834351	      0.05473932
     22.52000000	      0.01445342	      0.02833668	      0.05474763
     22.52400000	      0.01443781	      0.02832138	      0.05489799
     22.52800000	      0.01443220	      0.02831587	      0.05482487
     22.53200000	      0.01442232	      0.02830618	      0.05480988
     22.53600000	      0.01441423	      0.02829825	      0.05483687
     22.54000000	      0.01439332	      0.02827771	      0.05497594
     22.54400000	      0.01438443	      0.02826897	      0.05496575
     22.54800000	      0.01437407	      0.02825880	      0.05483203
     22.55200000	      0.01437739	      0.02826206	      0.05485195
     22.55600000	      0.01438364	      0.02826820	      0.05506811
     22.56000000	      0.01438269	      0.02826727	      0.05507329
     22.56400000	      0.01437810	      0.02826275	      0.05490959
     22.56800000	      0.01437801	      0.02826267	      0.05494284
     22.57200000	      0.01437241	      0.02825716	      0.05511977
     22.57600000	      0.01436288	      0.02824780	      0.05514600
     22.58000000	      0.01434515	      0.02823035	      0.05515947
     22.58400000	      0.01434090	      0.02822617	      0.05509178
     22.58800000	      0.01433450	      0.02821987	      0.05520127
     22.59200000	      0.01433006	      0.02821550	      0.05523974
     22.59600000	      0.01432888	      0.02821434	      0.05525558
     22.60000000	      0.01433088	      0.02821631	      0.05517358
     22.60400000	      0.01432564	      0.02821115	      0.05510076
     22.60800000	      0.01432508	      0.02821060	      0.05514817
     22.61200000	      0.01432210	      0.02820767	      0.05517123
     22.61600000	      0.01431123	      0.02819696	      0.05530406
     22.62000000	      0.01430625	      0.02819205	      0.05532653
     22.62400000	      0.01430273	      0.02818858	      0.05533921
     22.62800000	      0.01429806	      0.02818398	      0.05519225
     22.63200000	      0.01429460	      0.02818056	      0.05522012
     22.63600000	      0.01428988	      0.02817592	      0.05523970
     22.64000000	      0.01428529	      0.02817139	      0.05524469
     22.64400000	      0.01427628	      0.02816250	      0.05513603
     22.64800000	      0.01427522	      0.02816146	      0.05516036
     22.65200000	      0.01427593	      0.02816216	      0.05518556
     22.65600000	      0.01426283	      0.02814924	      0.05517991
     22.66000000	      0.01426748	      0.02815383	      0.05504987
     22.66400000	      0.01426503	      0.02815140	      0.05506246
     22.66800000	      0.01425962	      0.02814607	      0.05511523
     22.67200000	      0.01425542	      0.02814192	      0.05514274
     22.67600000	      0.01425155	      0.02813810	      0.05516335
     22.68000000	      0.01424142	      0.02812810	      0.05512217
     22.68400000	      0.01424063	      0.02812732	      0.05520334
     22.68800000	      0.01426912	      0.02815544	      0.05505673
     22.69200000	      0.01425972	      0.02814617	      0.05505105
     22.69600000	      0.01422465	      0.02811153	      0.05512449
     22.70000000	      0.01421576	      0.02810275	      0.05517848
     22.70400000	      0.01421529	      0.02810228	      0.05518408
     22.70800000	      0.01421779	      0.02810475	      0.05523724
     22.71200000	      0.01421652	      0.02810350	      0.05523448
     22.71600000	      0.01421272	      0.02809974	      0.05528211
     22.72000000	      0.01421073	      0.02809778	      0.05528190
     22.72400000	      0.01421029	      0.02809734	      0.05531639
     22.72800000	      0.01421050	      0.02809755	      0.05532148
     22.73200000	      0.01421353	      0.02810055	      0.05535629
     22.73600000	      0.01421712	      0.02810409	      0.05534228
     22.74000000	      0.01421799	      0.02810495	      0.05535066
     22.74400000	      0.01422062	      0.02810756	      0.05537038
     22.74800000	      0.01422231	      0.02810922	      0.05538717
     22.75200000	      0.01427041	      0.02815672	      0.05540339
     22.75600000	      0.01438028	      0.02826489	      0.05546805
     22.76000000	      0.01435477	      0.02823981	      0.05540275
     22.76400000	      0.01425243	      0.02813897	      0.05532999
     22.76800000	      0.01421484	      0.02810184	      0.05529050
     22.77200000	      0.01420862	      0.02809569	      0.05525319
     22.77600000	      0.01420735	      0.02809444	      0.05529002
     22.78000000	      0.01421008	      0.02809713	      0.05528128
     22.78400000	      0.01421328	      0.02810029	      0.05541030
     22.78800000	      0.01421624	      0.02810322	      0.05536729
     22.79200000	      0.01421721	      0.02810418	      0.05525449
     22.79600000	      0.01422086	      0.02810779	      0.05523357
     22.80000000	      0.01422449	      0.02811137	      0.05536791
     22.80400000	      0.01422991	      0.02811673	      0.05533378
     22.80800000	      0.01423237	      0.02811916	      0.05524100
     22.81200000	      0.01423672	      0.02812346	      0.05522101
     22.81600000	      0.01424104	      0.02812772	      0.05537984
     22.82000000	      0.01424702	      0.02813363	      0.05534971
     22.82400000	      0.01424966	      0.02813623	      0.05519174
     22.82800000	      0.01425906	      0.02814552	      0.05518222
     22.83200000	      0.01426777	      0.02815411	      0.05534073
     22.83600000	      0.01432156	      0.02820714	      0.05535406
     22.84000000	      0.01442952	      0.02831324	      0.05515954
     22.84400000	      0.01447278	      0.02835566	      0.05517394
     22.84800000	      0.01450101	      0.02838330	      0.05533709
     22.85200000	      0.01451069	      0.02839277	      0.05535403
     22.85600000	      0.01446182	      0.02834491	      0.05525652
     22.86000000	      0.01436778	      0.02825261	      0.05520094
     22.86400000	      0.01435197	      0.02823706	      0.05538923
     22.86800000	      0.01435920	      0.02824417	      0.05539691
     22.87200000	      0.01436202	      0.02824694	      0.05515680
     22.87600000	      0.01437229	      0.02825704	      0.05530355
     22.88000000	      0.01438148	      0.02826607	      0.05533905
     22.88400000	      0.01437432	      0.02825904	      0.05515095
     22.88800000	      0.01443365	      0.02831730	      0.05518223
     22.89200000	      0.01455951	      0.02844049	      0.05547530
     22.89600000	      0.01459123	      0.02847145	      0.05514447
     22.90000000	      0.01460912	      0.02848890	      0.05526248
     22.90400000	      0.01457744	      0.02845800	      0.05507209
     22.90800000	      0.01449244	      0.02837491	      0.05520919
     22.91200000	      0.01451969	      0.02840157	      0.05530128
     22.91600000	      0.01460932	      0.02848910	      0.05537959
     22.92000000	      0.01463360	      0.02851277	      0.05507008
     22.92400000	      0.01465510	      0.02853370	      0.05516835
     22.92800000	      0.01467806	      0.02855604	      0.05523974
     22.93200000	      0.01469740	      0.02857486	      0.05504216
     22.93600000	      0.01471737	      0.02859426	      0.05520347
     22.94000000	      0.01473856	      0.02861484	      0.05527252
     22.94400000	      0.01475630	      0.02863205	      0.05502543
     22.94800000	      0.01476948	      0.02864484	      0.05519172
     22.95200000	      0.01477533	      0.02865051	      0.05506570
     22.95600000	      0.01481231	      0.02868634	      0.05515892
     22.96000000	      0.01483352	      0.02870687	      0.05516459
     22.96400000	      0.01484539	      0.02871835	      0.05492986
     22.96800000	      0.01484372	      0.02871674	      0.05495379
     22.97200000	      0.01482334	      0.02869702	      0.05502265
     22.97600000	      0.01482086	      0.02869462	      0.05505950
     22.98000000	      0.01482613	      0.02869972	      0.05477336
     22.98400000	      0.01483745	      0.02871067	      0.05494467
     22.98800000	      0.01484399	      0.02871700	      0.05497035
     22.99200000	      0.01485629	      0.02872889	      0.05488345
     22.99600000	      0.01487394	      0.02874595	      0.05491999
     23.00000000	      0.01492815	      0.02879830	      0.05482279
     23.00400000	      0.01502861	      0.02889503	      0.05491575
     23.00800000	      0.01501686	      0.02888373	      0.05498020
     23.01200000	      0.01505406	      0.02891949	      0.05479163
     23.01600000	      0.01514453	      0.02900625	      0.05521549
     23.02000000	      0.01519043	      0.02905018	      0.05554888
     23.02400000	      0.01522653	      0.02908468	      0.05543990
     23.02800000	      0.01521357	      0.02907230	      0.05555269
     23.03200000	      0.01522909	      0.02908712	      0.05551600
     23.03600000	      0.01525731	      0.02911406	      0.05581681
     23.04000000	      0.01529893	      0.02915374	      0.05575912
     23.04400000	      0.01533002	      0.02918334	      0.05563679
     23.04800000	      0.01530869	      0.02916303	      0.05582725
     23.05200000	      0.01534160	      0.02919437	      0.05572668
     23.05600000	      0.01540639	      0.02925595	      0.05573255
     23.06000000	      0.01544583	      0.02929338	      0.05570017
     23.06400000	      0.01532412	      0.02917773	      0.05519507
     23.06800000	      0.01530176	      0.02915644	      0.05498655
     23.07200000	      0.01530559	      0.02916008	      0.05501540
     23.07600000	      0.01531663	      0.02917059	      0.05494269
     23.08000000	      0.01536184	      0.02921362	      0.05516053
     23.08400000	      0.01549843	      0.02934320	      0.05577503
     23.08800000	      0.01558905	      0.02942887	      0.05597864
     23.09200000	      0.01553511	      0.02937791	      0.05592307
     23.09600000	      0.01551322	      0.02935720	      0.05605190
     23.10000000	      0.01554448	      0.02938677	      0.05615634
     23.10400000	      0.01565289	      0.02948906	      0.05642129
     23.10800000	      0.01564309	      0.02947984	      0.05644330
     23.11200000	      0.01554572	      0.02938794	      0.05650362
     23.11600000	      0.01552787	      0.02937107	      0.05652579
     23.12000000	      0.01553418	      0.02937703	      0.05649360
     23.12400000	      0.01555315	      0.02939496	      0.05661717
     23.12800000	      0.01558547	      0.02942549	      0.05656716
     23.13200000	      0.01560361	      0.02944260	      0.05669248
     23.13600000	      0.01562780	      0.02946543	      0.05675158
     23.14000000	      0.01565655	      0.02949251	      0.05662927
     23.14400000	      0.01566921	      0.02950443	      0.05690048
     23.14800000	      0.01568334	      0.02951773	      0.05688859
     23.15200000	      0.01569580	      0.02952946	      0.05692738
     23.15600000	      0.01571026	      0.02954305	      0.05692712
     23.16000000	      0.01572952	      0.02956116	      0.05693008
     23.16400000	      0.01574615	      0.02957678	      0.05673917
     23.16800000	      0.01575786	      0.02958778	      0.05661907
     23.17200000	      0.01579211	      0.02961991	      0.05656624
     23.17600000	      0.01582822	      0.02965376	      0.05661488
     23.18000000	      0.01585085	      0.02967495	      0.05656894
     23.18400000	      0.01585204	      0.02967607	      0.05652111
     23.18800000	      0.01584609	      0.02967050	      0.05633147
     23.19200000	      0.01585389	      0.02967780	      0.05606691
     23.19600000	      0.01587748	      0.02969987	      0.05615133
     23.20000000	      0.01589783	      0.02971890	      0.05612926
     23.20400000	      0.01589353	      0.02971487	      0.05594436
     23.20800000	      0.01591169	      0.02973184	      0.05593120
     23.21200000	      0.01593441	      0.02975307	      0.05592001
     23.21600000	      0.01592869	      0.02974772	      0.05570937
     23.22000000	      0.01592186	      0.02974135	      0.05555515
     23.22400000	      0.01594908	      0.02976676	      0.05552114
     23.22800000	      0.01596835	      0.02978474	      0.05546186
     23.23200000	      0.01598914	      0.02980412	      0.05541990
     23.23600000	      0.01600778	      0.02982149	      0.05534188
     23.24000000	      0.01604427	      0.02985546	      0.05510992
     23.24400000	      0.01610267	      0.02990974	      0.05508616
     23.24800000	      0.01608146	      0.02989004	      0.05501241
     23.25200000	      0.01617347	      0.02997543	      0.05502021
     23.25600000	      0.01615761	      0.02996073	      0.05493322
     23.26000000	      0.01606977	      0.02987918	      0.05478265
     23.26400000	      0.01604458	      0.02985574	      0.05469495
     23.26800000	      0.01604487	      0.02985601	      0.05464901
     23.27200000	      0.01605218	      0.02986282	      0.05453977
     23.27600000	      0.01606243	      0.02987235	      0.05446790
     23.28000000	      0.01607641	      0.02988534	      0.05438275
     23.28400000	      0.01609039	      0.02989834	      0.05430743
     23.28800000	      0.01610404	      0.02991101	      0.05427730
     23.29200000	      0.01615547	      0.02995874	      0.05421272
     23.29600000	      0.01621544	      0.03001429	      0.05430254
     23.30000000	      0.01615924	      0.02996224	      0.05412678
     23.30400000	      0.01615638	      0.02995958	      0.05410637
     23.30800000	      0.01616957	      0.02997181	      0.05419757
     23.31200000	      0.01618712	      0.02998807	      0.05408349
     23.31600000	      0.01620630	      0.03000583	      0.05415713
     23.32000000	      0.01624390	      0.03004062	      0.05403982
     23.32400000	      0.01628581	      0.03007935	      0.05416139
     23.32800000	      0.01622250	      0.03002083	      0.05402227
     23.33200000	      0.01619020	      0.02999092	      0.05411661
     23.33600000	      0.01617315	      0.02997512	      0.05399241
     23.34000000	      0.01616694	      0.02996937	      0.05409160
     23.34400000	      0.01615670	      0.02995988	      0.05395876
     23.34800000	      0.01613334	      0.02993821	      0.05407941
     23.35200000	      0.01608108	      0.02988969	      0.05395477
     23.35600000	      0.01605655	      0.02986688	      0.05408538
     23.36000000	      0.01603588	      0.02984765	      0.05414667
     23.36400000	      0.01610599	      0.02991283	      0.05390705
     23.36800000	      0.01629234	      0.03008537	      0.05404900
     23.37200000	      0.01634090	      0.03013018	      0.05400834
     23.37600000	      0.01636573	      0.03015307	      0.05407704
     23.38000000	      0.01638296	      0.03016893	      0.05392303
     23.38400000	      0.01640099	      0.03018553	      0.05403625
     23.38800000	      0.01645991	      0.03023970	      0.05406468
     23.39200000	      0.01656468	      0.03033579	      0.05387940
     23.39600000	      0.01656860	      0.03033938	      0.05393629
     23.40000000	      0.01649911	      0.03027569	      0.05389832
     23.40400000	      0.01649322	      0.03027028	      0.05396084
     23.40800000	      0.01649315	      0.03027022	      0.05398156
     23.41200000	      0.01651112	      0.03028670	      0.05377733
     23.41600000	      0.01651547	      0.03029069	      0.05385727
     23.42000000	      0.01651696	      0.03029206	      0.05372825
     23.42400000	      0.01651856	      0.03029353	      0.05379425
     23.42800000	      0.01657158	      0.03034211	      0.05387461
     23.43200000	      0.01667371	      0.03043546	      0.05358915
     23.43600000	      0.01671953	      0.03047725	      0.05375187
     23.44000000	      0.01674669	      0.03050200	      0.05374616
     23.44400000	      0.01668520	      0.03044594	      0.05375111
     23.44800000	      0.01666863	      0.03043083	      0.05368834
     23.45200000	      0.01669068	      0.03045094	      0.05375206
     23.45600000	      0.01670415	      0.03046323	      0.05378630
     23.46000000	      0.01671970	      0.03047740	      0.05360325
     23.46400000	      0.01676843	      0.03052179	      0.05371655
     23.46800000	      0.01684469	      0.03059111	      0.05363553
     23.47200000	      0.01690105	      0.03064224	      0.05370228
     23.47600000	      0.01691974	      0.03065919	      0.05375125
     23.48000000	      0.01692454	      0.03066353	      0.05379747
     23.48400000	      0.01693855	      0.03067623	      0.05362936
     23.48800000	      0.01699932	      0.03073120	      0.05375182
     23.49200000	      0.01703530	      0.03076371	      0.05378294
     23.49600000	      0.01707303	      0.03079776	      0.05379346
     23.50000000	      0.01711825	      0.03083852	      0.05356952
     23.50400000	      0.01715157	      0.03086851	      0.05363217
     23.50800000	      0.01719407	      0.03090674	      0.05357660
     23.51200000	      0.01728620	      0.03098942	      0.05363956
     23.51600000	      0.01734306	      0.03104035	      0.05370740
     23.52000000	      0.01738015	      0.03107352	      0.05375071
     23.52400000	      0.01739308	      0.03108508	      0.05364390
     23.52800000	      0.01739160	      0.03108376	      0.05372941
     23.53200000	      0.01739943	      0.03109075	      0.05378850
     23.53600000	      0.01740806	      0.03109846	      0.05356566
     23.54000000	      0.01742734	      0.03111568	      0.05362582
     23.54400000	      0.01750488	      0.03118483	      0.05365098
     23.54800000	      0.01762513	      0.03129175	      0.05357139
     23.55200000	      0.01767059	      0.03133208	      0.05377411
     23.55600000	      0.01768356	      0.03134358	      0.05386671
     23.56000000	      0.01767568	      0.03133660	      0.05349771
     23.56400000	      0.01765768	      0.03132064	      0.05349769
     23.56800000	      0.01757456	      0.03124683	      0.05347580
     23.57200000	      0.01759652	      0.03126635	      0.05350941
     23.57600000	      0.01770552	      0.03136304	      0.05435384
     23.58000000	      0.01774916	      0.03140166	      0.05468297
     23.58400000	      0.01776298	      0.03141388	      0.05503704
     23.58800000	      0.01775893	      0.03141031	      0.05477581
     23.59200000	      0.01769406	      0.03135289	      0.05411038
     23.59600000	      0.01776804	      0.03141836	      0.05452484
     23.60000000	      0.01793900	      0.03156915	      0.05531621
     23.60400000	      0.01796866	      0.03159523	      0.05562356
     23.60800000	      0.01800111	      0.03162375	      0.05576317
     23.61200000	      0.01809480	      0.03170594	      0.05594890
     23.61600000	      0.01826167	      0.03185180	      0.05601074
     23.62000000	      0.01832612	      0.03190796	      0.05610609
     23.62400000	      0.01842788	      0.03199642	      0.05628761
     23.62800000	      0.01854066	      0.03209419	      0.05651006
     23.63200000	      0.01851256	      0.03206985	      0.05651971
     23.63600000	      0.01842418	      0.03199321	      0.05659650
     23.64000000	      0.01820525	      0.03180256	      0.05672660
     23.64400000	      0.01816603	      0.03176828	      0.05681304
     23.64800000	      0.01820738	      0.03180442	      0.05701328
     23.65200000	      0.01827788	      0.03186593	      0.05702203
     23.65600000	      0.01822548	      0.03182022	      0.05707562
     23.66000000	      0.01821288	      0.03180923	      0.05716829
     23.66400000	      0.01821343	      0.03180970	      0.05722057
     23.66800000	      0.01820177	      0.03179952	      0.05717787
     23.67200000	      0.01820688	      0.03180398	      0.05722060
     23.67600000	      0.01821399	      0.03181019	      0.05725295
     23.68000000	      0.01822579	      0.03182049	      0.05734119
     23.68400000	      0.01826383	      0.03185369	      0.05762670
     23.68800000	      0.01831604	      0.03189918	      0.05761441
     23.69200000	      0.01836441	      0.03194128	      0.05767870
     23.69600000	      0.01830639	      0.03189078	      0.05769225
     23.70000000	      0.01832977	      0.03191114	      0.05770812
     23.70400000	      0.01842626	      0.03199502	      0.05770259
     23.70800000	      0.01840901	      0.03198004	      0.05776969
     23.71200000	      0.01834805	      0.03192704	      0.05791700
     23.71600000	      0.01833708	      0.03191750	      0.05792838
     23.72000000	      0.01833716	      0.03191757	      0.05810336
     23.72400000	      0.01835002	      0.03192876	      0.05800691
     23.72800000	      0.01836088	      0.03193820	      0.05818717
     23.73200000	      0.01837403	      0.03194964	      0.05824199
     23.73600000	      0.01838450	      0.03195874	      0.05828390
     23.74000000	      0.01839461	      0.03196753	      0.05828297
     23.74400000	      0.01840503	      0.03197658	      0.05836215
     23.74800000	      0.01841162	      0.03198231	      0.05840678
     23.75200000	      0.01842209	      0.03199140	      0.05844695
     23.75600000	      0.01843203	      0.03200003	      0.05839978
     23.76000000	      0.01843815	      0.03200533	      0.05849965
     23.76400000	      0.01844397	      0.03201038	      0.05852442
     23.76800000	      0.01845862	      0.03202310	      0.05855241
     23.77200000	      0.01848166	      0.03204308	      0.05858940
     23.77600000	      0.01848382	      0.03204495	      0.05858218
     23.78000000	      0.01849045	      0.03205070	      0.05846852
     23.78400000	      0.01847866	      0.03204048	      0.05884963
     23.78800000	      0.01845137	      0.03201681	      0.05875269
     23.79200000	      0.01847353	      0.03203603	      0.05861559
     23.79600000	      0.01856031	      0.03211119	      0.05842527
     23.80000000	      0.01854430	      0.03209733	      0.05873233
     23.80400000	      0.01847345	      0.03203596	      0.05879917
     23.80800000	      0.01845835	      0.03202286	      0.05881085
     23.81200000	      0.01845640	      0.03202117	      0.05882864
     23.81600000	      0.01845789	      0.03202247	      0.05885963
     23.82000000	      0.01846007	      0.03202436	      0.05891694
     23.82400000	      0.01846185	      0.03202590	      0.05896268
     23.82800000	      0.01846495	      0.03202859	      0.05898439
     23.83200000	      0.01846964	      0.03203266	      0.05895325
     23.83600000	      0.01847310	      0.03203565	      0.05899152
     23.84000000	      0.01847433	      0.03203672	      0.05905802
     23.84400000	      0.01847824	      0.03204011	      0.05906917
     23.84800000	      0.01848262	      0.03204391	      0.05910433
     23.85200000	      0.01848606	      0.03204690	      0.05915993
     23.85600000	      0.01848892	      0.03204937	      0.05910836
     23.86000000	      0.01745430	      0.03113974	      0.05779831
     23.86400000	      0.01745801	      0.03114304	      0.05782414
     23.86800000	      0.01746082	      0.03114555	      0.05784376
     23.87200000	      0.01746317	      0.03114765	      0.05783848
     23.87600000	      0.01746810	      0.03115205	      0.05779175
     23.88000000	      0.01747126	      0.03115486	      0.05788231
     23.88400000	      0.01747157	      0.03115514	      0.05788066
     23.88800000	      0.01747244	      0.03115591	      0.05786978
     23.89200000	      0.01747439	      0.03115765	      0.05785553
     23.89600000	      0.01849618	      0.03205567	      0.05885613
     23.90000000	      0.01849536	      0.03205495	      0.05884885
     23.90400000	      0.01848733	      0.03204800	      0.05901212
     23.90800000	      0.01846877	      0.03203190	      0.05885054
     23.91200000	      0.01846429	      0.03202802	      0.05896292
     23.91600000	      0.01846261	      0.03202656	      0.05881646
     23.92000000	      0.01846193	      0.03202597	      0.05891668
     23.92400000	      0.01819675	      0.03179513	      0.05842486
     23.92800000	      0.01843569	      0.03200320	      0.05735433
     23.93200000	      0.01888121	      0.03238759	      0.05765400
     23.93600000	      0.01866679	      0.03220316	      0.05716465
     23.94000000	      0.01865557	      0.03219349	      0.05709404
     23.94400000	      0.01860555	      0.03215029	      0.05744513
     23.94800000	      0.01852103	      0.03207719	      0.05864340
     23.95200000	      0.01881444	      0.03233028	      0.05973300
     23.95600000	      0.01881608	      0.03233168	      0.05995926
     23.96000000	      0.01878280	      0.03230307	      0.05987559
     23.96400000	      0.01876191	      0.03228511	      0.05958855
     23.96800000	      0.01873293	      0.03226017	      0.05952039
     23.97200000	      0.01873021	      0.03225782	      0.05934234
     23.97600000	      0.01878709	      0.03230677	      0.05936371
     23.98000000	      0.01879586	      0.03231430	      0.05931674
     23.98400000	      0.01754662	      0.03122198	      0.05754257
     23.98800000	      0.01746896	      0.03115281	      0.05754151
     23.99200000	      0.01744790	      0.03113403	      0.05762113
     23.99600000	      0.01840864	      0.03197972	      0.05830054
     24.00000000	      0.01845828	      0.03202281	      0.05857003
     24.00400000	      0.01850031	      0.03205925	      0.05825184
     24.00800000	      0.01843838	      0.03200554	      0.05825931
     24.01200000	      0.01842124	      0.03199065	      0.05829754
     24.01600000	      0.01841230	      0.03198290	      0.05828622
     24.02000000	      0.01844080	      0.03200764	      0.05827162
     24.02400000	      0.01848028	      0.03204188	      0.05816532
     24.02800000	      0.01841565	      0.03198580	      0.05809990
     24.03200000	      0.01839702	      0.03196962	      0.05808983
     24.03600000	      0.01839207	      0.03196532	      0.05809356
     24.04000000	      0.01838782	      0.03196163	      0.05796878
     24.04400000	      0.01838165	      0.03195626	      0.05798056
     24.04800000	      0.01837398	      0.03194960	      0.05785929
     24.05200000	      0.01836640	      0.03194301	      0.05778466
     24.05600000	      0.01835340	      0.03193170	      0.05754589
     24.06000000	      0.01834857	      0.03192750	      0.05758142
     24.06400000	      0.01834633	      0.03192555	      0.05750082
     24.06800000	      0.01835343	      0.03193173	      0.05754301
     24.07200000	      0.01835226	      0.03193071	      0.05753326
     24.07600000	      0.01838736	      0.03196123	      0.05754683
     24.08000000	      0.01847808	      0.03203998	      0.05767762
     24.08400000	      0.01845552	      0.03202041	      0.05754892
     24.08800000	      0.01835955	      0.03193705	      0.05737098
     24.09200000	      0.01833562	      0.03191623	      0.05724440
     24.09600000	      0.01832849	      0.03191002	      0.05704933
     24.10000000	      0.01830649	      0.03189086	      0.05700478
     24.10400000	      0.01833045	      0.03191173	      0.05691112
     24.10800000	      0.01840986	      0.03198077	      0.05680056
     24.11200000	      0.01844110	      0.03200790	      0.05669313
     24.11600000	      0.01840883	      0.03197988	      0.05663551
     24.12000000	      0.01832181	      0.03190421	      0.05660270
     24.12400000	      0.01829223	      0.03187844	      0.05654581
     24.12800000	      0.01827542	      0.03186379	      0.05646117
     24.13200000	      0.01826489	      0.03185461	      0.05637631
     24.13600000	      0.01818032	      0.03178077	      0.05628600
     24.14000000	      0.01817778	      0.03177856	      0.05587800
     24.14400000	      0.01852244	      0.03207841	      0.05577255
     24.14800000	      0.01858524	      0.03213275	      0.05569772
     24.15200000	      0.01857390	      0.03212294	      0.05562402
     24.15600000	      0.01855473	      0.03210636	      0.05554800
     24.16000000	      0.01846341	      0.03202726	      0.05546143
     24.16400000	      0.01828761	      0.03187442	      0.05541357
     24.16800000	      0.01828604	      0.03187305	      0.05522075
     24.17200000	      0.01837597	      0.03195132	      0.05527611
     24.17600000	      0.01835097	      0.03192959	      0.05525341
     24.18000000	      0.01833167	      0.03191279	      0.05522055
     24.18400000	      0.01830878	      0.03189286	      0.05527127
     24.18800000	      0.01830245	      0.03188734	      0.05490352
     24.19200000	      0.01830306	      0.03188787	      0.05483119
     24.19600000	      0.01828547	      0.03187255	      0.05474394
     24.20000000	      0.01834918	      0.03192803	      0.05457486
     24.20400000	      0.01851760	      0.03207422	      0.05457501
     24.20800000	      0.01853326	      0.03208778	      0.05453902
     24.21200000	      0.01839867	      0.03197105	      0.05440023
     24.21600000	      0.01822594	      0.03182063	      0.05409159
     24.22000000	      0.01825227	      0.03184360	      0.05366665
     24.22400000	      0.01816870	      0.03177062	      0.05363944
     24.22800000	      0.01825786	      0.03184848	      0.05333611
     24.23200000	      0.01814342	      0.03174851	      0.05332795
     24.23600000	      0.01818329	      0.03178338	      0.05325419
     24.24000000	      0.01812974	      0.03173654	      0.05321603
     24.24400000	      0.01802971	      0.03164886	      0.05339488
     24.24800000	      0.01808491	      0.03169727	      0.05334860
     24.25200000	      0.01805793	      0.03167362	      0.05331330
     24.25600000	      0.01796848	      0.03159507	      0.05322668
     24.26000000	      0.01794092	      0.03157084	      0.05344446
     24.26400000	      0.01793681	      0.03156722	      0.05336258
     24.26800000	      0.01793036	      0.03156155	      0.05337631
     24.27200000	      0.01791764	      0.03155034	      0.05347540
     24.27600000	      0.01791000	      0.03154362	      0.05344971
     24.28000000	      0.01787701	      0.03151456	      0.05339366
     24.28400000	      0.01782287	      0.03146680	      0.05346154
     24.28800000	      0.01779674	      0.03144373	      0.05345722
     24.29200000	      0.01780503	      0.03145105	      0.05337659
     24.29600000	      0.01783711	      0.03147937	      0.05331573
     24.30000000	      0.01775001	      0.03140242	      0.05341234
     24.30400000	      0.01776768	      0.03141804	      0.05329029
     24.30800000	      0.01780535	      0.03145133	      0.05324959
     24.31200000	      0.01776493	      0.03141561	      0.05317580
     24.31600000	      0.01779359	      0.03144094	      0.05316824
     24.32000000	      0.01775871	      0.03141011	      0.05340191
     24.32400000	      0.01778172	      0.03143045	      0.05329958
     24.32800000	      0.01770952	      0.03136658	      0.05341525
     24.33200000	      0.01772186	      0.03137750	      0.05333240
     24.33600000	      0.01772042	      0.03137623	      0.05321645
     24.34000000	      0.01771998	      0.03137584	      0.05318056
     24.34400000	      0.01771780	      0.03137391	      0.05343025
     24.34800000	      0.01770867	      0.03136583	      0.05322889
     24.35200000	      0.01766430	      0.03132651	      0.05317756
     24.35600000	      0.01766911	      0.03133077	      0.05335175
     24.36000000	      0.01773370	      0.03138799	      0.05326220
     24.36400000	      0.01773360	      0.03138789	      0.05352715
     24.36800000	      0.01767927	      0.03133978	      0.05342322
     24.37200000	      0.01757325	      0.03124566	      0.05327756
     24.37600000	      0.01752537	      0.03120308	      0.05325367
     24.38000000	      0.01756030	      0.03123415	      0.05321884
     24.38400000	      0.01760566	      0.03127447	      0.05321909
     24.38800000	      0.01751204	      0.03119121	      0.05337510
     24.39200000	      0.01741541	      0.03110503	      0.05330958
     24.39600000	      0.01730724	      0.03100827	      0.05340241
     24.40000000	      0.01738128	      0.03107454	      0.05333972
     24.40400000	      0.01737813	      0.03107172	      0.05332881
     24.40800000	      0.01734932	      0.03104595	      0.05350825
     24.41200000	      0.01733520	      0.03103332	      0.05341180
     24.41600000	      0.01731186	      0.03101242	      0.05338425
     24.42000000	      0.01728698	      0.03099012	      0.05335716
     24.42400000	      0.01728609	      0.03098933	      0.05333283
     24.42800000	      0.01723851	      0.03094664	      0.05347570
     24.43200000	      0.01721911	      0.03092923	      0.05339884
     24.43600000	      0.01719001	      0.03090309	      0.05340392
     24.44000000	      0.01719418	      0.03090683	      0.05341538
     24.44400000	      0.01722100	      0.03093092	      0.05364114
     24.44800000	      0.01721114	      0.03092207	      0.05351728
     24.45200000	      0.01718229	      0.03089614	      0.05370094
     24.45600000	      0.01716873	      0.03088395	      0.05375798
     24.46000000	      0.01715357	      0.03087031	      0.05382537
     24.46400000	      0.01713564	      0.03085417	      0.05380851
     24.46800000	      0.01711008	      0.03083115	      0.05385032
     24.47200000	      0.01707408	      0.03079870	      0.05387068
     24.47600000	      0.01704118	      0.03076901	      0.05379638
     24.48000000	      0.01702713	      0.03075633	      0.05383343
     24.48400000	      0.01702224	      0.03075191	      0.05395951
     24.48800000	      0.01701078	      0.03074156	      0.05400246
     24.49200000	      0.01693094	      0.03066933	      0.05372405
     24.49600000	      0.01677820	      0.03053068	      0.05362603
     24.50000000	      0.01673017	      0.03048695	      0.05357475
     24.50400000	      0.01670985	      0.03046843	      0.05355967
     24.50800000	      0.01671698	      0.03047493	      0.05351653
     24.51200000	      0.01672646	      0.03048357	      0.05379738
     24.51600000	      0.01676646	      0.03051999	      0.05363424
     24.52000000	      0.01672387	      0.03048121	      0.05389578
     24.52400000	      0.01673453	      0.03049092	      0.05396383
     24.52800000	      0.01673423	      0.03049064	      0.05429145
     24.53200000	      0.01677109	      0.03052421	      0.05459093
     24.53600000	      0.01685373	      0.03059932	      0.05556678
     24.54000000	      0.01684369	      0.03059020	      0.05557289
     24.54400000	      0.01677456	      0.03052736	      0.05537703
     24.54800000	      0.01673923	      0.03049520	      0.05519644
     24.55200000	      0.01667185	      0.03043376	      0.05484202
     24.55600000	      0.01659646	      0.03036488	      0.05445369
     24.56000000	      0.01662742	      0.03039318	      0.05445412
     24.56400000	      0.01655797	      0.03032965	      0.05459772
     24.56800000	      0.01652824	      0.03030240	      0.05445997
     24.57200000	      0.01650540	      0.03028146	      0.05448134
     24.57600000	      0.01647524	      0.03025378	      0.05453430
     24.58000000	      0.01643955	      0.03022099	      0.05449442
     24.58400000	      0.01642073	      0.03020368	      0.05453570
     24.58800000	      0.01639789	      0.03018268	      0.05459373
     24.59200000	      0.01637903	      0.03016531	      0.05453634
     24.59600000	      0.01636016	      0.03014793	      0.05464863
     24.60000000	      0.01633868	      0.03012814	      0.05457874
     24.60400000	      0.01632058	      0.03011144	      0.05461844
     24.60800000	      0.01630690	      0.03009882	      0.05470306
     24.61200000	      0.01630358	      0.03009575	      0.05462664
     24.61600000	      0.01628279	      0.03007656	      0.05470108
     24.62000000	      0.01625239	      0.03004847	      0.05477263
     24.62400000	      0.01630126	      0.03009361	      0.05446410
     24.62800000	      0.01628047	      0.03007441	      0.05447775
     24.63200000	      0.01621844	      0.03001706	      0.05449712
     24.63600000	      0.01610625	      0.02991307	      0.05436404
     24.64000000	      0.01606859	      0.02987808	      0.05437179
     24.64400000	      0.01604717	      0.02985815	      0.05432605
     24.64800000	      0.01607034	      0.02987970	      0.05439713
     24.65200000	      0.01614399	      0.02994810	      0.05446531
     24.65600000	      0.01614671	      0.02995062	      0.05449737
     24.66000000	      0.01613312	      0.02993801	      0.05452526
     24.66400000	      0.01612286	      0.02992849	      0.05453184
     24.66800000	      0.01610977	      0.02991634	      0.05455843
     24.67200000	      0.01607926	      0.02988800	      0.05454957
     24.67600000	      0.01602798	      0.02984030	      0.05462704
     24.68000000	      0.01592914	      0.02974815	      0.05464543
     24.68400000	      0.01588463	      0.02970656	      0.05463141
     24.68800000	      0.01586845	      0.02969142	      0.05471789
     24.69200000	      0.01583659	      0.02966160	      0.05466011
     24.69600000	      0.01582354	      0.02964938	      0.05470587
     24.70000000	      0.01580895	      0.02963571	      0.05481586
     24.70400000	      0.01582809	      0.02965364	      0.05496263
     24.70800000	      0.01586085	      0.02968431	      0.05499650
     24.71200000	      0.01587934	      0.02970161	      0.05502787
     24.71600000	      0.01582915	      0.02965463	      0.05486547
     24.72000000	      0.01583878	      0.02966365	      0.05491435
     24.72400000	      0.01574996	      0.02958036	      0.05494581
     24.72800000	      0.01570634	      0.02953937	      0.05485451
     24.73200000	      0.01568132	      0.02951583	      0.05486634
     24.73600000	      0.01566699	      0.02950234	      0.05493422
     24.74000000	      0.01565834	      0.02949420	      0.05484543
     24.74400000	      0.01566558	      0.02950102	      0.05470628
     24.74800000	      0.01564762	      0.02948410	      0.05491781
     24.75200000	      0.01560484	      0.02944377	      0.05527537
     24.75600000	      0.01558148	      0.02942172	      0.05530102
     24.76000000	      0.01555989	      0.02940134	      0.05523087
     24.76400000	      0.01554475	      0.02938703	      0.05525090
     24.76800000	      0.01552949	      0.02937260	      0.05529983
     24.77200000	      0.01550936	      0.02935355	      0.05518582
     24.77600000	      0.01549555	      0.02934048	      0.05517894
     24.78000000	      0.01547987	      0.02932563	      0.05522462
     24.78400000	      0.01546923	      0.02931555	      0.05524592
     24.78800000	      0.01546595	      0.02931245	      0.05511644
     24.79200000	      0.01545581	      0.02930283	      0.05511737
     24.79600000	      0.01544249	      0.02929021	      0.05516465
     24.80000000	      0.01542541	      0.02927400	      0.05506287
     24.80400000	      0.01541274	      0.02926198	      0.05503049
     24.80800000	      0.01539527	      0.02924539	      0.05494493
     24.81200000	      0.01537840	      0.02922937	      0.05495800
     24.81600000	      0.01537176	      0.02922305	      0.05499940
     24.82000000	      0.01537445	      0.02922560	      0.05498316
     24.82400000	      0.01537457	      0.02922572	      0.05478882
     24.82800000	      0.01538128	      0.02923210	      0.05490525
     24.83200000	      0.01536743	      0.02921894	      0.05484836
     24.83600000	      0.01533625	      0.02918928	      0.05493273
     24.84000000	      0.01530850	      0.02916285	      0.05492373
     24.84400000	      0.01527869	      0.02913445	      0.05504147
     24.84800000	      0.01525772	      0.02911445	      0.05490947
     24.85200000	      0.01524574	      0.02910302	      0.05494869
     24.85600000	      0.01523074	      0.02908870	      0.05501476
     24.86000000	      0.01520999	      0.02906887	      0.05485486
     24.86400000	      0.01519552	      0.02905505	      0.05487367
     24.86800000	      0.01518690	      0.02904681	      0.05497408
     24.87200000	      0.01516963	      0.02903029	      0.05483785
     24.87600000	      0.01515380	      0.02901513	      0.05482564
     24.88000000	      0.01513973	      0.02900166	      0.05488760
     24.88400000	      0.01512124	      0.02898394	      0.05467496
     24.88800000	      0.01511134	      0.02897445	      0.05477265
     24.89200000	      0.01509798	      0.02896164	      0.05482008
     24.89600000	      0.01508239	      0.02894668	      0.05469922
     24.90000000	      0.01507062	      0.02893539	      0.05469318
     24.90400000	      0.01506705	      0.02893196	      0.05480279
     24.90800000	      0.01505529	      0.02892067	      0.05473302
     24.91200000	      0.01504145	      0.02890737	      0.05464480
     24.91600000	      0.01502844	      0.02889487	      0.05468899
     24.92000000	      0.01500976	      0.02887690	      0.05465473
     24.92400000	      0.01499766	      0.02886526	      0.05458224
     24.92800000	      0.01498308	      0.02885123	      0.05457079
     24.93200000	      0.01496208	      0.02883101	      0.05479525
     24.93600000	      0.01494915	      0.02881854	      0.05467003
     24.94000000	      0.01491804	      0.02878854	      0.05468055
     24.94400000	      0.01489808	      0.02876928	      0.05484612
     24.94800000	      0.01488429	      0.02875595	      0.05472749
     24.95200000	      0.01486992	      0.02874207	      0.05487704
     24.95600000	      0.01486456	      0.02873689	      0.05473174
     24.96000000	      0.01488499	      0.02875663	      0.05479176
     24.96400000	      0.01487949	      0.02875132	      0.05481572
     24.96800000	      0.01487171	      0.02874380	      0.05473807
     24.97200000	      0.01485626	      0.02872886	      0.05479797
     24.97600000	      0.01484329	      0.02871632	      0.05472406
     24.98000000	      0.01483437	      0.02870770	      0.05488558
     24.98400000	      0.01483764	      0.02871086	      0.05472762
     24.98800000	      0.01482861	      0.02870212	      0.05490681
     24.99200000	      0.01481633	      0.02869024	      0.05475009
     24.99600000	      0.01480169	      0.02867606	      0.05483811
     25.00000000	      0.01478789	      0.02866269	      0.05477768
     25.00400000	      0.01477006	      0.02864540	      0.05477396
     25.00800000	      0.01474140	      0.02861759	      0.05490099
     25.01200000	      0.01472168	      0.02859845	      0.05480908
     25.01600000	      0.01470554	      0.02858277	      0.05493988
     25.02000000	      0.01468729	      0.02856502	      0.05482981
     25.02400000	      0.01471842	      0.02859528	      0.05480190
     25.02800000	      0.01481610	      0.02869001	      0.05496496
     25.03200000	      0.01480042	      0.02867482	      0.05494695
     25.03600000	      0.01474801	      0.02862401	      0.05473994
     25.04000000	      0.01477022	      0.02864556	      0.05500359
     25.04400000	      0.01467233	      0.02855047	      0.05501246
     25.04800000	      0.01464875	      0.02852752	      0.05493709
     25.05200000	      0.01463812	      0.02851717	      0.05496790
     25.05600000	      0.01460411	      0.02848402	      0.05503500
     25.06000000	      0.01458951	      0.02846978	      0.05494570
     25.06400000	      0.01457183	      0.02845253	      0.05496706
     25.06800000	      0.01456285	      0.02844376	      0.05487792
     25.07200000	      0.01454761	      0.02842887	      0.05501616
     25.07600000	      0.01453653	      0.02841804	      0.05492309
     25.08000000	      0.01452801	      0.02840971	      0.05505389
     25.08400000	      0.01456487	      0.02844573	      0.05496287
     25.08800000	      0.01465923	      0.02853773	      0.05494719
     25.09200000	      0.01467601	      0.02855405	      0.05510772
     25.09600000	      0.01462738	      0.02850670	      0.05498543
     25.10000000	      0.01451795	      0.02839988	      0.05489547
     25.10400000	      0.01447434	      0.02835719	      0.05509147
     25.10800000	      0.01445532	      0.02833855	      0.05509468
     25.11200000	      0.01443417	      0.02831781	      0.05493033
     25.11600000	      0.01441769	      0.02830164	      0.05512074
     25.12000000	      0.01440506	      0.02828924	      0.05513197
     25.12400000	      0.01439723	      0.02828155	      0.05498452
     25.12800000	      0.01438903	      0.02827349	      0.05514590
     25.13200000	      0.01438087	      0.02826547	      0.05505481
     25.13600000	      0.01437451	      0.02825923	      0.05503383
     25.14000000	      0.01436654	      0.02825139	      0.05497337
     25.14400000	      0.01436030	      0.02824526	      0.05496361
     25.14800000	      0.01434311	      0.02822834	      0.05513352
     25.15200000	      0.01433902	      0.02822432	      0.05511323
     25.15600000	      0.01438179	      0.02826638	      0.05506599
     25.16000000	      0.01448340	      0.02836606	      0.05512091
     25.16400000	      0.01450271	      0.02838496	      0.05505577
     25.16800000	      0.01445606	      0.02833928	      0.05501092
     25.17200000	      0.01434366	      0.02822888	      0.05519094
     25.17600000	      0.01431446	      0.02820014	      0.05515211
     25.18000000	      0.01430359	      0.02818943	      0.05505296
     25.18400000	      0.01429873	      0.02818464	      0.05505482
     25.18800000	      0.01429180	      0.02817781	      0.05515354
     25.19200000	      0.01428755	      0.02817362	      0.05516284
     25.19600000	      0.01428356	      0.02816969	      0.05508774
     25.20000000	      0.01427974	      0.02816592	      0.05519582
     25.20400000	      0.01427263	      0.02815891	      0.05504797
     25.20800000	      0.01426833	      0.02815467	      0.05505526
     25.21200000	      0.01431177	      0.02819749	      0.05508877
     25.21600000	      0.01436888	      0.02825370	      0.05502433
     25.22000000	      0.01429001	      0.02817605	      0.05508502
     25.22400000	      0.01426987	      0.02815618	      0.05498110
     25.22800000	      0.01426906	      0.02815538	      0.05509666
     25.23200000	      0.01426739	      0.02815374	      0.05520323
     25.23600000	      0.01430109	      0.02818697	      0.05524030
     25.24000000	      0.01440082	      0.02828507	      0.05531775
     25.24400000	      0.01437918	      0.02826382	      0.05529661
     25.24800000	      0.01427555	      0.02816179	      0.05529024
     25.25200000	      0.01423577	      0.02812252	      0.05525888
     25.25600000	      0.01422389	      0.02811079	      0.05526368
     25.26000000	      0.01421853	      0.02810549	      0.05527022
     25.26400000	      0.01421603	      0.02810301	      0.05526827
     25.26800000	      0.01421916	      0.02810611	      0.05509011
     25.27200000	      0.01423396	      0.02812073	      0.05511566
     25.27600000	      0.01423728	      0.02812401	      0.05506557
     25.28000000	      0.01428052	      0.02816669	      0.05515972
     25.28400000	      0.01437487	      0.02825958	      0.05519423
     25.28800000	      0.01433708	      0.02822241	      0.05523035
     25.29200000	      0.01423384	      0.02812062	      0.05518191
     25.29600000	      0.01421890	      0.02810585	      0.05516725
     25.30000000	      0.01427157	      0.02815786	      0.05517469
     25.30400000	      0.01431752	      0.02820315	      0.05517385
     25.30800000	      0.01425785	      0.02814432	      0.05518215
     25.31200000	      0.01423813	      0.02812485	      0.05516215
     25.31600000	      0.01423003	      0.02811685	      0.05511824
     25.32000000	      0.01423259	      0.02811938	      0.05513813
     25.32400000	      0.01421024	      0.02809729	      0.05514641
     25.32800000	      0.01421440	      0.02810140	      0.05514921
     25.33200000	      0.01419502	      0.02808224	      0.05508895
     25.33600000	      0.01419043	      0.02807770	      0.05510407
     25.34000000	      0.01418981	      0.02807708	      0.05511530
     25.34400000	      0.01419039	      0.02807766	      0.05511891
     25.34800000	      0.01418765	      0.02807495	      0.05499635
     25.35200000	      0.01418680	      0.02807411	      0.05498360
     25.35600000	      0.01419181	      0.02807907	      0.05517238
     25.36000000	      0.01420783	      0.02809491	      0.05517015
     25.36400000	      0.01420693	      0.02809402	      0.05516196
     25.36800000	      0.01423674	      0.02812348	      0.05512810
     25.37200000	      0.01434081	      0.02822608	      0.05520556
     25.37600000	      0.01436704	      0.02825189	      0.05513933
     25.38000000	      0.01432709	      0.02821257	      0.05512436
     25.38400000	      0.01422408	      0.02811098	      0.05510060
     25.38800000	      0.01420048	      0.02808764	      0.05505285
     25.39200000	      0.01419729	      0.02808449	      0.05504593
     25.39600000	      0.01419880	      0.02808598	      0.05507188
     25.40000000	      0.01419729	      0.02808449	      0.05508318
     25.40400000	      0.01420018	      0.02808734	      0.05508889
     25.40800000	      0.01420949	      0.02809655	      0.05511539
     25.41200000	      0.01422543	      0.02811231	      0.05509993
     25.41600000	      0.01423082	      0.02811763	      0.05520861
     25.42000000	      0.01423519	      0.02812195	      0.05520379
     25.42400000	      0.01423880	      0.02812551	      0.05520838
     25.42800000	      0.01424016	      0.02812686	      0.05508416
     25.43200000	      0.01424478	      0.02813142	      0.05511779
     25.43600000	      0.01424796	      0.02813456	      0.05521903
     25.44000000	      0.01425866	      0.02814512	      0.05520956
     25.44400000	      0.01426985	      0.02815616	      0.05508108
     25.44800000	      0.01426576	      0.02815212	      0.05509554
     25.45200000	      0.01427566	      0.02816189	      0.05524405
     25.45600000	      0.01429572	      0.02818167	      0.05525140
     25.46000000	      0.01430139	      0.02818726	      0.05512379
     25.46400000	      0.01430889	      0.02819465	      0.05510228
     25.46800000	      0.01431450	      0.02820018	      0.05520144
     25.47200000	      0.01436256	      0.02824748	      0.05521745
     25.47600000	      0.01445192	      0.02833522	      0.05509202
     25.48000000	      0.01448266	      0.02836534	      0.05512178
     25.48400000	      0.01449402	      0.02837646	      0.05506579
     25.48800000	      0.01450484	      0.02838705	      0.05510207
     25.49200000	      0.01451496	      0.02839695	      0.05512834
     25.49600000	      0.01447943	      0.02836217	      0.05517026
     25.50000000	      0.01438493	      0.02826947	      0.05519647
     25.50400000	      0.01437019	      0.02825498	      0.05517310
     25.50800000	      0.01436271	      0.02824763	      0.05505662
     25.51200000	      0.01436642	      0.02825127	      0.05503945
     25.51600000	      0.01436877	      0.02825358	      0.05500264
     25.52000000	      0.01442346	      0.02830730	      0.05503525
     25.52400000	      0.01448279	      0.02836546	      0.05505798
     25.52800000	      0.01446127	      0.02834438	      0.05503832
     25.53200000	      0.01451100	      0.02839307	      0.05497573
     25.53600000	      0.01443956	      0.02832310	      0.05510488
     25.54000000	      0.01443306	      0.02831672	      0.05508770
     25.54400000	      0.01443530	      0.02831891	      0.05495131
     25.54800000	      0.01444492	      0.02832835	      0.05511457
     25.55200000	      0.01446179	      0.02834489	      0.05490769
     25.55600000	      0.01448990	      0.02837242	      0.05489721
     25.56000000	      0.01449667	      0.02837906	      0.05498456
     25.56400000	      0.01450271	      0.02838497	      0.05502650
     25.56800000	      0.01450276	      0.02838501	      0.05490244
     25.57200000	      0.01451531	      0.02839729	      0.05505218
     25.57600000	      0.01452954	      0.02841121	      0.05491275
     25.58000000	      0.01454373	      0.02842508	      0.05504084
     25.58400000	      0.01455648	      0.02843753	      0.05490721
     25.58800000	      0.01457244	      0.02845312	      0.05488756
     25.59200000	      0.01458767	      0.02846798	      0.05499758
     25.59600000	      0.01459873	      0.02847877	      0.05491626
     25.60000000	      0.01461247	      0.02849217	      0.05503038
     25.60400000	      0.01462590	      0.02850526	      0.05486071
     25.60800000	      0.01463235	      0.02851155	      0.05504464
     25.61200000	      0.01462678	      0.02850612	      0.05488964
     25.61600000	      0.01463931	      0.02851832	      0.05499889
     25.62000000	      0.01470100	      0.02857835	      0.05489195
     25.62400000	      0.01483245	      0.02870584	      0.05499934
     25.62800000	      0.01491936	      0.02878981	      0.05487157
     25.63200000	      0.01499281	      0.02886060	      0.05503275
     25.63600000	      0.01493556	      0.02880544	      0.05492609
     25.64000000	      0.01494377	      0.02881335	      0.05500608
     25.64400000	      0.01497199	      0.02884055	      0.05493370
     25.64800000	      0.01499190	      0.02885972	      0.05514590
     25.65200000	      0.01501054	      0.02887766	      0.05505903
     25.65600000	      0.01506854	      0.02893339	      0.05519251
     25.66000000	      0.01515369	      0.02901503	      0.05509617
     25.66400000	      0.01510717	      0.02897045	      0.05532798
     25.66800000	      0.01510173	      0.02896524	      0.05532457
     25.67200000	      0.01511786	      0.02898070	      0.05539456
     25.67600000	      0.01512398	      0.02898657	      0.05540124
     25.68000000	      0.01514133	      0.02900319	      0.05549198
     25.68400000	      0.01516902	      0.02902970	      0.05546168
     25.68800000	      0.01517395	      0.02903441	      0.05562354
     25.69200000	      0.01518827	      0.02904811	      0.05554744
     25.69600000	      0.01524799	      0.02910516	      0.05545309
     25.70000000	      0.01535262	      0.02920486	      0.05597341
     25.70400000	      0.01539279	      0.02924304	      0.05607121
     25.70800000	      0.01534143	      0.02919421	      0.05579742
     25.71200000	      0.01519849	      0.02905788	      0.05509862
     25.71600000	      0.01517913	      0.02903937	      0.05508574
     25.72000000	      0.01518577	      0.02904572	      0.05507372
     25.72400000	      0.01523070	      0.02908865	      0.05535242
     25.72800000	      0.01528352	      0.02913905	      0.05570079
     25.73200000	      0.01523225	      0.02909014	      0.05523273
     25.73600000	      0.01523645	      0.02909415	      0.05556898
     25.74000000	      0.01533214	      0.02918536	      0.05621336
     25.74400000	      0.01537786	      0.02922884	      0.05625257
     25.74800000	      0.01541597	      0.02926504	      0.05630213
     25.75200000	      0.01542758	      0.02927606	      0.05637248
     25.75600000	      0.01542917	      0.02927757	      0.05643904
     25.76000000	      0.01544603	      0.02929357	      0.05646603
     25.76400000	      0.01547028	      0.02931655	      0.05646698
     25.76800000	      0.01548857	      0.02933387	      0.05650349
     25.77200000	      0.01550268	      0.02934723	      0.05649865
     25.77600000	      0.01551889	      0.02936257	      0.05648666
     25.78000000	      0.01553285	      0.02937578	      0.05655653
     25.78400000	      0.01558810	      0.02942797	      0.05652569
     25.78800000	      0.01565247	      0.02948867	      0.05639045
     25.79200000	      0.01559402	      0.02943356	      0.05628409
     25.79600000	      0.01562661	      0.02946430	      0.05633434
     25.80000000	      0.01573082	      0.02956238	      0.05625583
     25.80400000	      0.01576644	      0.02959583	      0.05615005
     25.80800000	      0.01577994	      0.02960850	      0.05607057
     25.81200000	      0.01579552	      0.02962311	      0.05587669
     25.81600000	      0.01580934	      0.02963607	      0.05582604
     25.82000000	      0.01582379	      0.02964961	      0.05583767
     25.82400000	      0.01583382	      0.02965900	      0.05551553
     25.82800000	      0.01583826	      0.02966317	      0.05538880
     25.83200000	      0.01586523	      0.02968841	      0.05534743
     25.83600000	      0.01583973	      0.02966454	      0.05530056
     25.84000000	      0.01575541	      0.02958547	      0.05503191
     25.84400000	      0.01574083	      0.02957179	      0.05495515
     25.84800000	      0.01574108	      0.02957202	      0.05488777
     25.85200000	      0.01579275	      0.02962051	      0.05491642
     25.85600000	      0.01585934	      0.02968289	      0.05490325
     25.86000000	      0.01580232	      0.02962949	      0.05473477
     25.86400000	      0.01580098	      0.02962824	      0.05468510
     25.86800000	      0.01581304	      0.02963954	      0.05461289
     25.87200000	      0.01582925	      0.02965473	      0.05453112
     25.87600000	      0.01584675	      0.02967111	      0.05450337
     25.88000000	      0.01588053	      0.02970272	      0.05438782
     25.88400000	      0.01589862	      0.02971964	      0.05438700
     25.88800000	      0.01591578	      0.02973567	      0.05433386
     25.89200000	      0.01592834	      0.02974740	      0.05432513
     25.89600000	      0.01593152	      0.02975037	      0.05430832
     25.90000000	      0.01594652	      0.02976437	      0.05427866
     25.90400000	      0.01596439	      0.02978105	      0.05428566
     25.90800000	      0.01598287	      0.02979828	      0.05426407
     25.91200000	      0.01601212	      0.02982553	      0.05434475
     25.91600000	      0.01610467	      0.02991160	      0.05423249
     25.92000000	      0.01619656	      0.02999681	      0.05420738
     25.92400000	      0.01614283	      0.02994702	      0.05419965
     25.92800000	      0.01613604	      0.02994072	      0.05417357
     25.93200000	      0.01618660	      0.02998759	      0.05419912
     25.93600000	      0.01627818	      0.03007230	      0.05428554
     25.94000000	      0.01632781	      0.03011811	      0.05429813
     25.94400000	      0.01631542	      0.03010668	      0.05417668
     25.94800000	      0.01623889	      0.03003599	      0.05426400
     25.95200000	      0.01614135	      0.02994565	      0.05414144
     25.95600000	      0.01605338	      0.02986393	      0.05425439
     25.96000000	      0.01624611	      0.03004266	      0.05410413
     25.96400000	      0.01640253	      0.03018694	      0.05420606
     25.96800000	      0.01641382	      0.03019733	      0.05408174
     25.97200000	      0.01633278	      0.03012269	      0.05412951
     25.97600000	      0.01633327	      0.03012314	      0.05403933
     25.98000000	      0.01635734	      0.03014534	      0.05401114
     25.98400000	      0.01636344	      0.03015095	      0.05410288
     25.98800000	      0.01633085	      0.03012092	      0.05398518
     25.99200000	      0.01624783	      0.03004426	      0.05402353
     25.99600000	      0.01628097	      0.03007488	      0.05394736
     26.00000000	      0.01642236	      0.03020519	      0.05404281
     26.00400000	      0.01655460	      0.03032655	      0.05394561
     26.00800000	      0.01655911	      0.03033069	      0.05401936
     26.01200000	      0.01649093	      0.03026818	      0.05394067
     26.01600000	      0.01647882	      0.03025707	      0.05396665
     26.02000000	      0.01652275	      0.03029737	      0.05392133
     26.02400000	      0.01663137	      0.03039679	      0.05374827
     26.02800000	      0.01658505	      0.03035443	      0.05379506
     26.03200000	      0.01659093	      0.03035981	      0.05392821
     26.03600000	      0.01667538	      0.03043698	      0.05396137
     26.04000000	      0.01674834	      0.03050350	      0.05383629
     26.04400000	      0.01670708	      0.03046590	      0.05392660
     26.04800000	      0.01673097	      0.03048768	      0.05385590
     26.05200000	      0.01679328	      0.03054440	      0.05393544
     26.05600000	      0.01685803	      0.03060323	      0.05376063
     26.06000000	      0.01686849	      0.03061271	      0.05381477
     26.06400000	      0.01697692	      0.03071095	      0.05386645
     26.06800000	      0.01698009	      0.03071381	      0.05388949
     26.07200000	      0.01691446	      0.03065440	      0.05375125
     26.07600000	      0.01692071	      0.03066006	      0.05384191
     26.08000000	      0.01694418	      0.03068132	      0.05389903
     26.08400000	      0.01696322	      0.03069855	      0.05376174
     26.08800000	      0.01696264	      0.03069802	      0.05384981
     26.09200000	      0.01702365	      0.03075318	      0.05388656
     26.09600000	      0.01721163	      0.03092251	      0.05381088
     26.10000000	      0.01737102	      0.03106536	      0.05382464
     26.10400000	      0.01736423	      0.03105929	      0.05394570
     26.10800000	      0.01734508	      0.03104215	      0.05402081
     26.11200000	      0.01730621	      0.03100735	      0.05385215
     26.11600000	      0.01733618	      0.03103420	      0.05399133
     26.12000000	      0.01729234	      0.03099493	      0.05407810
     26.12400000	      0.01729929	      0.03100115	      0.05414420
     26.12800000	      0.01736757	      0.03106228	      0.05396020
     26.13200000	      0.01747191	      0.03115544	      0.05404120
     26.13600000	      0.01743921	      0.03112627	      0.05403179
     26.14000000	      0.01746444	      0.03114878	      0.05408642
     26.14400000	      0.01751029	      0.03118964	      0.05410694
     26.14800000	      0.01754866	      0.03122380	      0.05414577
     26.15200000	      0.01757479	      0.03124703	      0.05397710
     26.15600000	      0.01761181	      0.03127993	      0.05404036
     26.16000000	      0.01765617	      0.03131930	      0.05403895
     26.16400000	      0.01768138	      0.03134165	      0.05404723
     26.16800000	      0.01769879	      0.03135707	      0.05406914
     26.17200000	      0.01772363	      0.03137907	      0.05406908
     26.17600000	      0.01775003	      0.03140243	      0.05390616
     26.18000000	      0.01777809	      0.03142725	      0.05399002
     26.18400000	      0.01780220	      0.03144855	      0.05399293
     26.18800000	      0.01783755	      0.03147975	      0.05399496
     26.19200000	      0.01788647	      0.03152289	      0.05389481
     26.19600000	      0.01793234	      0.03156329	      0.05385537
     26.20000000	      0.01796647	      0.03159331	      0.05365006
     26.20400000	      0.01799253	      0.03161621	      0.05371269
     26.20800000	      0.01800283	      0.03162526	      0.05378312
     26.21200000	      0.01802535	      0.03164504	      0.05384045
     26.21600000	      0.01802696	      0.03164645	      0.05399268
     26.22000000	      0.01802677	      0.03164628	      0.05423568
     26.22400000	      0.01805987	      0.03167532	      0.05432485
     26.22800000	      0.01811310	      0.03172197	      0.05444364
     26.23200000	      0.01813751	      0.03174334	      0.05460729
     26.23600000	      0.01814963	      0.03175394	      0.05467203
     26.24000000	      0.01813840	      0.03174411	      0.05472995
     26.24400000	      0.01815830	      0.03176152	      0.05487030
     26.24800000	      0.01820601	      0.03180322	      0.05495672
     26.25200000	      0.01818648	      0.03178616	      0.05507396
     26.25600000	      0.01822720	      0.03182172	      0.05517953
     26.26000000	      0.01818103	      0.03178140	      0.05544133
     26.26400000	      0.01817451	      0.03177570	      0.05554189
     26.26800000	      0.01817836	      0.03177906	      0.05564284
     26.27200000	      0.01815098	      0.03175512	      0.05573538
     26.27600000	      0.01808633	      0.03169852	      0.05572847
     26.28000000	      0.01811599	      0.03172450	      0.05584110
     26.28400000	      0.01823723	      0.03183048	      0.05598211
     26.28800000	      0.01825686	      0.03184761	      0.05628631
     26.29200000	      0.01823833	      0.03183144	      0.05640183
     26.29600000	      0.01823865	      0.03183171	      0.05646040
     26.30000000	      0.01824630	      0.03183839	      0.05652003
     26.30400000	      0.01825965	      0.03185004	      0.05657649
     26.30800000	      0.01835354	      0.03193182	      0.05660792
     26.31200000	      0.01855820	      0.03210936	      0.05659166
     26.31600000	      0.01863453	      0.03217533	      0.05640653
     26.32000000	      0.01865930	      0.03219671	      0.05658942
     26.32400000	      0.01867283	      0.03220837	      0.05658403
     26.32800000	      0.01874940	      0.03227435	      0.05699923
     26.33200000	      0.01888423	      0.03239018	      0.05788073
     26.33600000	      0.01888479	      0.03239066	      0.05803490
     26.34000000	      0.01893882	      0.03243696	      0.05828786
     26.34400000	      0.01896089	      0.03245586	      0.05829962
     26.34800000	      0.01893385	      0.03243271	      0.05833076
     26.35200000	      0.01889340	      0.03239805	      0.05839902
     26.35600000	      0.01897010	      0.03246374	      0.05839671
     26.36000000	      0.01891610	      0.03241750	      0.05832801
     26.36400000	      0.01872612	      0.03225430	      0.05850963
     26.36800000	      0.01867920	      0.03221387	      0.05867449
     26.37200000	      0.01866441	      0.03220111	      0.05866836
     26.37600000	      0.01865809	      0.03219566	      0.05875951
     26.38000000	      0.01869704	      0.03222925	      0.05864630
     26.38400000	      0.01873068	      0.03225823	      0.05894390
     26.38800000	      0.01866730	      0.03220360	      0.05908387
     26.39200000	      0.01864034	      0.03218034	      0.05899840
     26.39600000	      0.01863247	      0.03217355	      0.05917031
     26.40000000	      0.01863062	      0.03217195	      0.05904043
     26.40400000	      0.01863099	      0.03217227	      0.05926036
     26.40800000	      0.01863995	      0.03218001	      0.05928620
     26.41200000	      0.01866842	      0.03220457	      0.05915457
     26.41600000	      0.01868882	      0.03222217	      0.05927443
     26.42000000	      0.01862822	      0.03216988	      0.05928298
     26.42400000	      0.01860803	      0.03215244	      0.05956332
     26.42800000	      0.01860896	      0.03215324	      0.05941153
     26.43200000	      0.01860379	      0.03214877	      0.05952666
     26.43600000	      0.01859483	      0.03214103	      0.05948793
     26.44000000	      0.01859919	      0.03214480	      0.05956065
     26.44400000	      0.01861506	      0.03215852	      0.05950570
     26.44800000	      0.01862434	      0.03216653	      0.05956727
     26.45200000	      0.01863375	      0.03217466	      0.05955048
     26.45600000	      0.01862569	      0.03216769	      0.05957173
     26.46000000	      0.01862043	      0.03216315	      0.05949429
     26.46400000	      0.01862128	      0.03216388	      0.05962429
     26.46800000	      0.01862167	      0.03216422	      0.05950134
     26.47200000	      0.01863247	      0.03217355	      0.05950745
     26.47600000	      0.01864063	      0.03218059	      0.05965914
     26.48000000	      0.01864411	      0.03218360	      0.05959181
     26.48400000	      0.01863844	      0.03217870	      0.05964428
     26.48800000	      0.01863880	      0.03217901	      0.05954863
     26.49200000	      0.01863823	      0.03217852	      0.05963542
     26.49600000	      0.01865305	      0.03219131	      0.05952936
     26.50000000	      0.01865945	      0.03219684	      0.05964089
     26.50400000	      0.01866200	      0.03219904	      0.05957984
     26.50800000	      0.01866754	      0.03220381	      0.05957411
     26.51200000	      0.01866903	      0.03220510	      0.05965257
     26.51600000	      0.01867252	      0.03220811	      0.05961808
     26.52000000	      0.01866875	      0.03220486	      0.05957807
     26.52400000	      0.01866617	      0.03220263	      0.05963457
     26.52800000	      0.01866558	      0.03220212	      0.05961220
     26.53200000	      0.01866647	      0.03220289	      0.05976252
     26.53600000	      0.01866885	      0.03220494	      0.05962454
     26.54000000	      0.01866672	      0.03220311	      0.05956553
     26.54400000	      0.01866078	      0.03219798	      0.05960954
     26.54800000	      0.01865846	      0.03219598	      0.05957802
     26.55200000	      0.01865007	      0.03218874	      0.05963042
     26.55600000	      0.01863574	      0.03217638	      0.05959269
     26.56000000	      0.01862853	      0.03217015	      0.05954929
     26.56400000	      0.01862493	      0.03216703	      0.05965823
     26.56800000	      0.01861087	      0.03215489	      0.05966586
     26.57200000	      0.01861388	      0.03215750	      0.05965565
     26.57600000	      0.01862973	      0.03217118	      0.05964667
     26.58000000	      0.01863596	      0.03217656	      0.05968486
     26.58400000	      0.01863491	      0.03217566	      0.05962944
     26.58800000	      0.01863230	      0.03217340	      0.05967854
     26.59200000	      0.01863032	      0.03217169	      0.05965050
     26.59600000	      0.01863426	      0.03217509	      0.05971880
     26.60000000	      0.01864629	      0.03218547	      0.05967701
     26.60400000	      0.01864642	      0.03218559	      0.05968561
     26.60800000	      0.01864665	      0.03218579	      0.05969860
     26.61200000	      0.01865269	      0.03219100	      0.05977351
     26.61600000	      0.01865610	      0.03219394	      0.05968346
     26.62000000	      0.01865492	      0.03219293	      0.05971518
     26.62400000	      0.01865976	      0.03219710	      0.05951418
     26.62800000	      0.01867398	      0.03220936	      0.05954332
     26.63200000	      0.01867787	      0.03221272	      0.05950305
     26.63600000	      0.01867629	      0.03221136	      0.05956789
     26.64000000	      0.01867418	      0.03220954	      0.05970174
     26.64400000	      0.01867371	      0.03220914	      0.05947701
     26.64800000	      0.01867417	      0.03220953	      0.05957706
     26.65200000	      0.01866546	      0.03220202	      0.05947892
     26.65600000	      0.01866208	      0.03219910	      0.05955535
     26.66000000	      0.01866063	      0.03219785	      0.05972634
     26.66400000	      0.01864729	      0.03218634	      0.05948255
     26.66800000	      0.01862766	      0.03216940	      0.05957511
     26.67200000	      0.01861815	      0.03216118	      0.05939519
     26.67600000	      0.01861444	      0.03215797	      0.05946665
     26.68000000	      0.01861960	      0.03216243	      0.05932920
     26.68400000	      0.01863189	      0.03217305	      0.05944969
     26.68800000	      0.01863308	      0.03217408	      0.05926272
     26.69200000	      0.01862868	      0.03217027	      0.05936816
     26.69600000	      0.01861022	      0.03215433	      0.05898500
     26.70000000	      0.01860799	      0.03215241	      0.05909002
     26.70400000	      0.01860674	      0.03215132	      0.05897296
     26.70800000	      0.01860465	      0.03214952	      0.05907317
     26.71200000	      0.01860050	      0.03214593	      0.05893812
     26.71600000	      0.01860116	      0.03214651	      0.05904354
     26.72000000	      0.01860010	      0.03214559	      0.05887547
     26.72400000	      0.01859435	      0.03214062	      0.05900408
     26.72800000	      0.01858335	      0.03213111	      0.05886085
     26.73200000	      0.01857319	      0.03212233	      0.05880257
     26.73600000	      0.01856766	      0.03211754	      0.05890982
     26.74000000	      0.01856238	      0.03211297	      0.05874940
     26.74400000	      0.01855205	      0.03210404	      0.05875158
     26.74800000	      0.01854097	      0.03209445	      0.05865309
     26.75200000	      0.01854997	      0.03210224	      0.05863360
     26.75600000	      0.01854783	      0.03210039	      0.05857503
     26.76000000	      0.01854101	      0.03209449	      0.05826697
     26.76400000	      0.01853864	      0.03209244	      0.05831214
     26.76800000	      0.01853884	      0.03209261	      0.05828477
     26.77200000	      0.01856426	      0.03211460	      0.05829448
     26.77600000	      0.01861947	      0.03216232	      0.05815446
     26.78000000	      0.01859444	      0.03214070	      0.05816341
     26.78400000	      0.01851592	      0.03207276	      0.05814020
     26.78800000	      0.01848332	      0.03204452	      0.05807652
     26.79200000	      0.01846216	      0.03202617	      0.05799455
     26.79600000	      0.01847512	      0.03203741	      0.05796009
     26.80000000	      0.01849013	      0.03205042	      0.05785734
     26.80400000	      0.01848396	      0.03204508	      0.05760279
     26.80800000	      0.01848095	      0.03204246	      0.05758984
     26.81200000	      0.01847674	      0.03203882	      0.05751530
     26.81600000	      0.01848578	      0.03204665	      0.05750250
     26.82000000	      0.01849946	      0.03205850	      0.05755204
     26.82400000	      0.01848641	      0.03204720	      0.05751670
     26.82800000	      0.01852222	      0.03207822	      0.05752183
     26.83200000	      0.01861088	      0.03215490	      0.05761929
     26.83600000	      0.01857752	      0.03212607	      0.05731162
     26.84000000	      0.01848082	      0.03204235	      0.05711404
     26.84400000	      0.01848880	      0.03204927	      0.05706503
     26.84800000	      0.01852452	      0.03208022	      0.05705310
     26.85200000	      0.01845016	      0.03201576	      0.05687627
     26.85600000	      0.01843014	      0.03199839	      0.05681275
     26.86000000	      0.01839846	      0.03197087	      0.05664245
     26.86400000	      0.01830250	      0.03188739	      0.05644323
     26.86800000	      0.01829260	      0.03187876	      0.05643057
     26.87200000	      0.01864526	      0.03218459	      0.05624966
     26.87600000	      0.01872089	      0.03224980	      0.05615484
     26.88000000	      0.01872628	      0.03225444	      0.05614892
     26.88400000	      0.01871713	      0.03224656	      0.05596636
     26.88800000	      0.01869193	      0.03222484	      0.05593750
     26.89200000	      0.01860757	      0.03215205	      0.05587909
     26.89600000	      0.01846486	      0.03202851	      0.05587897
     26.90000000	      0.01835537	      0.03193341	      0.05584612
     26.90400000	      0.01830637	      0.03189076	      0.05576137
     26.90800000	      0.01826870	      0.03185793	      0.05567641
     26.91200000	      0.01824477	      0.03183706	      0.05558582
     26.91600000	      0.01821608	      0.03181202	      0.05547932
     26.92000000	      0.01820518	      0.03180250	      0.05535544
     26.92400000	      0.01818029	      0.03178075	      0.05502901
     26.92800000	      0.01822218	      0.03181734	      0.05498981
     26.93200000	      0.01831878	      0.03190157	      0.05501623
     26.93600000	      0.01833059	      0.03191185	      0.05495888
     26.94000000	      0.01832075	      0.03190328	      0.05485914
     26.94400000	      0.01829554	      0.03188133	      0.05447720
     26.94800000	      0.01827577	      0.03186409	      0.05440826
     26.95200000	      0.01826317	      0.03185311	      0.05436301
     26.95600000	      0.01825044	      0.03184200	      0.05431336
     26.96000000	      0.01823668	      0.03183000	      0.05412959
     26.96400000	      0.01820346	      0.03180099	      0.05412856
     26.96800000	      0.01814179	      0.03174709	      0.05411151
     26.97200000	      0.01811674	      0.03172515	      0.05387319
     26.97600000	      0.01810321	      0.03171331	      0.05383282
     26.98000000	      0.01809128	      0.03170286	      0.05375372
     26.98400000	      0.01804125	      0.03165899	      0.05348028
     26.98800000	      0.01793613	      0.03156663	      0.05330979
     26.99200000	      0.01788953	      0.03152559	      0.05343710
     26.99600000	      0.01786498	      0.03150395	      0.05341095
     27.00000000	      0.01784516	      0.03148647	      0.05340853
     27.00400000	      0.01783749	      0.03147970	      0.05338562
     27.00800000	      0.01783572	      0.03147814	      0.05336118
     27.01200000	      0.01786502	      0.03150399	      0.05334048
     27.01600000	      0.01793917	      0.03156930	      0.05335060
     27.02000000	      0.01794943	      0.03157833	      0.05335049
     27.02400000	      0.01790766	      0.03154156	      0.05347847
     27.02800000	      0.01783468	      0.03147722	      0.05344974
     27.03200000	      0.01776588	      0.03141645	      0.05340650
     27.03600000	      0.01766048	      0.03132312	      0.05350191
     27.04000000	      0.01762834	      0.03129460	      0.05347360
     27.04400000	      0.01765085	      0.03131458	      0.05347574
     27.04800000	      0.01769352	      0.03135241	      0.05358465
     27.05200000	      0.01762297	      0.03128984	      0.05348996
     27.05600000	      0.01763671	      0.03130203	      0.05347653
     27.06000000	      0.01770183	      0.03135976	      0.05359791
     27.06400000	      0.01769560	      0.03135425	      0.05354858
     27.06800000	      0.01770600	      0.03136346	      0.05351947
     27.07200000	      0.01774027	      0.03139380	      0.05363014
     27.07600000	      0.01774306	      0.03139626	      0.05355841
     27.08000000	      0.01768751	      0.03134708	      0.05354025
     27.08400000	      0.01756446	      0.03123785	      0.05364187
     27.08800000	      0.01751432	      0.03119323	      0.05357639
     27.09200000	      0.01748260	      0.03116498	      0.05367140
     27.09600000	      0.01749334	      0.03117455	      0.05363202
     27.10000000	      0.01755578	      0.03123013	      0.05363036
     27.10400000	      0.01750008	      0.03118055	      0.05359973
     27.10800000	      0.01743289	      0.03112063	      0.05370608
     27.11200000	      0.01744241	      0.03112913	      0.05356694
     27.11600000	      0.01734651	      0.03104344	      0.05349015
     27.12000000	      0.01730861	      0.03100950	      0.05349943
     27.12400000	      0.01728311	      0.03098666	      0.05360485
     27.12800000	      0.01726398	      0.03096950	      0.05353235
     27.13200000	      0.01724492	      0.03095240	      0.05359899
     27.13600000	      0.01722863	      0.03093778	      0.05361075
     27.14000000	      0.01720030	      0.03091233	      0.05360356
     27.14400000	      0.01717620	      0.03089067	      0.05352245
     27.14800000	      0.01716482	      0.03088043	      0.05346868
     27.15200000	      0.01718793	      0.03090121	      0.05360599
     27.15600000	      0.01722445	      0.03093403	      0.05352459
     27.16000000	      0.01718428	      0.03089793	      0.05363919
     27.16400000	      0.01722079	      0.03093074	      0.05373223
     27.16800000	      0.01715714	      0.03087353	      0.05356737
     27.17200000	      0.01713100	      0.03085000	      0.05354793
     27.17600000	      0.01711160	      0.03083252	      0.05367303
     27.18000000	      0.01709653	      0.03081894	      0.05358159
     27.18400000	      0.01706289	      0.03078860	      0.05366215
     27.18800000	      0.01701138	      0.03074210	      0.05358414
     27.19200000	      0.01698488	      0.03071815	      0.05366779
     27.19600000	      0.01696897	      0.03070375	      0.05359397
     27.20000000	      0.01695397	      0.03069019	      0.05356254
     27.20400000	      0.01693434	      0.03067241	      0.05367484
     27.20800000	      0.01691900	      0.03065852	      0.05359144
     27.21200000	      0.01690572	      0.03064648	      0.05370270
     27.21600000	      0.01688478	      0.03062749	      0.05369346
     27.22000000	      0.01685070	      0.03059657	      0.05370258
     27.22400000	      0.01683644	      0.03058362	      0.05383185
     27.22800000	      0.01682796	      0.03057592	      0.05373622
     27.23200000	      0.01680460	      0.03055469	      0.05388568
     27.23600000	      0.01679457	      0.03054557	      0.05378224
     27.24000000	      0.01676882	      0.03052214	      0.05377054
     27.24400000	      0.01676362	      0.03051741	      0.05392310
     27.24800000	      0.01677603	      0.03052870	      0.05386959
     27.25200000	      0.01679137	      0.03054266	      0.05378661
     27.25600000	      0.01685163	      0.03059741	      0.05395046
     27.26000000	      0.01688740	      0.03062987	      0.05391038
     27.26400000	      0.01685530	      0.03060074	      0.05400390
     27.26800000	      0.01677759	      0.03053012	      0.05403609
     27.27200000	      0.01675937	      0.03051354	      0.05409704
     27.27600000	      0.01674115	      0.03049695	      0.05416947
     27.28000000	      0.01672910	      0.03048597	      0.05421640
     27.28400000	      0.01675586	      0.03051034	      0.05433978
     27.28800000	      0.01674351	      0.03049910	      0.05407617
     27.29200000	      0.01656931	      0.03034003	      0.05396937
     27.29600000	      0.01654726	      0.03031983	      0.05389650
     27.30000000	      0.01653086	      0.03030480	      0.05400991
     27.30400000	      0.01651332	      0.03028872	      0.05390385
     27.30800000	      0.01649199	      0.03026916	      0.05392016
     27.31200000	      0.01647654	      0.03025498	      0.05389321
     27.31600000	      0.01645756	      0.03023754	      0.05399602
     27.32000000	      0.01643778	      0.03021937	      0.05389767
     27.32400000	      0.01641958	      0.03020263	      0.05394961
     27.32800000	      0.01640840	      0.03019235	      0.05392625
     27.33200000	      0.01640355	      0.03018788	      0.05396384
     27.33600000	      0.01639068	      0.03017604	      0.05395482
     27.34000000	      0.01637507	      0.03016166	      0.05401902
     27.34400000	      0.01636509	      0.03015247	      0.05402460
     27.34800000	      0.01634848	      0.03013716	      0.05411379
     27.35200000	      0.01632967	      0.03011983	      0.05418214
     27.35600000	      0.01629101	      0.03008415	      0.05420667
     27.36000000	      0.01627084	      0.03006552	      0.05418150
     27.36400000	      0.01625883	      0.03005442	      0.05425166
     27.36800000	      0.01625707	      0.03005280	      0.05426842
     27.37200000	      0.01623867	      0.03003578	      0.05422130
     27.37600000	      0.01621897	      0.03001756	      0.05422842
     27.38000000	      0.01620894	      0.03000827	      0.05428370
     27.38400000	      0.01620531	      0.03000492	      0.05445088
     27.38800000	      0.01618273	      0.02998400	      0.05444343
     27.39200000	      0.01616110	      0.02996396	      0.05466687
     27.39600000	      0.01612825	      0.02993349	      0.05468745
     27.40000000	      0.01612876	      0.02993397	      0.05484223
     27.40400000	      0.01611665	      0.02992272	      0.05486555
     27.40800000	      0.01610232	      0.02990941	      0.05488141
     27.41200000	      0.01608683	      0.02989503	      0.05493729
     27.41600000	      0.01607027	      0.02987963	      0.05489996
     27.42000000	      0.01606321	      0.02987308	      0.05493870
     27.42400000	      0.01604888	      0.02985975	      0.05507789
     27.42800000	      0.01604275	      0.02985405	      0.05511125
     27.43200000	      0.01602714	      0.02983952	      0.05512930
     27.43600000	      0.01601223	      0.02982563	      0.05511375
     27.44000000	      0.01599399	      0.02980864	      0.05512439
     27.44400000	      0.01601871	      0.02983167	      0.05513499
     27.44800000	      0.01605289	      0.02986348	      0.05520923
     27.45200000	      0.01596978	      0.02978607	      0.05531812
     27.45600000	      0.01594679	      0.02976462	      0.05534347
     27.46000000	      0.01593588	      0.02975444	      0.05538924
     27.46400000	      0.01590349	      0.02972419	      0.05539148
     27.46800000	      0.01588789	      0.02970960	      0.05542584
     27.47200000	      0.01587424	      0.02969684	      0.05547028
     27.47600000	      0.01585844	      0.02968206	      0.05539196
     27.48000000	      0.01584758	      0.02967189	      0.05543064
     27.48400000	      0.01583351	      0.02965872	      0.05550725
     27.48800000	      0.01580828	      0.02963508	      0.05543045
     27.49200000	      0.01578539	      0.02961361	      0.05544582
     27.49600000	      0.01576876	      0.02959801	      0.05545245
     27.50000000	      0.01574678	      0.02957737	      0.05542645
     27.50400000	      0.01573060	      0.02956217	      0.05538552
     27.50800000	      0.01572137	      0.02955350	      0.05539124
     27.51200000	      0.01572157	      0.02955369	      0.05542288
     27.51600000	      0.01571185	      0.02954455	      0.05549211
     27.52000000	      0.01569405	      0.02952781	      0.05537925
     27.52400000	      0.01567831	      0.02951300	      0.05542260
     27.52800000	      0.01566392	      0.02949946	      0.05547223
     27.53200000	      0.01564740	      0.02948390	      0.05540405
     27.53600000	      0.01563481	      0.02947203	      0.05539621
     27.54000000	      0.01562466	      0.02946246	      0.05532924
     27.54400000	      0.01562623	      0.02946395	      0.05537242
     27.54800000	      0.01562074	      0.02945876	      0.05549042
     27.55200000	      0.01560444	      0.02944339	      0.05539913
     27.55600000	      0.01562192	      0.02945988	      0.05544852
     27.56000000	      0.01564211	      0.02947891	      0.05560031
     27.56400000	      0.01555630	      0.02939794	      0.05542740
     27.56800000	      0.01552490	      0.02936825	      0.05541728
     27.57200000	      0.01550594	      0.02935032	      0.05551022
     27.57600000	      0.01549174	      0.02933687	      0.05535264
     27.58000000	      0.01547695	      0.02932287	      0.05541343
     27.58400000	      0.01546507	      0.02931162	      0.05549751
     27.58800000	      0.01544892	      0.02929631	      0.05535733
     27.59200000	      0.01543636	      0.02928439	      0.05540259
     27.59600000	      0.01542160	      0.02927038	      0.05546939
     27.60000000	      0.01540327	      0.02925298	      0.05535054
     27.60400000	      0.01538912	      0.02923954	      0.05535423
     27.60800000	      0.01537433	      0.02922549	      0.05542691
     27.61200000	      0.01535677	      0.02920880	      0.05522096
     27.61600000	      0.01534370	      0.02919637	      0.05528362
     27.62000000	      0.01533613	      0.02918917	      0.05532433
     27.62400000	      0.01531639	      0.02917037	      0.05515723
     27.62800000	      0.01530097	      0.02915568	      0.05517363
     27.63200000	      0.01528401	      0.02913952	      0.05525815
     27.63600000	      0.01526192	      0.02911846	      0.05505115
     27.64000000	      0.01524331	      0.02910070	      0.05505690
     27.64400000	      0.01522859	      0.02908664	      0.05512972
     27.64800000	      0.01521197	      0.02907077	      0.05501610
     27.65200000	      0.01519852	      0.02905792	      0.05502637
     27.65600000	      0.01517866	      0.02903892	      0.05507504
     27.66000000	      0.01515829	      0.02901943	      0.05509875
     27.66400000	      0.01513650	      0.02899857	      0.05483084
     27.66800000	      0.01511950	      0.02898227	      0.05485491
     27.67200000	      0.01509888	      0.02896251	      0.05494243
     27.67600000	      0.01506602	      0.02893097	      0.05473294
     27.68000000	      0.01504881	      0.02891444	      0.05478431
     27.68400000	      0.01503555	      0.02890170	      0.05484442
     27.68800000	      0.01503030	      0.02889666	      0.05466243
     27.69200000	      0.01505200	      0.02891750	      0.05465138
     27.69600000	      0.01505964	      0.02892485	      0.05450290
     27.70000000	      0.01505186	      0.02891737	      0.05459315
     27.70400000	      0.01503826	      0.02890431	      0.05449348
     27.70800000	      0.01503044	      0.02889679	      0.05445777
     27.71200000	      0.01502342	      0.02889004	      0.05462077
     27.71600000	      0.01499940	      0.02886693	      0.05451358
     27.72000000	      0.01498783	      0.02885580	      0.05450035
     27.72400000	      0.01497708	      0.02884545	      0.05465088
     27.72800000	      0.01496602	      0.02883480	      0.05466325
     27.73200000	      0.01494900	      0.02881839	      0.05447965
     27.73600000	      0.01493530	      0.02880519	      0.05469126
     27.74000000	      0.01492412	      0.02879441	      0.05456938
     27.74400000	      0.01491880	      0.02878927	      0.05473090
     27.74800000	      0.01492708	      0.02879726	      0.05456988
     27.75200000	      0.01496375	      0.02883261	      0.05454059
     27.75600000	      0.01501525	      0.02888218	      0.05459554
     27.76000000	      0.01494205	      0.02881170	      0.05470218
     27.76400000	      0.01492041	      0.02879083	      0.05459875
     27.76800000	      0.01490974	      0.02878053	      0.05463881
     27.77200000	      0.01494187	      0.02881152	      0.05452210
     27.77600000	      0.01498381	      0.02885193	      0.05460586
     27.78000000	      0.01489502	      0.02876632	      0.05460591
     27.78400000	      0.01484903	      0.02872188	      0.05478566
     27.78800000	      0.01483281	      0.02870618	      0.05480111
     27.79200000	      0.01482157	      0.02869530	      0.05460477
     27.79600000	      0.01485174	      0.02872450	      0.05480187
     27.80000000	      0.01490047	      0.02877158	      0.05484468
     27.80400000	      0.01486472	      0.02873704	      0.05465128
     27.80800000	      0.01494065	      0.02881035	      0.05471693
     27.81200000	      0.01495712	      0.02882623	      0.05482323
     27.81600000	      0.01497034	      0.02883896	      0.05483284
     27.82000000	      0.01491493	      0.02878554	      0.05475618
     27.82400000	      0.01480763	      0.02868181	      0.05471903
     27.82800000	      0.01476570	      0.02864117	      0.05477538
     27.83200000	      0.01474955	      0.02862550	      0.05483726
     27.83600000	      0.01473169	      0.02860817	      0.05469556
     27.84000000	      0.01470577	      0.02858298	      0.05476108
     27.84400000	      0.01469035	      0.02856799	      0.05493621
     27.84800000	      0.01468674	      0.02856449	      0.05495705
     27.85200000	      0.01468054	      0.02855846	      0.05479601
     27.85600000	      0.01467193	      0.02855008	      0.05481379
     27.86000000	      0.01470376	      0.02858103	      0.05490263
     27.86400000	      0.01480857	      0.02868272	      0.05497977
     27.86800000	      0.01482845	      0.02870196	      0.05483245
     27.87200000	      0.01484201	      0.02871508	      0.05484854
     27.87600000	      0.01486062	      0.02873308	      0.05498571
     27.88000000	      0.01485841	      0.02873094	      0.05498093
     27.88400000	      0.01484657	      0.02871950	      0.05488134
     27.88800000	      0.01482534	      0.02869895	      0.05488788
     27.89200000	      0.01477232	      0.02864759	      0.05491223
     27.89600000	      0.01466395	      0.02854232	      0.05500476
     27.90000000	      0.01463250	      0.02851169	      0.05498392
     27.90400000	      0.01461728	      0.02849686	      0.05486726
     27.90800000	      0.01460996	      0.02848972	      0.05488623
     27.91200000	      0.01459275	      0.02847294	      0.05503223
     27.91600000	      0.01456567	      0.02844651	      0.05503386
     27.92000000	      0.01455377	      0.02843488	      0.05499598
     27.92400000	      0.01459485	      0.02847499	      0.05508174
     27.92800000	      0.01463859	      0.02851763	      0.05490794
     27.93200000	      0.01460613	      0.02848599	      0.05491874
     27.93600000	      0.01468382	      0.02856164	      0.05499142
     27.94000000	      0.01469912	      0.02857653	      0.05499306
     27.94400000	      0.01469555	      0.02857305	      0.05503552
     27.94800000	      0.01469514	      0.02857266	      0.05499919
     27.95200000	      0.01468992	      0.02856758	      0.05502923
     27.95600000	      0.01464104	      0.02852001	      0.05495252
     27.96000000	      0.01453747	      0.02841896	      0.05489080
     27.96400000	      0.01450942	      0.02839153	      0.05494265
     27.96800000	      0.01449950	      0.02838182	      0.05494605
     27.97200000	      0.01449647	      0.02837885	      0.05490058
     27.97600000	      0.01448826	      0.02837082	      0.05513196
     27.98000000	      0.01452939	      0.02841106	      0.05509695
     27.98400000	      0.01463918	      0.02851820	      0.05503106
     27.98800000	      0.01466640	      0.02854470	      0.05503262
     27.99200000	      0.01465869	      0.02853720	      0.05505479
     27.99600000	      0.01464163	      0.02852059	      0.05504532
     28.00000000	      0.01459107	      0.02847130	      0.05496477
     28.00400000	      0.01448597	      0.02836858	      0.05493287
     28.00800000	      0.01445905	      0.02834220	      0.05493223
     28.01200000	      0.01445044	      0.02833377	      0.05493244
     28.01600000	      0.01444556	      0.02832898	      0.05493175
     28.02000000	      0.01444338	      0.02832685	      0.05494005
     28.02400000	      0.01443916	      0.02832270	      0.05492290
     28.02800000	      0.01446901	      0.02835196	      0.05518338
     28.03200000	      0.01456155	      0.02844249	      0.05525195
     28.03600000	      0.01458214	      0.02846258	      0.05523810
     28.04000000	      0.01458498	      0.02846536	      0.05519078
     28.04400000	      0.01458368	      0.02846409	      0.05523822
     28.04800000	      0.01458043	      0.02846092	      0.05517641
     28.05200000	      0.01457994	      0.02846044	      0.05521336
     28.05600000	      0.01453367	      0.02841524	      0.05506445
     28.06000000	      0.01443608	      0.02831968	      0.05502264
     28.06400000	      0.01441303	      0.02829707	      0.05499369
     28.06800000	      0.01444981	      0.02833315	      0.05498989
     28.07200000	      0.01454617	      0.02842747	      0.05510030
     28.07600000	      0.01453247	      0.02841407	      0.05504609
     28.08000000	      0.01445520	      0.02833843	      0.05501404
     28.08400000	      0.01443381	      0.02831745	      0.05495908
     28.08800000	      0.01442619	      0.02830998	      0.05496734
     28.09200000	      0.01442266	      0.02830652	      0.05494579
     28.09600000	      0.01441907	      0.02830300	      0.05493925
     28.10000000	      0.01441799	      0.02830193	      0.05494190
     28.10400000	      0.01441731	      0.02830127	      0.05491385
     28.10800000	      0.01441466	      0.02829867	      0.05491195
     28.11200000	      0.01441224	      0.02829629	      0.05489027
     28.11600000	      0.01439780	      0.02828211	      0.05486612
     28.12000000	      0.01436949	      0.02825430	      0.05484654
     28.12400000	      0.01436331	      0.02824821	      0.05491093
     28.12800000	      0.01435971	      0.02824467	      0.05489684
     28.13200000	      0.01435580	      0.02824083	      0.05491824
     28.13600000	      0.01435724	      0.02824224	      0.05492282
     28.14000000	      0.01436246	      0.02824738	      0.05483036
     28.14400000	      0.01440784	      0.02829197	      0.05489365
     28.14800000	      0.01449979	      0.02838211	      0.05507944
     28.15200000	      0.01452577	      0.02840752	      0.05506752
     28.15600000	      0.01453299	      0.02841458	      0.05512529
     28.16000000	      0.01453480	      0.02841635	      0.05508198
     28.16400000	      0.01453655	      0.02841806	      0.05512133
     28.16800000	      0.01449238	      0.02837485	      0.05507285
     28.17200000	      0.01439186	      0.02827627	      0.05507146
     28.17600000	      0.01441063	      0.02829471	      0.05506647
     28.18000000	      0.01450550	      0.02838770	      0.05508842
     28.18400000	      0.01452977	      0.02841143	      0.05513186
     28.18800000	      0.01453909	      0.02842054	      0.05508216
     28.19200000	      0.01450637	      0.02838854	      0.05509126
     28.19600000	      0.01441460	      0.02829861	      0.05504766
     28.20000000	      0.01439202	      0.02827644	      0.05502362
     28.20400000	      0.01442906	      0.02831280	      0.05500979
     28.20800000	      0.01452793	      0.02840963	      0.05506825
     28.21200000	      0.01450433	      0.02838655	      0.05500144
     28.21600000	      0.01440209	      0.02828633	      0.05502032
     28.22000000	      0.01436357	      0.02824847	      0.05498680
     28.22400000	      0.01435750	      0.02824250	      0.05500079
     28.22800000	      0.01435950	      0.02824447	      0.05504410
     28.23200000	      0.01436598	      0.02825084	      0.05506301
     28.23600000	      0.01441547	      0.02829946	      0.05504505
     28.24000000	      0.01452441	      0.02840619	      0.05511434
     28.24400000	      0.01456493	      0.02844579	      0.05516061
     28.24800000	      0.01459515	      0.02847528	      0.05518724
     28.25200000	      0.01460949	      0.02848927	      0.05522955
     28.25600000	      0.01461774	      0.02849731	      0.05519126
     28.26000000	      0.01456906	      0.02844982	      0.05507437
     28.26400000	      0.01447026	      0.02835319	      0.05508654
     28.26800000	      0.01444989	      0.02833323	      0.05504959
     28.27200000	      0.01444235	      0.02832583	      0.05514186
     28.27600000	      0.01442787	      0.02831163	      0.05512906
     28.28000000	      0.01445689	      0.02834009	      0.05510499
     28.28400000	      0.01456356	      0.02844445	      0.05513962
     28.28800000	      0.01459730	      0.02847738	      0.05525589
     28.29200000	      0.01460906	      0.02848884	      0.05507029
     28.29600000	      0.01457119	      0.02845190	      0.05513358
     28.30000000	      0.01448173	      0.02836443	      0.05515457
     28.30400000	      0.01451848	      0.02840040	      0.05507130
     28.30800000	      0.01462521	      0.02850459	      0.05513610
     28.31200000	      0.01465453	      0.02853315	      0.05503758
     28.31600000	      0.01466197	      0.02854039	      0.05509903
     28.32000000	      0.01465676	      0.02853532	      0.05520684
     28.32400000	      0.01461725	      0.02849683	      0.05531744
     28.32800000	      0.01451687	      0.02839882	      0.05501384
     28.33200000	      0.01450281	      0.02838506	      0.05502377
     28.33600000	      0.01450224	      0.02838450	      0.05504135
     28.34000000	      0.01451372	      0.02839574	      0.05512646
     28.34400000	      0.01456695	      0.02844776	      0.05498635
     28.34800000	      0.01468298	      0.02856083	      0.05510875
     28.35200000	      0.01467410	      0.02855219	      0.05500284
     28.35600000	      0.01459987	      0.02847988	      0.05499065
     28.36000000	      0.01460849	      0.02848829	      0.05518149
     28.36400000	      0.01461081	      0.02849055	      0.05510315
     28.36800000	      0.01466312	      0.02854151	      0.05513511
     28.37200000	      0.01475712	      0.02863285	      0.05506358
     28.37600000	      0.01479667	      0.02867119	      0.05516488
     28.38000000	      0.01482669	      0.02870026	      0.05531635
     28.38400000	      0.01478335	      0.02865828	      0.05512198
     28.38800000	      0.01473884	      0.02861511	      0.05519822
     28.39200000	      0.01482691	      0.02870048	      0.05503614
     28.39600000	      0.01485712	      0.02872969	      0.05516128
     28.40000000	      0.01486978	      0.02874193	      0.05505603
     28.40400000	      0.01483821	      0.02871141	      0.05515886
     28.40800000	      0.01474909	      0.02862506	      0.05504670
     28.41200000	      0.01483700	      0.02871024	      0.05515450
     28.41600000	      0.01506325	      0.02892831	      0.05503821
     28.42000000	      0.01508552	      0.02894969	      0.05512879
     28.42400000	      0.01500915	      0.02887632	      0.05496860
     28.42800000	      0.01499981	      0.02886733	      0.05512721
     28.43200000	      0.01500569	      0.02887299	      0.05499708
     28.43600000	      0.01501748	      0.02888433	      0.05506886
     28.44000000	      0.01502233	      0.02888899	      0.05498234
     28.44400000	      0.01503170	      0.02889800	      0.05508006
     28.44800000	      0.01504258	      0.02890845	      0.05489190
     28.45200000	      0.01505896	      0.02892419	      0.05505355
     28.45600000	      0.01502705	      0.02889353	      0.05516050
     28.46000000	      0.01492324	      0.02879355	      0.05500312
     28.46400000	      0.01494962	      0.02881899	      0.05494191
     28.46800000	      0.01505786	      0.02892314	      0.05501446
     28.47200000	      0.01509672	      0.02896044	      0.05499391
     28.47600000	      0.01511734	      0.02898021	      0.05510979
     28.48000000	      0.01512825	      0.02899066	      0.05490738
     28.48400000	      0.01513885	      0.02900081	      0.05493357
     28.48800000	      0.01515695	      0.02901815	      0.05505258
     28.49200000	      0.01516989	      0.02903053	      0.05490527
     28.49600000	      0.01518709	      0.02904699	      0.05503404
     28.50000000	      0.01520984	      0.02906873	      0.05497957
     28.50400000	      0.01522636	      0.02908451	      0.05504226
     28.50800000	      0.01524172	      0.02909918	      0.05489711
     28.51200000	      0.01525898	      0.02911565	      0.05500203
     28.51600000	      0.01527625	      0.02913212	      0.05486112
     28.52000000	      0.01529849	      0.02915332	      0.05498939
     28.52400000	      0.01531912	      0.02917297	      0.05487954
     28.52800000	      0.01535336	      0.02920555	      0.05498237
     28.53200000	      0.01534902	      0.02920143	      0.05485125
     28.53600000	      0.01525559	      0.02911242	      0.05493796
     28.54000000	      0.01522534	      0.02908354	      0.05489342
     28.54400000	      0.01523484	      0.02909261	      0.05496853
     28.54800000	      0.01524477	      0.02910209	      0.05492327
     28.55200000	      0.01525764	      0.02911437	      0.05495669
     28.55600000	      0.01527062	      0.02912675	      0.05501752
     28.56000000	      0.01528605	      0.02914147	      0.05497862
     28.56400000	      0.01529803	      0.02915288	      0.05516444
     28.56800000	      0.01535900	      0.02921092	      0.05517263
     28.57200000	      0.01542679	      0.02927531	      0.05531559
     28.57600000	      0.01536961	      0.02922100	      0.05523613
     28.58000000	      0.01536721	      0.02921872	      0.05532335
     28.58400000	      0.01542159	      0.02927037	      0.05529980
     28.58800000	      0.01553004	      0.02937312	      0.05550263
     28.59200000	      0.01556961	      0.02941051	      0.05544870
     28.59600000	      0.01558759	      0.02942749	      0.05556258
     28.60000000	      0.01559498	      0.02943447	      0.05555519
     28.60400000	      0.01559073	      0.02943046	      0.05572840
     28.60800000	      0.01559639	      0.02943579	      0.05571502
     28.61200000	      0.01554599	      0.02938819	      0.05575246
     28.61600000	      0.01549556	      0.02934049	      0.05569408
     28.62000000	      0.01557326	      0.02941396	      0.05573956
     28.62400000	      0.01560605	      0.02944491	      0.05565336
     28.62800000	      0.01565243	      0.02948863	      0.05571278
     28.63200000	      0.01566735	      0.02950268	      0.05576483
     28.63600000	      0.01566788	      0.02950318	      0.05573408
     28.64000000	      0.01562936	      0.02946690	      0.05570689
     28.64400000	      0.01552729	      0.02937052	      0.05558641
     28.64800000	      0.01550921	      0.02935341	      0.05550050
     28.65200000	      0.01551745	      0.02936121	      0.05537897
     28.65600000	      0.01552537	      0.02936870	      0.05536332
     28.66000000	      0.01552830	      0.02937147	      0.05521091
     28.66400000	      0.01557887	      0.02941925	      0.05506858
     28.66800000	      0.01569542	      0.02952910	      0.05524645
     28.67200000	      0.01572027	      0.02955246	      0.05510225
     28.67600000	      0.01573914	      0.02957020	      0.05504279
     28.68000000	      0.01571949	      0.02955173	      0.05477714
     28.68400000	      0.01566915	      0.02950438	      0.05467853
     28.68800000	      0.01576306	      0.02959266	      0.05484548
     28.69200000	      0.01579994	      0.02962726	      0.05467889
     28.69600000	      0.01581141	      0.02963801	      0.05479193
     28.70000000	      0.01577707	      0.02960581	      0.05462783
     28.70400000	      0.01568500	      0.02951930	      0.05462125
     28.70800000	      0.01566289	      0.02949849	      0.05458956
     28.71200000	      0.01567291	      0.02950792	      0.05457096
     28.71600000	      0.01568961	      0.02952364	      0.05454804
     28.72000000	      0.01573943	      0.02957047	      0.05455327
     28.72400000	      0.01585590	      0.02967967	      0.05453032
     28.72800000	      0.01590353	      0.02972423	      0.05451110
     28.73200000	      0.01586958	      0.02969248	      0.05467225
     28.73600000	      0.01578299	      0.02961136	      0.05449944
     28.74000000	      0.01577358	      0.02960253	      0.05464478
     28.74400000	      0.01578448	      0.02961276	      0.05446515
     28.74800000	      0.01579710	      0.02962459	      0.05445408
     28.75200000	      0.01581232	      0.02963886	      0.05438636
     28.75600000	      0.01587010	      0.02969297	      0.05445463
     28.76000000	      0.01598320	      0.02979858	      0.05443514
     28.76400000	      0.01602894	      0.02984119	      0.05441986
     28.76800000	      0.01604954	      0.02986036	      0.05456131
     28.77200000	      0.01605817	      0.02986839	      0.05440528
     28.77600000	      0.01606540	      0.02987511	      0.05440530
     28.78000000	      0.01612514	      0.02993060	      0.05452658
     28.78400000	      0.01628239	      0.03007619	      0.05545652
     28.78800000	      0.01635528	      0.03014344	      0.05535506
     28.79200000	      0.01624823	      0.03004462	      0.05484148
     28.79600000	      0.01614435	      0.02994843	      0.05441854
     28.80000000	      0.01611386	      0.02992014	      0.05454418
     28.80400000	      0.01610817	      0.02991485	      0.05441476
     28.80800000	      0.01609952	      0.02990682	      0.05441068
     28.81200000	      0.01609014	      0.02989811	      0.05442422
     28.81600000	      0.01608314	      0.02989160	      0.05442064
     28.82000000	      0.01607191	      0.02988116	      0.05438589
     28.82400000	      0.01606103	      0.02987105	      0.05437151
     28.82800000	      0.01609424	      0.02990192	      0.05450610
     28.83200000	      0.01616506	      0.02996763	      0.05435411
     28.83600000	      0.01618791	      0.02998880	      0.05434990
     28.84000000	      0.01621315	      0.03001218	      0.05441444
     28.84400000	      0.01622800	      0.03002592	      0.05438333
     28.84800000	      0.01624793	      0.03004434	      0.05433679
     28.85200000	      0.01626803	      0.03006292	      0.05434247
     28.85600000	      0.01626712	      0.03006208	      0.05431165
     28.86000000	      0.01627942	      0.03007345	      0.05443520
     28.86400000	      0.01629657	      0.03008929	      0.05429655
     28.86800000	      0.01632257	      0.03011327	      0.05438941
     28.87200000	      0.01634785	      0.03013659	      0.05428305
     28.87600000	      0.01634584	      0.03013473	      0.05422300
     28.88000000	      0.01637048	      0.03015744	      0.05431420
     28.88400000	      0.01640892	      0.03019282	      0.05432906
     28.88800000	      0.01641869	      0.03020181	      0.05423462
     28.89200000	      0.01643036	      0.03021254	      0.05421328
     28.89600000	      0.01645160	      0.03023206	      0.05421086
     28.90000000	      0.01648490	      0.03026264	      0.05419362
     28.90400000	      0.01650725	      0.03028315	      0.05428540
     28.90800000	      0.01652289	      0.03029750	      0.05433745
     28.91200000	      0.01655254	      0.03032467	      0.05415828
     28.91600000	      0.01665804	      0.03042116	      0.05427018
     28.92000000	      0.01682622	      0.03057434	      0.05433521
     28.92400000	      0.01679435	      0.03054537	      0.05410797
     28.92800000	      0.01680509	      0.03055513	      0.05419190
     28.93200000	      0.01679018	      0.03054157	      0.05413438
     28.93600000	      0.01675386	      0.03050852	      0.05403739
     28.94000000	      0.01675028	      0.03050526	      0.05412144
     28.94400000	      0.01674312	      0.03049875	      0.05417882
     28.94800000	      0.01681072	      0.03056025	      0.05421588
     28.95200000	      0.01676403	      0.03051778	      0.05413968
     28.95600000	      0.01677335	      0.03052626	      0.05426401
     28.96000000	      0.01679947	      0.03055002	      0.05443908
     28.96400000	      0.01681345	      0.03056273	      0.05450646
     28.96800000	      0.01686211	      0.03060693	      0.05451728
     28.97200000	      0.01694462	      0.03068172	      0.05425134
     28.97600000	      0.01693241	      0.03067066	      0.05430380
     28.98000000	      0.01687005	      0.03061413	      0.05428747
     28.98400000	      0.01690442	      0.03064530	      0.05415319
     28.98800000	      0.01699276	      0.03072527	      0.05421492
     28.99200000	      0.01715768	      0.03087401	      0.05426849
     28.99600000	      0.01724364	      0.03095125	      0.05414400
     29.00000000	      0.01717687	      0.03089127	      0.05415137
     29.00400000	      0.01717117	      0.03088615	      0.05418163
     29.00800000	      0.01717580	      0.03089031	      0.05415278
     29.01200000	      0.01718251	      0.03089634	      0.05414467
     29.01600000	      0.01719171	      0.03090461	      0.05414280
     29.02000000	      0.01720271	      0.03091450	      0.05412106
     29.02400000	      0.01720756	      0.03091885	      0.05403603
     29.02800000	      0.01722301	      0.03093273	      0.05401573
     29.03200000	      0.01725236	      0.03095907	      0.05393864
     29.03600000	      0.01726813	      0.03097323	      0.05388990
     29.04000000	      0.01733559	      0.03103366	      0.05385134
     29.04400000	      0.01742992	      0.03111798	      0.05385912
     29.04800000	      0.01741094	      0.03110104	      0.05383432
     29.05200000	      0.01743994	      0.03112693	      0.05382867
     29.05600000	      0.01738728	      0.03107989	      0.05379718
     29.06000000	      0.01738665	      0.03107933	      0.05379766
     29.06400000	      0.01741580	      0.03110538	      0.05378674
     29.06800000	      0.01745834	      0.03114334	      0.05377165
     29.07200000	      0.01748893	      0.03117062	      0.05377360
     29.07600000	      0.01746352	      0.03114797	      0.05374806
     29.08000000	      0.01754657	      0.03122194	      0.05360763
     29.08400000	      0.01757863	      0.03125045	      0.05366574
     29.08800000	      0.01759801	      0.03126767	      0.05368837
     29.09200000	      0.01757446	      0.03124674	      0.05371874
     29.09600000	      0.01748375	      0.03116600	      0.05399102
     29.10000000	      0.01743572	      0.03112316	      0.05402935
     29.10400000	      0.01737447	      0.03106845	      0.05413015
     29.10800000	      0.01737693	      0.03107065	      0.05426057
     29.11200000	      0.01761635	      0.03128396	      0.05435591
     29.11600000	      0.01772104	      0.03137678	      0.05441087
     29.12000000	      0.01775910	      0.03141045	      0.05469474
     29.12400000	      0.01777541	      0.03142488	      0.05469239
     29.12800000	      0.01780384	      0.03144999	      0.05515528
     29.13200000	      0.01789691	      0.03153209	      0.05615505
     29.13600000	      0.01800009	      0.03162286	      0.05639046
     29.14000000	      0.01799929	      0.03162215	      0.05654956
     29.14400000	      0.01794268	      0.03157238	      0.05670954
     29.14800000	      0.01792922	      0.03156054	      0.05681234
     29.15200000	      0.01792250	      0.03155463	      0.05704901
     29.15600000	      0.01791627	      0.03154915	      0.05709582
     29.16000000	      0.01790043	      0.03153519	      0.05715985
     29.16400000	      0.01789667	      0.03153188	      0.05722892
     29.16800000	      0.01789890	      0.03153384	      0.05731459
     29.17200000	      0.01790123	      0.03153590	      0.05739864
     29.17600000	      0.01789399	      0.03152952	      0.05748022
     29.18000000	      0.01790162	      0.03153624	      0.05753536
     29.18400000	      0.01796230	      0.03158965	      0.05752144
     29.18800000	      0.01797846	      0.03160385	      0.05755310
     29.19200000	      0.01795333	      0.03158176	      0.05763005
     29.19600000	      0.01791661	      0.03154944	      0.05772304
     29.20000000	      0.01796538	      0.03159235	      0.05772706
     29.20400000	      0.01797765	      0.03160314	      0.05774457
     29.20800000	      0.01795488	      0.03158312	      0.05777373
     29.21200000	      0.01792437	      0.03155627	      0.05793418
     29.21600000	      0.01794448	      0.03157397	      0.05799520
     29.22000000	      0.01792333	      0.03155536	      0.05803113
     29.22400000	      0.01797909	      0.03160440	      0.05800908
     29.22800000	      0.01799949	      0.03162232	      0.05803957
     29.23200000	      0.01797442	      0.03160030	      0.05807924
     29.23600000	      0.01795004	      0.03157886	      0.05818004
     29.24000000	      0.01801133	      0.03163273	      0.05828784
     29.24400000	      0.01799676	      0.03161993	      0.05827718
     29.24800000	      0.01797024	      0.03159662	      0.05832017
     29.25200000	      0.01802031	      0.03164061	      0.05833663
     29.25600000	      0.01803417	      0.03165278	      0.05834936
     29.26000000	      0.01803613	      0.03165450	      0.05825089
     29.26400000	      0.01802153	      0.03164168	      0.05841628
     29.26800000	      0.01801956	      0.03163995	      0.05844650
     29.27200000	      0.01802268	      0.03164269	      0.05848028
     29.27600000	      0.01802270	      0.03164271	      0.05850547
     29.28000000	      0.01802187	      0.03164198	      0.05853020
     29.28400000	      0.01801844	      0.03163897	      0.05853025
     29.28800000	      0.01798257	      0.03160746	      0.05839053
     29.29200000	      0.01791789	      0.03155057	      0.05856113
     29.29600000	      0.01790375	      0.03153811	      0.05852219
     29.30000000	      0.01792259	      0.03155470	      0.05856797
     29.30400000	      0.01795323	      0.03158166	      0.05848084
     29.30800000	      0.01793417	      0.03156490	      0.05851445
     29.31200000	      0.01797947	      0.03160474	      0.05835000
     29.31600000	      0.01799041	      0.03161435	      0.05845575
     29.32000000	      0.01799522	      0.03161858	      0.05842202
     29.32400000	      0.01798373	      0.03160848	      0.05850132
     29.32800000	      0.01798215	      0.03160709	      0.05844400
     29.33200000	      0.01798391	      0.03160864	      0.05836562
     29.33600000	      0.01798597	      0.03161045	      0.05855363
     29.34000000	      0.01798741	      0.03161171	      0.05851602
     29.34400000	      0.01795833	      0.03158615	      0.05857812
     29.34800000	      0.01792511	      0.03155692	      0.05855054
     29.35200000	      0.01796636	      0.03159322	      0.05846555
     29.35600000	      0.01797460	      0.03160046	      0.05855359
     29.36000000	      0.01797626	      0.03160192	      0.05850390
     29.36400000	      0.01797360	      0.03159958	      0.05846043
     29.36800000	      0.01795543	      0.03158360	      0.05840372
     29.37200000	      0.01791484	      0.03154788	      0.05840944
     29.37600000	      0.01791997	      0.03155240	      0.05837065
     29.38000000	      0.01795032	      0.03157911	      0.05850034
     29.38400000	      0.01795876	      0.03158653	      0.05847480
     29.38800000	      0.01796093	      0.03158844	      0.05852419
     29.39200000	      0.01796245	      0.03158977	      0.05847340
     29.39600000	      0.01796408	      0.03159121	      0.05845395
     29.40000000	      0.01796406	      0.03159119	      0.05848476
     29.40400000	      0.01796577	      0.03159269	      0.05844354
     29.40800000	      0.01796419	      0.03159130	      0.05848566
     29.41200000	      0.01796136	      0.03158882	      0.05838765
     29.41600000	      0.01795791	      0.03158578	      0.05848581
     29.42000000	      0.01795549	      0.03158365	      0.05840881
     29.42400000	      0.01795771	      0.03158561	      0.05847054
     29.42800000	      0.01794153	      0.03157138	      0.05835288
     29.43200000	      0.01790407	      0.03153840	      0.05822959
     29.43600000	      0.01789487	      0.03153029	      0.05826061
     29.44000000	      0.01788844	      0.03152463	      0.05809555
     29.44400000	      0.01788870	      0.03152486	      0.05808885
     29.44800000	      0.01788688	      0.03152326	      0.05807256
     29.45200000	      0.01788587	      0.03152237	      0.05810501
     29.45600000	      0.01788687	      0.03152324	      0.05809021
     29.46000000	      0.01788843	      0.03152462	      0.05813653
     29.46400000	      0.01788727	      0.03152360	      0.05809757
     29.46800000	      0.01788603	      0.03152251	      0.05814074
     29.47200000	      0.01785978	      0.03149936	      0.05807402
     29.47600000	      0.01782984	      0.03147295	      0.05820270
     29.48000000	      0.01786787	      0.03150650	      0.05807892
     29.48400000	      0.01787611	      0.03151377	      0.05812342
     29.48800000	      0.01789687	      0.03153206	      0.05810861
     29.49200000	      0.01789979	      0.03153463	      0.05829098
     29.49600000	      0.01780958	      0.03145506	      0.05812399
     29.50000000	      0.01778979	      0.03143758	      0.05820285
     29.50400000	      0.01782589	      0.03146947	      0.05805789
     29.50800000	      0.01794550	      0.03157486	      0.05810606
     29.51200000	      0.01800773	      0.03162957	      0.05814705
     29.51600000	      0.01799052	      0.03161445	      0.05792639
     29.52000000	      0.01798611	      0.03161057	      0.05792296
     29.52400000	      0.01795639	      0.03158444	      0.05791230
     29.52800000	      0.01791817	      0.03155082	      0.05800247
     29.53200000	      0.01794095	      0.03157086	      0.05817447
     29.53600000	      0.01795379	      0.03158216	      0.05820513
     29.54000000	      0.01795232	      0.03158087	      0.05822861
     29.54400000	      0.01796422	      0.03159133	      0.05816027
     29.54800000	      0.01797970	      0.03160494	      0.05813345
     29.55200000	      0.01798054	      0.03160568	      0.05821217
     29.55600000	      0.01797511	      0.03160091	      0.05823610
     29.56000000	      0.01796991	      0.03159633	      0.05821420
     29.56400000	      0.01796581	      0.03159273	      0.05820722
     29.56800000	      0.01796088	      0.03158839	      0.05824256
     29.57200000	      0.01795935	      0.03158705	      0.05821482
     29.57600000	      0.01797372	      0.03159968	      0.05803189
     29.58000000	      0.01795255	      0.03158107	      0.05807296
     29.58400000	      0.01789026	      0.03152623	      0.05805197
     29.58800000	      0.01787598	      0.03151364	      0.05805550
     29.59200000	      0.01786988	      0.03150827	      0.05805799
     29.59600000	      0.01786660	      0.03150538	      0.05802958
     29.60000000	      0.01786468	      0.03150368	      0.05801962
     29.60400000	      0.01786567	      0.03150456	      0.05802084
     29.60800000	      0.01786739	      0.03150608	      0.05799135
     29.61200000	      0.01787221	      0.03151032	      0.05798583
     29.61600000	      0.01790917	      0.03154289	      0.05797362
     29.62000000	      0.01796359	      0.03159078	      0.05791005
     29.62400000	      0.01793661	      0.03156704	      0.05792412
     29.62800000	      0.01792572	      0.03155746	      0.05791306
     29.63200000	      0.01793499	      0.03156562	      0.05785847
     29.63600000	      0.01796141	      0.03158886	      0.05780514
     29.64000000	      0.01796190	      0.03158929	      0.05771209
     29.64400000	      0.01795968	      0.03158734	      0.05762872
     29.64800000	      0.01796889	      0.03159543	      0.05759027
     29.65200000	      0.01797027	      0.03159665	      0.05758659
     29.65600000	      0.01797264	      0.03159873	      0.05754074
     29.66000000	      0.01797029	      0.03159667	      0.05751073
     29.66400000	      0.01796862	      0.03159520	      0.05764568
     29.66800000	      0.01796424	      0.03159135	      0.05744700
     29.67200000	      0.01796043	      0.03158800	      0.05738033
     29.67600000	      0.01796306	      0.03159031	      0.05735457
     29.68000000	      0.01798393	      0.03160866	      0.05733802
     29.68400000	      0.01800454	      0.03162676	      0.05730539
     29.68800000	      0.01801008	      0.03163163	      0.05724230
     29.69200000	      0.01801132	      0.03163272	      0.05716144
     29.69600000	      0.01800144	      0.03162404	      0.05719589
     29.70000000	      0.01800059	      0.03162329	      0.05713300
     29.70400000	      0.01799883	      0.03162175	      0.05707112
     29.70800000	      0.01798130	      0.03160635	      0.05701569
     29.71200000	      0.01795187	      0.03158047	      0.05697232
     29.71600000	      0.01794007	      0.03157009	      0.05690615
     29.72000000	      0.01793240	      0.03156334	      0.05684381
     29.72400000	      0.01792735	      0.03155890	      0.05677684
     29.72800000	      0.01792269	      0.03155480	      0.05669372
     29.73200000	      0.01791809	      0.03155075	      0.05662064
     29.73600000	      0.01791747	      0.03155020	      0.05655378
     29.74000000	      0.01791729	      0.03155004	      0.05650015
     29.74400000	      0.01795138	      0.03158004	      0.05640778
     29.74800000	      0.01799290	      0.03161654	      0.05628857
     29.75200000	      0.01792909	      0.03156042	      0.05618616
     29.75600000	      0.01790853	      0.03154232	      0.05610346
     29.76000000	      0.01789747	      0.03153259	      0.05601373
     29.76400000	      0.01788126	      0.03151830	      0.05575287
     29.76800000	      0.01788066	      0.03151778	      0.05569798
     29.77200000	      0.01788691	      0.03152328	      0.05563281
     29.77600000	      0.01781053	      0.03145591	      0.05542234
     29.78000000	      0.01764155	      0.03130632	      0.05534273
     29.78400000	      0.01758785	      0.03125864	      0.05527753
     29.78800000	      0.01752988	      0.03120708	      0.05484232
     29.79200000	      0.01741049	      0.03110063	      0.05392694
     29.79600000	      0.01745183	      0.03113754	      0.05357977
     29.80000000	      0.01763079	      0.03129678	      0.05357177
     29.80400000	      0.01770618	      0.03136362	      0.05357381
     29.80800000	      0.01771057	      0.03136751	      0.05356449
     29.81200000	      0.01769400	      0.03135283	      0.05356703
     29.81600000	      0.01766451	      0.03132669	      0.05358220
     29.82000000	      0.01764924	      0.03131315	      0.05356271
     29.82400000	      0.01763847	      0.03130359	      0.05356784
     29.82800000	      0.01762952	      0.03129565	      0.05357331
     29.83200000	      0.01761877	      0.03128611	      0.05358553
     29.83600000	      0.01760718	      0.03127581	      0.05358657
     29.84000000	      0.01759829	      0.03126792	      0.05358182
     29.84400000	      0.01758307	      0.03125439	      0.05372765
     29.84800000	      0.01758071	      0.03125230	      0.05366017
     29.85200000	      0.01757437	      0.03124666	      0.05358123
     29.85600000	      0.01756498	      0.03123831	      0.05357241
     29.86000000	      0.01755244	      0.03122716	      0.05356908
     29.86400000	      0.01753664	      0.03121310	      0.05355951
     29.86800000	      0.01752078	      0.03119898	      0.05351226
     29.87200000	      0.01751049	      0.03118983	      0.05366220
     29.87600000	      0.01749758	      0.03117832	      0.05359367
     29.88000000	      0.01748263	      0.03116500	      0.05353417
     29.88400000	      0.01744804	      0.03113415	      0.05349981
     29.88800000	      0.01738847	      0.03108096	      0.05361822
     29.89200000	      0.01736276	      0.03105798	      0.05354928
     29.89600000	      0.01738768	      0.03108025	      0.05351132
     29.90000000	      0.01747727	      0.03116022	      0.05349615
     29.90400000	      0.01749003	      0.03117159	      0.05364279
     29.90800000	      0.01747870	      0.03116150	      0.05354739
     29.91200000	      0.01745344	      0.03113897	      0.05353926
     29.91600000	      0.01739805	      0.03108952	      0.05349923
     29.92000000	      0.01728841	      0.03099141	      0.05362822
     29.92400000	      0.01724552	      0.03095294	      0.05356037
     29.92800000	      0.01721799	      0.03092823	      0.05364397
     29.93200000	      0.01720035	      0.03091238	      0.05355685
     29.93600000	      0.01716517	      0.03088075	      0.05355369
     29.94000000	      0.01711694	      0.03083733	      0.05361807
     29.94400000	      0.01712235	      0.03084220	      0.05347139
     29.94800000	      0.01712675	      0.03084617	      0.05344452
     29.95200000	      0.01710383	      0.03082552	      0.05362344
     29.95600000	      0.01706618	      0.03079157	      0.05349555
     29.96000000	      0.01705445	      0.03078099	      0.05344112
     29.96400000	      0.01705583	      0.03078224	      0.05371774
     29.96800000	      0.01705867	      0.03078480	      0.05364016
     29.97200000	      0.01709341	      0.03081613	      0.05362559
     29.97600000	      0.01713245	      0.03085130	      0.05374668
     29.98000000	      0.01704825	      0.03077540	      0.05366507
     29.98400000	      0.01701020	      0.03074104	      0.05377937
     29.98800000	      0.01699912	      0.03073102	      0.05369495
     29.99200000	      0.01703355	      0.03076213	      0.05365801
     29.99600000	      0.01703106	      0.03075988	      0.05384169
     30.00000000	      0.01700900	      0.03073995	      0.05372288
     30.00400000	      0.01700143	      0.03073311	      0.05369045
     30.00800000	      0.01703031	      0.03075920	      0.05387489
     30.01200000	      0.01702890	      0.03075793	      0.05384086
     30.01600000	      0.01698738	      0.03072041	      0.05386837
     30.02000000	      0.01688121	      0.03062425	      0.05377948
     30.02400000	      0.01684432	      0.03059078	      0.05375678
     30.02800000	      0.01682577	      0.03057393	      0.05373071
     30.03200000	      0.01680183	      0.03055216	      0.05390597
     30.03600000	      0.01678973	      0.03054116	      0.05379447
     30.04000000	      0.01677105	      0.03052417	      0.05390954
     30.04400000	      0.01676279	      0.03051665	      0.05381100
     30.04800000	      0.01672638	      0.03048349	      0.05372658
     30.05200000	      0.01669902	      0.03045855	      0.05362817
     30.05600000	      0.01667303	      0.03043484	      0.05359992
     30.06000000	      0.01665270	      0.03041628	      0.05384477
     30.06400000	      0.01662869	      0.03039434	      0.05375151
     30.06800000	      0.01662872	      0.03039437	      0.05369628
     30.07200000	      0.01662884	      0.03039448	      0.05379751
     30.07600000	      0.01662379	      0.03038986	      0.05371789
     30.08000000	      0.01663305	      0.03039833	      0.05388256
     30.08400000	      0.01664680	      0.03041089	      0.05397604
     30.08800000	      0.01660903	      0.03037637	      0.05379956
     30.09200000	      0.01663622	      0.03040123	      0.05398560
     30.09600000	      0.01656688	      0.03033780	      0.05389125
     30.10000000	      0.01660750	      0.03037497	      0.05428964
     30.10400000	      0.01652616	      0.03030050	      0.05381912
     30.10800000	      0.01649322	      0.03027029	      0.05401848
     30.11200000	      0.01647539	      0.03025392	      0.05390057
     30.11600000	      0.01646045	      0.03024020	      0.05401854
     30.12000000	      0.01644779	      0.03022856	      0.05393000
     30.12400000	      0.01635944	      0.03014727	      0.05422068
     30.12800000	      0.01635353	      0.03014183	      0.05421005
     30.13200000	      0.01635079	      0.03013930	      0.05435229
     30.13600000	      0.01633011	      0.03012023	      0.05434869
     30.14000000	      0.01631650	      0.03010768	      0.05448350
     30.14400000	      0.01630399	      0.03009613	      0.05446176
     30.14800000	      0.01628875	      0.03008207	      0.05449461
     30.15200000	      0.01626494	      0.03006007	      0.05458894
     30.15600000	      0.01624482	      0.03004147	      0.05450917
     30.16000000	      0.01625975	      0.03005527	      0.05489351
     30.16400000	      0.01636988	      0.03015689	      0.05573881
     30.16800000	      0.01645898	      0.03023884	      0.05618787
     30.17200000	      0.01649394	      0.03027094	      0.05635090
     30.17600000	      0.01650476	      0.03028087	      0.05654528
     30.18000000	      0.01650891	      0.03028467	      0.05673765
     30.18400000	      0.01642747	      0.03020989	      0.05628702
     30.18800000	      0.01624948	      0.03004578	      0.05520442
     30.19200000	      0.01616211	      0.02996489	      0.05486742
     30.19600000	      0.01608934	      0.02989736	      0.05487476
     30.20000000	      0.01605431	      0.02986480	      0.05494569
     30.20400000	      0.01603203	      0.02984407	      0.05487562
     30.20800000	      0.01601576	      0.02982892	      0.05493820
     30.21200000	      0.01599193	      0.02980672	      0.05499275
     30.21600000	      0.01602447	      0.02983703	      0.05451470
     30.22000000	      0.01600787	      0.02982157	      0.05443080
     30.22400000	      0.01600426	      0.02981821	      0.05440450
     30.22800000	      0.01598956	      0.02980451	      0.05436942
     30.23200000	      0.01597193	      0.02978807	      0.05442516
     30.23600000	      0.01594869	      0.02976640	      0.05433749
     30.24000000	      0.01591937	      0.02973902	      0.05433980
     30.24400000	      0.01590839	      0.02972876	      0.05439938
     30.24800000	      0.01589384	      0.02971516	      0.05444742
     30.25200000	      0.01588203	      0.02970412	      0.05453254
     30.25600000	      0.01589804	      0.02971910	      0.05459592
     30.26000000	      0.01592726	      0.02974639	      0.05462133
     30.26400000	      0.01588910	      0.02971074	      0.05465276
     30.26800000	      0.01591901	      0.02973869	      0.05466857
     30.27200000	      0.01583432	      0.02965947	      0.05467931
     30.27600000	      0.01580491	      0.02963192	      0.05471978
     30.28000000	      0.01578301	      0.02961138	      0.05506707
     30.28400000	      0.01576711	      0.02959646	      0.05506176
     30.28800000	      0.01574685	      0.02957744	      0.05502714
     30.29200000	      0.01572137	      0.02955350	      0.05500673
     30.29600000	      0.01568958	      0.02952361	      0.05503562
     30.30000000	      0.01566307	      0.02949865	      0.05501254
     30.30400000	      0.01564515	      0.02948177	      0.05509125
     30.30800000	      0.01562410	      0.02946193	      0.05512098
     30.31200000	      0.01560680	      0.02944562	      0.05515499
     30.31600000	      0.01558821	      0.02942808	      0.05503926
     30.32000000	      0.01557319	      0.02941390	      0.05503958
     30.32400000	      0.01555345	      0.02939524	      0.05507996
     30.32800000	      0.01558830	      0.02942816	      0.05510147
     30.33200000	      0.01568840	      0.02952249	      0.05521303
     30.33600000	      0.01570085	      0.02953420	      0.05515489
     30.34000000	      0.01570020	      0.02953359	      0.05512171
     30.34400000	      0.01569662	      0.02953023	      0.05520066
     30.34800000	      0.01567428	      0.02950920	      0.05526927
     30.35200000	      0.01564500	      0.02948163	      0.05530248
     30.35600000	      0.01560900	      0.02944769	      0.05537034
     30.36000000	      0.01554111	      0.02938359	      0.05540333
     30.36400000	      0.01541962	      0.02926851	      0.05533367
     30.36800000	      0.01539825	      0.02924821	      0.05531820
     30.37200000	      0.01539701	      0.02924704	      0.05534109
     30.37600000	      0.01538162	      0.02923242	      0.05523521
     30.38000000	      0.01536943	      0.02922084	      0.05526517
     30.38400000	      0.01534384	      0.02919650	      0.05519417
     30.38800000	      0.01531089	      0.02916513	      0.05526404
     30.39200000	      0.01527758	      0.02913339	      0.05526520
     30.39600000	      0.01526094	      0.02911752	      0.05529808
     30.40000000	      0.01525806	      0.02911478	      0.05537495
     30.40400000	      0.01526151	      0.02911807	      0.05522354
     30.40800000	      0.01524813	      0.02910529	      0.05523951
     30.41200000	      0.01524037	      0.02909789	      0.05523197
     30.41600000	      0.01524131	      0.02909879	      0.05500368
     30.42000000	      0.01524454	      0.02910187	      0.05501188
     30.42400000	      0.01522441	      0.02908265	      0.05511051
     30.42800000	      0.01520768	      0.02906667	      0.05503997
     30.43200000	      0.01526860	      0.02912483	      0.05505881
     30.43600000	      0.01538893	      0.02923936	      0.05508080
     30.44000000	      0.01545392	      0.02930104	      0.05517552
     30.44400000	      0.01539923	      0.02924915	      0.05506769
     30.44800000	      0.01545092	      0.02929820	      0.05522363
     30.45200000	      0.01535773	      0.02920971	      0.05535291
     30.45600000	      0.01513181	      0.02899407	      0.05504543
     30.46000000	      0.01507151	      0.02893624	      0.05510981
     30.46400000	      0.01502714	      0.02889361	      0.05496408
     30.46800000	      0.01500306	      0.02887046	      0.05510033
     30.47200000	      0.01498687	      0.02885488	      0.05516874
     30.47600000	      0.01497354	      0.02884204	      0.05523316
     30.48000000	      0.01494824	      0.02881767	      0.05494004
     30.48400000	      0.01492111	      0.02879150	      0.05500519
     30.48800000	      0.01490350	      0.02877451	      0.05505682
     30.49200000	      0.01488007	      0.02875188	      0.05479287
     30.49600000	      0.01487828	      0.02875015	      0.05468294
     30.50000000	      0.01489276	      0.02876413	      0.05483042
     30.50400000	      0.01488239	      0.02875412	      0.05469959
     30.50800000	      0.01485791	      0.02873047	      0.05468603
     30.51200000	      0.01484775	      0.02872064	      0.05473454
     30.51600000	      0.01483279	      0.02870616	      0.05486173
     30.52000000	      0.01480865	      0.02868280	      0.05474260
     30.52400000	      0.01478651	      0.02866135	      0.05477349
     30.52800000	      0.01477403	      0.02864925	      0.05471880
     30.53200000	      0.01476026	      0.02863590	      0.05472328
     30.53600000	      0.01474386	      0.02861998	      0.05488357
     30.54000000	      0.01473663	      0.02861296	      0.05475729
     30.54400000	      0.01473261	      0.02860906	      0.05487870
     30.54800000	      0.01470746	      0.02858463	      0.05481052
     30.55200000	      0.01468767	      0.02856540	      0.05481446
     30.55600000	      0.01467191	      0.02855006	      0.05491773
     30.56000000	      0.01465701	      0.02853557	      0.05477187
     30.56400000	      0.01463984	      0.02851885	      0.05484114
     30.56800000	      0.01462353	      0.02850295	      0.05482732
     30.57200000	      0.01460497	      0.02848486	      0.05490859
     30.57600000	      0.01458992	      0.02847018	      0.05476413
     30.58000000	      0.01457687	      0.02845745	      0.05483699
     30.58400000	      0.01457281	      0.02845348	      0.05477504
     30.58800000	      0.01458278	      0.02846321	      0.05474202
     30.59200000	      0.01457872	      0.02845925	      0.05461588
     30.59600000	      0.01456834	      0.02844912	      0.05485666
     30.60000000	      0.01456147	      0.02844241	      0.05475826
     30.60400000	      0.01455080	      0.02843199	      0.05489796
     30.60800000	      0.01454159	      0.02842298	      0.05477032
     30.61200000	      0.01456626	      0.02844709	      0.05483692
     30.61600000	      0.01463688	      0.02851596	      0.05490675
     30.62000000	      0.01461411	      0.02849378	      0.05480924
     30.62400000	      0.01456755	      0.02844835	      0.05493330
     30.62800000	      0.01462078	      0.02850027	      0.05503895
     30.63200000	      0.01462734	      0.02850666	      0.05499051
     30.63600000	      0.01462481	      0.02850420	      0.05489539
     30.64000000	      0.01458571	      0.02846607	      0.05489015
     30.64400000	      0.01450043	      0.02838274	      0.05496863
     30.64800000	      0.01446508	      0.02834812	      0.05482256
     30.65200000	      0.01444146	      0.02832495	      0.05494412
     30.65600000	      0.01442851	      0.02831226	      0.05486108
     30.66000000	      0.01442453	      0.02830835	      0.05489961
     30.66400000	      0.01442047	      0.02830437	      0.05498382
     30.66800000	      0.01439926	      0.02828354	      0.05501634
     30.67200000	      0.01438808	      0.02827256	      0.05486835
     30.67600000	      0.01438296	      0.02826753	      0.05489633
     30.68000000	      0.01437386	      0.02825859	      0.05510705
     30.68400000	      0.01436462	      0.02824950	      0.05508651
     30.68800000	      0.01435949	      0.02824445	      0.05505162
     30.69200000	      0.01435547	      0.02824050	      0.05493889
     30.69600000	      0.01435032	      0.02823543	      0.05493142
     30.70000000	      0.01434206	      0.02822731	      0.05517148
     30.70400000	      0.01433812	      0.02822343	      0.05520034
     30.70800000	      0.01432976	      0.02821521	      0.05504242
     30.71200000	      0.01432116	      0.02820674	      0.05502603
     30.71600000	      0.01439311	      0.02827751	      0.05522549
     30.72000000	      0.01452298	      0.02840479	      0.05535143
     30.72400000	      0.01446205	      0.02834515	      0.05521329
     30.72800000	      0.01441021	      0.02829430	      0.05515189
     30.73200000	      0.01432574	      0.02821125	      0.05504281
     30.73600000	      0.01430569	      0.02819150	      0.05503934
     30.74000000	      0.01433600	      0.02822135	      0.05503849
     30.74400000	      0.01445648	      0.02833968	      0.05533187
     30.74800000	      0.01452770	      0.02840941	      0.05536844
     30.75200000	      0.01450568	      0.02838787	      0.05535459
     30.75600000	      0.01458314	      0.02846357	      0.05525874
     30.76000000	      0.01455316	      0.02843429	      0.05521232
     30.76400000	      0.01441876	      0.02830269	      0.05514972
     30.76800000	      0.01432252	      0.02820808	      0.05505485
     30.77200000	      0.01433685	      0.02822218	      0.05509833
     30.77600000	      0.01437797	      0.02826263	      0.05513742
     30.78000000	      0.01433139	      0.02821681	      0.05515419
     30.78400000	      0.01434887	      0.02823401	      0.05518617
     30.78800000	      0.01437239	      0.02825714	      0.05514554
     30.79200000	      0.01440971	      0.02829381	      0.05514413
     30.79600000	      0.01441736	      0.02830132	      0.05512912
     30.80000000	      0.01442292	      0.02830677	      0.05514776
     30.80400000	      0.01442731	      0.02831108	      0.05515851
     30.80800000	      0.01442760	      0.02831137	      0.05516186
     30.81200000	      0.01447332	      0.02835619	      0.05518395
     30.81600000	      0.01457333	      0.02845399	      0.05511517
     30.82000000	      0.01455563	      0.02843670	      0.05510479
     30.82400000	      0.01446156	      0.02834467	      0.05503448
     30.82800000	      0.01442023	      0.02830413	      0.05500969
     30.83200000	      0.01439282	      0.02827722	      0.05524335
     30.83600000	      0.01437465	      0.02825937	      0.05522553
     30.84000000	      0.01437755	      0.02826221	      0.05519840
     30.84400000	      0.01436396	      0.02824886	      0.05505972
     30.84800000	      0.01434340	      0.02822863	      0.05504296
     30.85200000	      0.01432758	      0.02821306	      0.05506608
     30.85600000	      0.01432653	      0.02821203	      0.05505356
     30.86000000	      0.01432847	      0.02821393	      0.05503524
     30.86400000	      0.01431279	      0.02819849	      0.05502388
     30.86800000	      0.01431056	      0.02819630	      0.05501306
     30.87200000	      0.01430379	      0.02818962	      0.05505742
     30.87600000	      0.01427462	      0.02816087	      0.05520347
     30.88000000	      0.01426239	      0.02814881	      0.05525196
     30.88400000	      0.01425835	      0.02814482	      0.05524046
     30.88800000	      0.01430013	      0.02818602	      0.05521047
     30.89200000	      0.01435501	      0.02824005	      0.05519573
     30.89600000	      0.01427539	      0.02816163	      0.05516326
     30.90000000	      0.01430936	      0.02819511	      0.05518727
     30.90400000	      0.01438117	      0.02826577	      0.05521183
     30.90800000	      0.01429947	      0.02818537	      0.05518792
     30.91200000	      0.01431450	      0.02820018	      0.05516401
     30.91600000	      0.01436835	      0.02825317	      0.05519381
     30.92000000	      0.01428591	      0.02817201	      0.05518917
     30.92400000	      0.01426578	      0.02815215	      0.05512647
     30.92800000	      0.01425831	      0.02814477	      0.05519935
     30.93200000	      0.01425489	      0.02814140	      0.05515767
     30.93600000	      0.01425300	      0.02813954	      0.05516347
     30.94000000	      0.01425237	      0.02813892	      0.05514926
     30.94400000	      0.01425209	      0.02813863	      0.05512569
     30.94800000	      0.01425086	      0.02813743	      0.05517273
     30.95200000	      0.01424984	      0.02813641	      0.05512292
     30.95600000	      0.01425084	      0.02813740	      0.05515777
     30.96000000	      0.01425144	      0.02813800	      0.05511304
     30.96400000	      0.01425124	      0.02813780	      0.05513456
     30.96800000	      0.01425088	      0.02813744	      0.05511061
     30.97200000	      0.01424971	      0.02813628	      0.05512694
     30.97600000	      0.01424862	      0.02813521	      0.05510939
     30.98000000	      0.01424768	      0.02813429	      0.05509413
     30.98400000	      0.01424463	      0.02813127	      0.05511425
     30.98800000	      0.01424128	      0.02812796	      0.05518560
     30.99200000	      0.01425466	      0.02814117	      0.05518949
     30.99600000	      0.01426739	      0.02815373	      0.05519214
     31.00000000	      0.01425047	      0.02813704	      0.05538799
     31.00400000	      0.01424271	      0.02812938	      0.05537705
     31.00800000	      0.01424703	      0.02813364	      0.05535755
     31.01200000	      0.01424490	      0.02813154	      0.05535535
     31.01600000	      0.01423710	      0.02812383	      0.05536155
     31.02000000	      0.01423619	      0.02812293	      0.05536967
     31.02400000	      0.01423895	      0.02812566	      0.05534333
     31.02800000	      0.01424544	      0.02813207	      0.05540019
     31.03200000	      0.01425062	      0.02813719	      0.05538573
     31.03600000	      0.01425386	      0.02814039	      0.05542088
     31.04000000	      0.01425778	      0.02814425	      0.05542712
     31.04400000	      0.01425816	      0.02814462	      0.05530601
     31.04800000	      0.01430627	      0.02819207	      0.05530902
     31.05200000	      0.01441701	      0.02830097	      0.05540793
     31.05600000	      0.01444598	      0.02832939	      0.05550623
     31.06000000	      0.01441276	      0.02829680	      0.05549903
     31.06400000	      0.01437414	      0.02825887	      0.05529224
     31.06800000	      0.01447541	      0.02835824	      0.05532321
     31.07200000	      0.01449585	      0.02837825	      0.05535615
     31.07600000	      0.01451900	      0.02840090	      0.05525341
     31.08000000	      0.01456047	      0.02844144	      0.05530814
     31.08400000	      0.01454228	      0.02842366	      0.05538827
     31.08800000	      0.01460790	      0.02848772	      0.05547608
     31.09200000	      0.01459384	      0.02847400	      0.05534322
     31.09600000	      0.01452911	      0.02841078	      0.05528984
     31.10000000	      0.01451919	      0.02840109	      0.05527582
     31.10400000	      0.01446950	      0.02835244	      0.05520586
     31.10800000	      0.01436914	      0.02825394	      0.05521334
     31.11200000	      0.01434870	      0.02823384	      0.05532365
     31.11600000	      0.01434966	      0.02823479	      0.05535615
     31.12000000	      0.01435494	      0.02823998	      0.05520237
     31.12400000	      0.01441373	      0.02829776	      0.05522093
     31.12800000	      0.01448005	      0.02836277	      0.05513093
     31.13200000	      0.01446026	      0.02834339	      0.05515912
     31.13600000	      0.01454972	      0.02843093	      0.05520237
     31.14000000	      0.01458572	      0.02846608	      0.05524623
     31.14400000	      0.01461344	      0.02849312	      0.05511295
     31.14800000	      0.01458328	      0.02846370	      0.05519593
     31.15200000	      0.01448379	      0.02836644	      0.05512526
     31.15600000	      0.01445641	      0.02833962	      0.05528787
     31.16000000	      0.01450497	      0.02838717	      0.05520249
     31.16400000	      0.01462297	      0.02850240	      0.05525503
     31.16800000	      0.01466971	      0.02854792	      0.05527247
     31.17200000	      0.01468099	      0.02855889	      0.05516384
     31.17600000	      0.01469759	      0.02857504	      0.05529435
     31.18000000	      0.01470937	      0.02858649	      0.05532414
     31.18400000	      0.01467012	      0.02854833	      0.05517523
     31.18800000	      0.01457662	      0.02845720	      0.05527571
     31.19200000	      0.01456264	      0.02844355	      0.05530452
     31.19600000	      0.01457094	      0.02845166	      0.05541195
     31.20000000	      0.01457588	      0.02845648	      0.05516062
     31.20400000	      0.01462179	      0.02850126	      0.05516644
     31.20800000	      0.01470365	      0.02858092	      0.05522507
     31.21200000	      0.01473495	      0.02861134	      0.05531168
     31.21600000	      0.01474564	      0.02862171	      0.05514383
     31.22000000	      0.01475601	      0.02863177	      0.05525587
     31.22400000	      0.01481576	      0.02868968	      0.05512588
     31.22800000	      0.01494774	      0.02881718	      0.05524213
     31.23200000	      0.01498525	      0.02885332	      0.05515359
     31.23600000	      0.01494511	      0.02881464	      0.05507824
     31.24000000	      0.01484326	      0.02871629	      0.05522390
     31.24400000	      0.01482592	      0.02869952	      0.05504527
     31.24800000	      0.01483536	      0.02870865	      0.05520707
     31.25200000	      0.01489864	      0.02876982	      0.05516218
     31.25600000	      0.01498869	      0.02885663	      0.05519644
     31.26000000	      0.01499358	      0.02886134	      0.05500235
     31.26400000	      0.01507465	      0.02893926	      0.05511877
     31.26800000	      0.01511001	      0.02897318	      0.05524017
     31.27200000	      0.01512136	      0.02898406	      0.05508697
     31.27600000	      0.01512057	      0.02898330	      0.05509042
     31.28000000	      0.01508308	      0.02894735	      0.05525523
     31.28400000	      0.01499235	      0.02886015	      0.05505404
     31.28800000	      0.01498228	      0.02885046	      0.05524089
     31.29200000	      0.01503387	      0.02890009	      0.05515355
     31.29600000	      0.01515469	      0.02901598	      0.05537226
     31.30000000	      0.01521010	      0.02906898	      0.05530668
     31.30400000	      0.01523307	      0.02909092	      0.05562089
     31.30800000	      0.01525137	      0.02910839	      0.05555243
     31.31200000	      0.01521915	      0.02907763	      0.05564612
     31.31600000	      0.01512794	      0.02899037	      0.05553892
     31.32000000	      0.01510588	      0.02896922	      0.05545390
     31.32400000	      0.01510323	      0.02896667	      0.05562698
     31.32800000	      0.01511006	      0.02897323	      0.05562696
     31.33200000	      0.01512298	      0.02898561	      0.05591205
     31.33600000	      0.01514482	      0.02900653	      0.05588618
     31.34000000	      0.01516882	      0.02902950	      0.05607400
     31.34400000	      0.01519013	      0.02904989	      0.05616883
     31.34800000	      0.01516761	      0.02902835	      0.05580455
     31.35200000	      0.01515892	      0.02902003	      0.05543550
     31.35600000	      0.01527095	      0.02912707	      0.05610919
     31.36000000	      0.01528197	      0.02913758	      0.05574023
     31.36400000	      0.01526372	      0.02912017	      0.05521771
     31.36800000	      0.01532188	      0.02917560	      0.05503467
     31.37200000	      0.01530242	      0.02915707	      0.05513171
     31.37600000	      0.01540407	      0.02925375	      0.05511763
     31.38000000	      0.01543400	      0.02928215	      0.05539288
     31.38400000	      0.01545514	      0.02930220	      0.05536149
     31.38800000	      0.01547422	      0.02932028	      0.05549663
     31.39200000	      0.01549179	      0.02933692	      0.05554488
     31.39600000	      0.01551033	      0.02935447	      0.05552571
     31.40000000	      0.01555878	      0.02940029	      0.05566642
     31.40400000	      0.01564533	      0.02948194	      0.05567732
     31.40800000	      0.01563050	      0.02946797	      0.05574870
     31.41200000	      0.01557275	      0.02941348	      0.05566817
     31.41600000	      0.01556875	      0.02940970	      0.05574241
     31.42000000	      0.01558378	      0.02942390	      0.05583213
     31.42400000	      0.01555416	      0.02939592	      0.05570258
     31.42800000	      0.01551706	      0.02936084	      0.05578105
     31.43200000	      0.01561152	      0.02945007	      0.05579046
     31.43600000	      0.01563928	      0.02947624	      0.05582748
     31.44000000	      0.01564647	      0.02948302	      0.05582702
     31.44400000	      0.01561329	      0.02945174	      0.05578277
     31.44800000	      0.01552386	      0.02936727	      0.05538716
     31.45200000	      0.01551021	      0.02935435	      0.05539900
     31.45600000	      0.01555824	      0.02939977	      0.05542790
     31.46000000	      0.01567077	      0.02950590	      0.05547445
     31.46400000	      0.01568434	      0.02951867	      0.05546774
     31.46800000	      0.01562637	      0.02946407	      0.05522832
     31.47200000	      0.01558071	      0.02942099	      0.05493826
     31.47600000	      0.01558984	      0.02942962	      0.05494756
     31.48000000	      0.01555658	      0.02939820	      0.05477133
     31.48400000	      0.01558829	      0.02942815	      0.05471875
     31.48800000	      0.01567581	      0.02951064	      0.05470110
     31.49200000	      0.01565434	      0.02949043	      0.05449253
     31.49600000	      0.01557841	      0.02941882	      0.05444171
     31.50000000	      0.01561747	      0.02945568	      0.05441544
     31.50400000	      0.01572332	      0.02955533	      0.05441448
     31.50800000	      0.01571592	      0.02954837	      0.05436876
     31.51200000	      0.01564041	      0.02947731	      0.05438953
     31.51600000	      0.01567864	      0.02951331	      0.05438495
     31.52000000	      0.01579034	      0.02961826	      0.05436041
     31.52400000	      0.01583098	      0.02965635	      0.05434474
     31.52800000	      0.01584510	      0.02966957	      0.05433996
     31.53200000	      0.01580311	      0.02963023	      0.05433390
     31.53600000	      0.01571922	      0.02955148	      0.05445988
     31.54000000	      0.01575851	      0.02958839	      0.05428415
     31.54400000	      0.01590513	      0.02972572	      0.05435200
     31.54800000	      0.01602669	      0.02983909	      0.05429512
     31.55200000	      0.01606228	      0.02987221	      0.05427979
     31.55600000	      0.01604176	      0.02985312	      0.05439785
     31.56000000	      0.01596215	      0.02977896	      0.05423046
     31.56400000	      0.01600260	      0.02981666	      0.05419955
     31.56800000	      0.01614338	      0.02994753	      0.05419116
     31.57200000	      0.01624829	      0.03004468	      0.05455909
     31.57600000	      0.01624466	      0.03004133	      0.05419565
     31.58000000	      0.01613172	      0.02993671	      0.05426463
     31.58400000	      0.01599127	      0.02980611	      0.05416011
     31.58800000	      0.01596402	      0.02978070	      0.05412311
     31.59200000	      0.01598994	      0.02980487	      0.05413630
     31.59600000	      0.01604754	      0.02985850	      0.05416573
     31.60000000	      0.01602710	      0.02983948	      0.05432452
     31.60400000	      0.01609604	      0.02990358	      0.05417281
     31.60800000	      0.01623733	      0.03003454	      0.05424391
     31.61200000	      0.01624676	      0.03004326	      0.05420088
     31.61600000	      0.01628870	      0.03008202	      0.05416059
     31.62000000	      0.01624400	      0.03004071	      0.05414253
     31.62400000	      0.01625326	      0.03004927	      0.05425845
     31.62800000	      0.01629892	      0.03009145	      0.05410747
     31.63200000	      0.01632865	      0.03011889	      0.05420110
     31.63600000	      0.01626532	      0.03006042	      0.05423481
     31.64000000	      0.01629162	      0.03008472	      0.05406647
     31.64400000	      0.01637600	      0.03016252	      0.05422870
     31.64800000	      0.01645014	      0.03023072	      0.05407211
     31.65200000	      0.01648608	      0.03026373	      0.05406668
     31.65600000	      0.01636743	      0.03015463	      0.05413185
     31.66000000	      0.01641154	      0.03019524	      0.05400813
     31.66400000	      0.01660804	      0.03037547	      0.05402117
     31.66800000	      0.01673631	      0.03049254	      0.05418574
     31.67200000	      0.01670293	      0.03046212	      0.05405356
     31.67600000	      0.01675326	      0.03050798	      0.05399149
     31.68000000	      0.01681564	      0.03056472	      0.05408063
     31.68400000	      0.01677417	      0.03052701	      0.05406700
     31.68800000	      0.01685358	      0.03059918	      0.05412036
     31.69200000	      0.01684244	      0.03058907	      0.05399421
     31.69600000	      0.01677185	      0.03052490	      0.05404705
     31.70000000	      0.01675526	      0.03050980	      0.05411386
     31.70400000	      0.01679431	      0.03054533	      0.05402800
     31.70800000	      0.01689788	      0.03063937	      0.05416075
     31.71200000	      0.01690969	      0.03065007	      0.05431619
     31.71600000	      0.01693139	      0.03066973	      0.05424115
     31.72000000	      0.01695197	      0.03068838	      0.05431871
     31.72400000	      0.01695539	      0.03069147	      0.05416605
     31.72800000	      0.01697374	      0.03070807	      0.05411354
     31.73200000	      0.01701904	      0.03074902	      0.05424101
     31.73600000	      0.01704079	      0.03076866	      0.05411027
     31.74000000	      0.01705388	      0.03078047	      0.05408488
     31.74400000	      0.01711227	      0.03083313	      0.05420905
     31.74800000	      0.01723420	      0.03094278	      0.05409899
     31.75200000	      0.01733967	      0.03103732	      0.05389463
     31.75600000	      0.01735470	      0.03105076	      0.05391780
     31.76000000	      0.01740067	      0.03109186	      0.05381789
     31.76400000	      0.01749061	      0.03117211	      0.05390886
     31.76800000	      0.01755454	      0.03122903	      0.05384743
     31.77200000	      0.01760420	      0.03127317	      0.05377131
     31.77600000	      0.01759294	      0.03126317	      0.05387224
     31.78000000	      0.01751564	      0.03119441	      0.05392687
     31.78400000	      0.01750914	      0.03118862	      0.05376885
     31.78800000	      0.01752544	      0.03120314	      0.05388857
     31.79200000	      0.01755215	      0.03122690	      0.05397712
     31.79600000	      0.01757593	      0.03124805	      0.05381896
     31.80000000	      0.01760182	      0.03127105	      0.05393704
     31.80400000	      0.01763698	      0.03130227	      0.05400415
     31.80800000	      0.01767896	      0.03133950	      0.05386557
     31.81200000	      0.01771209	      0.03136885	      0.05393211
     31.81600000	      0.01772775	      0.03138271	      0.05406685
     31.82000000	      0.01776065	      0.03141182	      0.05420805
     31.82400000	      0.01779778	      0.03144464	      0.05448326
     31.82800000	      0.01782497	      0.03146865	      0.05455454
     31.83200000	      0.01784286	      0.03148444	      0.05467580
     31.83600000	      0.01787129	      0.03150952	      0.05498510
     31.84000000	      0.01801538	      0.03163628	      0.05511461
     31.84400000	      0.01830896	      0.03189302	      0.05556664
     31.84800000	      0.01841836	      0.03198816	      0.05572472
     31.85200000	      0.01843544	      0.03200298	      0.05583571
     31.85600000	      0.01830440	      0.03188904	      0.05587787
     31.86000000	      0.01810045	      0.03171089	      0.05599408
     31.86400000	      0.01798642	      0.03161084	      0.05597231
     31.86800000	      0.01797182	      0.03159802	      0.05606785
     31.87200000	      0.01797953	      0.03160479	      0.05613428
     31.87600000	      0.01803502	      0.03165353	      0.05629251
     31.88000000	      0.01814836	      0.03175283	      0.05663227
     31.88400000	      0.01814832	      0.03175279	      0.05668870
     31.88800000	      0.01806766	      0.03168216	      0.05668172
     31.89200000	      0.01804015	      0.03165803	      0.05675177
     31.89600000	      0.01805106	      0.03166760	      0.05684829
     31.90000000	      0.01807511	      0.03168869	      0.05707003
     31.90400000	      0.01809245	      0.03170388	      0.05708876
     31.90800000	      0.01810941	      0.03171874	      0.05715355
     31.91200000	      0.01812287	      0.03173052	      0.05722339
     31.91600000	      0.01813705	      0.03174293	      0.05730045
     31.92000000	      0.01815407	      0.03175783	      0.05739479
     31.92400000	      0.01815708	      0.03176046	      0.05764256
     31.92800000	      0.01814884	      0.03175325	      0.05768105
     31.93200000	      0.01815881	      0.03176197	      0.05773940
     31.93600000	      0.01817228	      0.03177375	      0.05780492
     31.94000000	      0.01818599	      0.03178574	      0.05785644
     31.94400000	      0.01820124	      0.03179906	      0.05791959
     31.94800000	      0.01821623	      0.03181215	      0.05797099
     31.95200000	      0.01823007	      0.03182423	      0.05798930
     31.95600000	      0.01824517	      0.03183741	      0.05805223
     31.96000000	      0.01826919	      0.03185835	      0.05807915
     31.96400000	      0.01829719	      0.03188277	      0.05825959
     31.96800000	      0.01831391	      0.03189732	      0.05826798
     31.97200000	      0.01832153	      0.03190396	      0.05827869
     31.97600000	      0.01833038	      0.03191167	      0.05829165
     31.98000000	      0.01834476	      0.03192418	      0.05831378
     31.98400000	      0.01835837	      0.03193602	      0.05833695
     31.98800000	      0.01834322	      0.03192284	      0.05837520
     31.99200000	      0.01836326	      0.03194027	      0.05838560
     31.99600000	      0.01840809	      0.03197924	      0.05839215
     32.00000000	      0.01834934	      0.03192817	      0.05845951
     32.00400000	      0.01834242	      0.03192214	      0.05848914
     32.00800000	      0.01834494	      0.03192434	      0.05846773
     32.01200000	      0.01835683	      0.03193469	      0.05850586
     32.01600000	      0.01837709	      0.03195230	      0.05845780
     32.02000000	      0.01838105	      0.03195574	      0.05852987
     32.02400000	      0.01838671	      0.03196066	      0.05856981
     32.02800000	      0.01839438	      0.03196733	      0.05857728
     32.03200000	      0.01840095	      0.03197304	      0.05848242
     32.03600000	      0.01842548	      0.03199434	      0.05855903
     32.04000000	      0.01847062	      0.03203351	      0.05841656
     32.04400000	      0.01848746	      0.03204810	      0.05848146
     32.04800000	      0.01848596	      0.03204680	      0.05850997
     32.05200000	      0.01847323	      0.03203577	      0.05848757
     32.05600000	      0.01848056	      0.03204213	      0.05841089
     32.06000000	      0.01849363	      0.03205346	      0.05859694
     32.06400000	      0.01849817	      0.03205739	      0.05856096
     32.06800000	      0.01852283	      0.03207875	      0.05858461
     32.07200000	      0.01853387	      0.03208831	      0.05858222
     32.07600000	      0.01854274	      0.03209599	      0.05852833
     32.08000000	      0.01853780	      0.03209171	      0.05852850
     32.08400000	      0.01857261	      0.03212183	      0.05879732
     32.08800000	      0.01873701	      0.03226368	      0.05912666
     32.09200000	      0.01878539	      0.03230530	      0.05910553
     32.09600000	      0.01884086	      0.03235297	      0.05928954
     32.10000000	      0.01894834	      0.03244512	      0.05933432
     32.10400000	      0.01897287	      0.03246611	      0.05935005
     32.10800000	      0.01898479	      0.03247631	      0.05944115
     32.11200000	      0.01900618	      0.03249460	      0.05936326
     32.11600000	      0.01691115	      0.03065140	      0.05335993
     32.12000000	      0.01698407	      0.03071741	      0.05349817
     32.12400000	      0.01696289	      0.03069825	      0.05344083
     32.12800000	      0.01687815	      0.03062148	      0.05339405
     32.13200000	      0.01685737	      0.03060263	      0.05333204
     32.13600000	      0.01685324	      0.03059888	      0.05339903
     32.14000000	      0.01685381	      0.03059939	      0.05333803
     32.14400000	      0.01684973	      0.03059569	      0.05343328
     32.14800000	      0.01684763	      0.03059378	      0.05345326
     32.15200000	      0.01684469	      0.03059111	      0.05338965
     32.15600000	      0.01684332	      0.03058987	      0.05338164
     32.16000000	      0.01684064	      0.03058744	      0.05332606
     32.16400000	      0.01683740	      0.03058449	      0.05335513
     32.16800000	      0.01683457	      0.03058192	      0.05328852
     32.17200000	      0.01897073	      0.03246428	      0.05942411
     32.17600000	      0.01897361	      0.03246674	      0.05951199
     32.18000000	      0.01897771	      0.03247025	      0.05949877
     32.18400000	      0.01896123	      0.03245615	      0.05948198
     32.18800000	      0.01895365	      0.03244966	      0.05941557
     32.19200000	      0.01894837	      0.03244514	      0.05955102
     32.19600000	      0.01894334	      0.03244083	      0.05942785
     32.20000000	      0.01894026	      0.03243819	      0.05952111
     32.20400000	      0.01893444	      0.03243321	      0.05943231
     32.20800000	      0.01892983	      0.03242927	      0.05934893
     32.21200000	      0.01677114	      0.03052425	      0.05328496
     32.21600000	      0.01676627	      0.03051982	      0.05320520
     32.22000000	      0.01676112	      0.03051514	      0.05322250
     32.22400000	      0.01675655	      0.03051097	      0.05315196
     32.22800000	      0.01675169	      0.03050655	      0.05319419
     32.23200000	      0.01674767	      0.03050289	      0.05312412
     32.23600000	      0.01674257	      0.03049824	      0.05321032
     32.24000000	      0.01674624	      0.03050158	      0.05310741
     32.24400000	      0.01675353	      0.03050822	      0.05328584
     32.24800000	      0.01673586	      0.03049213	      0.05309658
     32.25200000	      0.01675808	      0.03051236	      0.05319745
     32.25600000	      0.01679356	      0.03054465	      0.05317972
     32.26000000	      0.01674280	      0.03049845	      0.05312315
     32.26400000	      0.01673962	      0.03049555	      0.05301759
     32.26800000	      0.01674153	      0.03049729	      0.05302266
     32.27200000	      0.01674907	      0.03050416	      0.05312471
     32.27600000	      0.01676483	      0.03051851	      0.05303600
     32.28000000	      0.01675831	      0.03051258	      0.05298412
     32.28400000	      0.01675348	      0.03050818	      0.05284499
     32.28800000	      0.01677756	      0.03053009	      0.05283679
     32.29200000	      0.01681126	      0.03056075	      0.05285154
     32.29600000	      0.01675528	      0.03050981	      0.05287936
     32.30000000	      0.01673930	      0.03049527	      0.05280842
     32.30400000	      0.01672899	      0.03048587	      0.05284510
     32.30800000	      0.01671061	      0.03046912	      0.05276270
     32.31200000	      0.01668111	      0.03044221	      0.05277093
     32.31600000	      0.01667092	      0.03043292	      0.05285331
     32.32000000	      0.01669579	      0.03045561	      0.05271312
     32.32400000	      0.01670966	      0.03046825	      0.05274636
     32.32800000	      0.01660568	      0.03037331	      0.05257625
     32.33200000	      0.01654102	      0.03031412	      0.05259583
     32.33600000	      0.01645967	      0.03023948	      0.05260055
     32.34000000	      0.01646936	      0.03024838	      0.05259542
     32.34400000	      0.01646624	      0.03024552	      0.05260318
     32.34800000	      0.01639077	      0.03017612	      0.05263377
     32.35200000	      0.01644709	      0.03022792	      0.05269585
     32.35600000	      0.01646070	      0.03024042	      0.05273128
     32.36000000	      0.01645767	      0.03023764	      0.05270968
     32.36400000	      0.01645124	      0.03023173	      0.05270512
     32.36800000	      0.01647384	      0.03025250	      0.05269336
     32.37200000	      0.01654644	      0.03031908	      0.05273655
     32.37600000	      0.01656219	      0.03033350	      0.05272189
     32.38000000	      0.01656188	      0.03033322	      0.05270269
     32.38400000	      0.01650399	      0.03028017	      0.05280597
     32.38800000	      0.01642876	      0.03021107	      0.05259778
     32.39200000	      0.01650878	      0.03028456	      0.05265847
     32.39600000	      0.01652305	      0.03029764	      0.05265427
     32.40000000	      0.01651928	      0.03029419	      0.05266548
     32.40400000	      0.01651532	      0.03029056	      0.05265303
     32.40800000	      0.02086939	      0.03405012	      0.06019834
     32.41200000	      0.02088120	      0.03405975	      0.06027255
     32.41600000	      0.02087747	      0.03405671	      0.06029396
     32.42000000	      0.02086436	      0.03404602	      0.06020923
     32.42400000	      0.02085309	      0.03403682	      0.06013914
     32.42800000	      0.02083859	      0.03402498	      0.06009425
     32.43200000	      0.02083312	      0.03402052	      0.06011324
     32.43600000	      0.02083141	      0.03401912	      0.06016960
     32.44000000	      0.01848315	      0.03204437	      0.05677037
     32.44400000	      0.01852685	      0.03208223	      0.05680652
     32.44800000	      0.01848884	      0.03204930	      0.05671646
     32.45200000	      0.01855481	      0.03210643	      0.05676165
     32.45600000	      0.01852198	      0.03207801	      0.05667156
     32.46000000	      0.01846926	      0.03203233	      0.05657223
     32.46400000	      0.01850339	      0.03206191	      0.05658832
     32.46800000	      0.01842196	      0.03199128	      0.05619896
     32.47200000	      0.01843260	      0.03200052	      0.05618784
     32.47600000	      0.01850989	      0.03206754	      0.05624436
     32.48000000	      0.01862446	      0.03216663	      0.05619590
     32.48400000	      0.01881795	      0.03233329	      0.05603591
     32.48800000	      0.01880801	      0.03232475	      0.05589509
     32.49200000	      0.01886798	      0.03237625	      0.05569978
     32.49600000	      0.01886134	      0.03237054	      0.05573203
     32.50000000	      0.01872397	      0.03225245	      0.05566989
     32.50400000	      0.01849617	      0.03205566	      0.05553183
     32.50800000	      0.01846626	      0.03202972	      0.05557327
     32.51200000	      0.01836740	      0.03194388	      0.05539612
     32.51600000	      0.01832557	      0.03190748	      0.05495402
     32.52000000	      0.01830870	      0.03189279	      0.05491305
     32.52400000	      0.01829851	      0.03188391	      0.05484676
     32.52800000	      0.01828845	      0.03187514	      0.05477979
     32.53200000	      0.01831631	      0.03189941	      0.05461695
     32.53600000	      0.01839379	      0.03196681	      0.05467636
     32.54000000	      0.01840275	      0.03197460	      0.05460801
     32.54400000	      0.01838934	      0.03196294	      0.05452836
     32.54800000	      0.01836761	      0.03194406	      0.05444070
     32.55200000	      0.01835105	      0.03192965	      0.05434439
     32.55600000	      0.01833294	      0.03191389	      0.05414061
     32.56000000	      0.01831836	      0.03190120	      0.05406826
     32.56400000	      0.01830451	      0.03188914	      0.05400149
     32.56800000	      0.01829103	      0.03187739	      0.05392214
     32.57200000	      0.01827924	      0.03186712	      0.05383226
     32.57600000	      0.01822724	      0.03182176	      0.05351193
     32.58000000	      0.01816865	      0.03177058	      0.05341731
     32.58400000	      0.01819263	      0.03179153	      0.05360511
     32.58800000	      0.01811837	      0.03172658	      0.05355184
     32.59200000	      0.01808923	      0.03170106	      0.05352133
     32.59600000	      0.01807905	      0.03169214	      0.05373895
     32.60000000	      0.01805647	      0.03167234	      0.05360506
     32.60400000	      0.01801551	      0.03163640	      0.05354740
     32.60800000	      0.01792224	      0.03155440	      0.05352335
     32.61200000	      0.01784829	      0.03148923	      0.05356054
     32.61600000	      0.01782221	      0.03146622	      0.05351279
     32.62000000	      0.01780120	      0.03144767	      0.05351443
     32.62400000	      0.01782731	      0.03147072	      0.05348052
     32.62800000	      0.01790459	      0.03153886	      0.05345622
     32.63200000	      0.01791337	      0.03154659	      0.05344041
     32.63600000	      0.01790583	      0.03153994	      0.05341630
     32.64000000	      0.01790679	      0.03154080	      0.05360762
     32.64400000	      0.01793928	      0.03156939	      0.05355689
     32.64800000	      0.01793624	      0.03156672	      0.05354185
     32.65200000	      0.01790050	      0.03153525	      0.05365407
     32.65600000	      0.01786035	      0.03149987	      0.05355935
     32.66000000	      0.01783854	      0.03148063	      0.05368544
     32.66400000	      0.01777918	      0.03142821	      0.05361245
     32.66800000	      0.01771740	      0.03137356	      0.05355208
     32.67200000	      0.01778440	      0.03143282	      0.05374129
     32.67600000	      0.01778123	      0.03143002	      0.05367555
     32.68000000	      0.01775860	      0.03141002	      0.05367730
     32.68400000	      0.01776032	      0.03141154	      0.05372185
     32.68800000	      0.01773801	      0.03139180	      0.05360830
     32.69200000	      0.01769191	      0.03135098	      0.05361196
     32.69600000	      0.01766859	      0.03133031	      0.05361093
     32.70000000	      0.01766823	      0.03132999	      0.05357895
     32.70400000	      0.01765548	      0.03131869	      0.05356158
     32.70800000	      0.01763776	      0.03130296	      0.05375960
     32.71200000	      0.01758043	      0.03125205	      0.05362764
     32.71600000	      0.01747651	      0.03115955	      0.05357769
     32.72000000	      0.01743326	      0.03112096	      0.05371639
     32.72400000	      0.01741174	      0.03110175	      0.05367531
     32.72800000	      0.01743358	      0.03112125	      0.05363471
     32.73200000	      0.01752338	      0.03120130	      0.05362315
     32.73600000	      0.01748279	      0.03116514	      0.05378586
     32.74000000	      0.01741861	      0.03110788	      0.05367993
     32.74400000	      0.01744464	      0.03113112	      0.05377700
     32.74800000	      0.01743495	      0.03112247	      0.05369971
     32.75200000	      0.01742564	      0.03111416	      0.05368583
     32.75600000	      0.01737746	      0.03107112	      0.05364019
     32.76000000	      0.01722944	      0.03093850	      0.05380057
     32.76400000	      0.01708891	      0.03081208	      0.05362870
     32.76800000	      0.01703200	      0.03076073	      0.05360250
     32.77200000	      0.01700177	      0.03073341	      0.05375251
     32.77600000	      0.01697982	      0.03071357	      0.05365785
     32.78000000	      0.01701540	      0.03074574	      0.05364610
     32.78400000	      0.01711854	      0.03083877	      0.05376037
     32.78800000	      0.01709331	      0.03081604	      0.05365709
     32.79200000	      0.01702725	      0.03075643	      0.05384520
     32.79600000	      0.01702805	      0.03075716	      0.05384615
     32.80000000	      0.01695342	      0.03068968	      0.05383035
     32.80400000	      0.01688597	      0.03062857	      0.05395536
     32.80800000	      0.01684431	      0.03059077	      0.05382882
     32.81200000	      0.01691694	      0.03065665	      0.05402561
     32.81600000	      0.01694687	      0.03068375	      0.05379561
     32.82000000	      0.01700043	      0.03073221	      0.05431142
     32.82400000	      0.01694344	      0.03068065	      0.05387819
     32.82800000	      0.01696992	      0.03070461	      0.05432862
     32.83200000	      0.01686606	      0.03061051	      0.05375381
     32.83600000	      0.01682663	      0.03057470	      0.05394120
     32.84000000	      0.01675405	      0.03050870	      0.05385398
     32.84400000	      0.01672681	      0.03048389	      0.05398829
     32.84800000	      0.01671846	      0.03047628	      0.05406550
     32.85200000	      0.01671565	      0.03047371	      0.05436809
     32.85600000	      0.01670701	      0.03046584	      0.05438510
     32.86000000	      0.01669583	      0.03045564	      0.05458161
     32.86400000	      0.01667504	      0.03043667	      0.05452327
     32.86800000	      0.01661162	      0.03037874	      0.05438339
     32.87200000	      0.01654715	      0.03031973	      0.05395265
     32.87600000	      0.01654268	      0.03031563	      0.05418302
     32.88000000	      0.01657099	      0.03034157	      0.05449487
     32.88400000	      0.01657817	      0.03034813	      0.05474201
     32.88800000	      0.01657029	      0.03034092	      0.05479239
     32.89200000	      0.01655649	      0.03032828	      0.05496873
     32.89600000	      0.01654545	      0.03031818	      0.05494786
     32.90000000	      0.01648969	      0.03026704	      0.05450874
     32.90400000	      0.01639741	      0.03018223	      0.05421058
     32.90800000	      0.01639569	      0.03018065	      0.05429843
     32.91200000	      0.01637979	      0.03016602	      0.05437679
     32.91600000	      0.01636252	      0.03015010	      0.05430277
     32.92000000	      0.01634228	      0.03013145	      0.05431023
     32.92400000	      0.01631707	      0.03010820	      0.05438749
     32.92800000	      0.01629819	      0.03009078	      0.05431050
     32.93200000	      0.01628288	      0.03007664	      0.05440020
     32.93600000	      0.01626715	      0.03006212	      0.05436993
     32.94000000	      0.01624765	      0.03004409	      0.05439851
     32.94400000	      0.01622280	      0.03002110	      0.05452999
     32.94800000	      0.01620723	      0.03000670	      0.05441529
     32.95200000	      0.01627611	      0.03007039	      0.05435622
     32.95600000	      0.01627205	      0.03006664	      0.05426474
     32.96000000	      0.01625317	      0.03004919	      0.05438035
     32.96400000	      0.01623531	      0.03003267	      0.05438138
     32.96800000	      0.01620670	      0.03000620	      0.05422008
     32.97200000	      0.01616972	      0.02997195	      0.05419539
     32.97600000	      0.01619246	      0.02999302	      0.05423912
     32.98000000	      0.01626969	      0.03006446	      0.05432541
     32.98400000	      0.01627700	      0.03007121	      0.05440109
     32.98800000	      0.01621665	      0.03001541	      0.05430754
     32.99200000	      0.01611109	      0.02991756	      0.05428190
     32.99600000	      0.01607919	      0.02988793	      0.05431517
     33.00000000	      0.01606572	      0.02987541	      0.05462196
     33.00400000	      0.01604745	      0.02985842	      0.05460681
     33.00800000	      0.01603963	      0.02985114	      0.05470704
     33.01200000	      0.01601965	      0.02983255	      0.05464291
     33.01600000	      0.01601386	      0.02982715	      0.05473154
     33.02000000	      0.01599308	      0.02980779	      0.05472702
     33.02400000	      0.01599371	      0.02980838	      0.05482863
     33.02800000	      0.01597559	      0.02979149	      0.05483968
     33.03200000	      0.01594340	      0.02976146	      0.05477363
     33.03600000	      0.01593287	      0.02975163	      0.05473072
     33.04000000	      0.01593416	      0.02975283	      0.05491947
     33.04400000	      0.01597160	      0.02978777	      0.05507229
     33.04800000	      0.01607765	      0.02988650	      0.05533188
     33.05200000	      0.01604800	      0.02985892	      0.05533751
     33.05600000	      0.01593437	      0.02975303	      0.05519979
     33.06000000	      0.01587928	      0.02970156	      0.05509830
     33.06400000	      0.01585689	      0.02968061	      0.05502207
     33.06800000	      0.01589547	      0.02971669	      0.05505673
     33.07200000	      0.01597592	      0.02979180	      0.05516743
     33.07600000	      0.01598166	      0.02979715	      0.05515298
     33.08000000	      0.01592660	      0.02974577	      0.05539999
     33.08400000	      0.01581271	      0.02963923	      0.05532433
     33.08800000	      0.01577274	      0.02960175	      0.05528133
     33.09200000	      0.01574928	      0.02957972	      0.05528442
     33.09600000	      0.01572731	      0.02955908	      0.05541872
     33.10000000	      0.01570233	      0.02953560	      0.05552164
     33.10400000	      0.01572824	      0.02955996	      0.05554714
     33.10800000	      0.01581729	      0.02964352	      0.05564425
     33.11200000	      0.01584836	      0.02967262	      0.05570703
     33.11600000	      0.01580343	      0.02963053	      0.05574420
     33.12000000	      0.01569938	      0.02953282	      0.05547189
     33.12400000	      0.01567726	      0.02951202	      0.05541362
     33.12800000	      0.01566424	      0.02949976	      0.05547118
     33.13200000	      0.01565037	      0.02948669	      0.05546036
     33.13600000	      0.01563420	      0.02947145	      0.05539413
     33.14000000	      0.01561972	      0.02945780	      0.05547461
     33.14400000	      0.01560219	      0.02944127	      0.05536639
     33.14800000	      0.01558940	      0.02942920	      0.05533480
     33.15200000	      0.01560868	      0.02944739	      0.05520254
     33.15600000	      0.01564111	      0.02947796	      0.05533474
     33.16000000	      0.01556480	      0.02940597	      0.05532998
     33.16400000	      0.01553218	      0.02937514	      0.05525056
     33.16800000	      0.01551521	      0.02935909	      0.05529046
     33.17200000	      0.01550469	      0.02934914	      0.05529260
     33.17600000	      0.01550063	      0.02934529	      0.05516164
     33.18000000	      0.01549460	      0.02933958	      0.05516916
     33.18400000	      0.01547573	      0.02932171	      0.05517474
     33.18800000	      0.01548402	      0.02932957	      0.05535701
     33.19200000	      0.01556140	      0.02940276	      0.05545765
     33.19600000	      0.01560564	      0.02944453	      0.05552109
     33.20000000	      0.01564041	      0.02947731	      0.05547056
     33.20400000	      0.01556259	      0.02940388	      0.05548118
     33.20800000	      0.01552556	      0.02936888	      0.05551847
     33.21200000	      0.01552074	      0.02936432	      0.05552579
     33.21600000	      0.01550859	      0.02935283	      0.05546161
     33.22000000	      0.01549852	      0.02934329	      0.05551889
     33.22400000	      0.01548153	      0.02932720	      0.05550087
     33.22800000	      0.01542186	      0.02927064	      0.05554612
     33.23200000	      0.01531242	      0.02916659	      0.05558837
     33.23600000	      0.01527091	      0.02912703	      0.05530276
     33.24000000	      0.01528349	      0.02913902	      0.05535665
     33.24400000	      0.01530516	      0.02915967	      0.05545691
     33.24800000	      0.01521107	      0.02906991	      0.05508867
     33.25200000	      0.01517389	      0.02903435	      0.05517182
     33.25600000	      0.01513377	      0.02899595	      0.05521349
     33.26000000	      0.01512067	      0.02898340	      0.05512284
     33.26400000	      0.01518569	      0.02904564	      0.05520530
     33.26800000	      0.01513729	      0.02899932	      0.05498425
     33.27200000	      0.01502828	      0.02889471	      0.05499109
     33.27600000	      0.01498532	      0.02885338	      0.05494865
     33.28000000	      0.01497320	      0.02884171	      0.05487067
     33.28400000	      0.01503318	      0.02889942	      0.05495026
     33.28800000	      0.01507188	      0.02893660	      0.05494945
     33.29200000	      0.01504515	      0.02891093	      0.05482989
     33.29600000	      0.01512039	      0.02898313	      0.05482328
     33.30000000	      0.01512837	      0.02899078	      0.05494686
     33.30400000	      0.01512021	      0.02898296	      0.05489280
     33.30800000	      0.01510876	      0.02897198	      0.05501567
     33.31200000	      0.01505465	      0.02892005	      0.05487365
     33.31600000	      0.01493876	      0.02880852	      0.05490029
     33.32000000	      0.01490091	      0.02877201	      0.05482955
     33.32400000	      0.01488166	      0.02875341	      0.05500632
     33.32800000	      0.01487108	      0.02874319	      0.05486310
     33.33200000	      0.01485940	      0.02873190	      0.05503511
     33.33600000	      0.01489818	      0.02876937	      0.05489054
     33.34000000	      0.01500061	      0.02886810	      0.05507040
     33.34400000	      0.01501733	      0.02888418	      0.05503985
     33.34800000	      0.01501474	      0.02888169	      0.05490581
     33.35200000	      0.01500997	      0.02887710	      0.05504924
     33.35600000	      0.01500277	      0.02887018	      0.05491254
     33.36000000	      0.01499297	      0.02886075	      0.05506527
     33.36400000	      0.01493927	      0.02880901	      0.05491436
     33.36800000	      0.01482604	      0.02869963	      0.05501816
     33.37200000	      0.01479561	      0.02867016	      0.05501192
     33.37600000	      0.01478031	      0.02865534	      0.05480628
     33.38000000	      0.01475244	      0.02862831	      0.05488606
     33.38400000	      0.01473160	      0.02860808	      0.05482090
     33.38800000	      0.01473145	      0.02860794	      0.05465399
     33.39200000	      0.01472186	      0.02859862	      0.05485159
     33.39600000	      0.01475369	      0.02862952	      0.05473284
     33.40000000	      0.01484238	      0.02871544	      0.05477786
     33.40400000	      0.01504050	      0.02890646	      0.05464515
     33.40800000	      0.01629344	      0.03008639	      0.05456356
     33.41200000	      0.01478147	      0.02865646	      0.05480472
     33.41600000	      0.01479727	      0.02867177	      0.05479300
     33.42000000	      0.01470200	      0.02857933	      0.05473454
     33.42400000	      0.01471254	      0.02858957	      0.05485947
     33.42800000	      0.01479482	      0.02866940	      0.05493791
     33.43200000	      0.01476702	      0.02864245	      0.05501627
     33.43600000	      0.01467621	      0.02855424	      0.05493148
     33.44000000	      0.01464986	      0.02852860	      0.05492498
     33.44400000	      0.01459094	      0.02847117	      0.05486436
     33.44800000	      0.01450453	      0.02838674	      0.05517473
     33.45200000	      0.01448746	      0.02837003	      0.05502835
     33.45600000	      0.01448045	      0.02836317	      0.05508360
     33.46000000	      0.01446082	      0.02834393	      0.05495473
     33.46400000	      0.01449610	      0.02837850	      0.05501137
     33.46800000	      0.01458118	      0.02846165	      0.05493323
     33.47200000	      0.01459417	      0.02847432	      0.05498213
     33.47600000	      0.01454428	      0.02842562	      0.05506840
     33.48000000	      0.01445480	      0.02833804	      0.05503998
     33.48400000	      0.01443717	      0.02832076	      0.05499345
     33.48800000	      0.01442938	      0.02831311	      0.05504247
     33.49200000	      0.01446502	      0.02834806	      0.05502195
     33.49600000	      0.01453454	      0.02841610	      0.05510969
     33.50000000	      0.01447730	      0.02836009	      0.05509691
     33.50400000	      0.01445232	      0.02833561	      0.05501142
     33.50800000	      0.01448328	      0.02836594	      0.05508908
     33.51200000	      0.01456920	      0.02844996	      0.05520334
     33.51600000	      0.01456976	      0.02845050	      0.05523822
     33.52000000	      0.01456594	      0.02844678	      0.05529330
     33.52400000	      0.01456191	      0.02844284	      0.05534145
     33.52800000	      0.01458929	      0.02846957	      0.05540792
     33.53200000	      0.01465149	      0.02853019	      0.05528753
     33.53600000	      0.01467085	      0.02854904	      0.05533530
     33.54000000	      0.01468824	      0.02856594	      0.05537761
     33.54400000	      0.01462971	      0.02850897	      0.05538640
     33.54800000	      0.01453232	      0.02841393	      0.05536121
     33.55200000	      0.01447606	      0.02835887	      0.05519905
     33.55600000	      0.01444024	      0.02832376	      0.05521113
     33.56000000	      0.01449147	      0.02837396	      0.05528973
     33.56400000	      0.01450765	      0.02838980	      0.05531733
     33.56800000	      0.01448230	      0.02836498	      0.05516864
     33.57200000	      0.01439717	      0.02828149	      0.05516953
     33.57600000	      0.01436497	      0.02824984	      0.05520136
     33.58000000	      0.01439080	      0.02827524	      0.05523691
     33.58400000	      0.01448350	      0.02836616	      0.05522730
     33.58800000	      0.01449717	      0.02837954	      0.05523682
     33.59200000	      0.01453973	      0.02842117	      0.05530250
     33.59600000	      0.01451060	      0.02839268	      0.05530146
     33.60000000	      0.01457892	      0.02845944	      0.05536944
     33.60400000	      0.01459571	      0.02847582	      0.05538208
     33.60800000	      0.01458872	      0.02846901	      0.05538898
     33.61200000	      0.01457550	      0.02845611	      0.05539642
     33.61600000	      0.01459422	      0.02847438	      0.05540031
     33.62000000	      0.01459666	      0.02847676	      0.05540590
     33.62400000	      0.01459294	      0.02847313	      0.05540605
     33.62800000	      0.01459048	      0.02847072	      0.05540379
     33.63200000	      0.01459047	      0.02847072	      0.05540348
     33.63600000	      0.01459020	      0.02847046	      0.05540113
     33.64000000	      0.01457694	      0.02845751	      0.05535280
     33.64400000	      0.01454638	      0.02842767	      0.05529036
     33.64800000	      0.01453664	      0.02841815	      0.05532458
     33.65200000	      0.01454440	      0.02842573	      0.05531558
     33.65600000	      0.01456913	      0.02844989	      0.05530563
     33.66000000	      0.01457674	      0.02845732	      0.05529842
     33.66400000	      0.01457961	      0.02846012	      0.05524842
     33.66800000	      0.01458094	      0.02846141	      0.05528169
     33.67200000	      0.01458204	      0.02846249	      0.05523750
     33.67600000	      0.01457136	      0.02845207	      0.05527406
     33.68000000	      0.01454570	      0.02842700	      0.05529203
     33.68400000	      0.01453775	      0.02841924	      0.05525055
     33.68800000	      0.01453376	      0.02841534	      0.05522324
     33.69200000	      0.01453279	      0.02841438	      0.05524084
     33.69600000	      0.01453125	      0.02841288	      0.05520826
     33.70000000	      0.01451912	      0.02840101	      0.05510099
     33.70400000	      0.01451747	      0.02839940	      0.05506568
     33.70800000	      0.01451455	      0.02839655	      0.05505690
     33.71200000	      0.01451285	      0.02839488	      0.05505298
     33.71600000	      0.01451448	      0.02839648	      0.05510216
     33.72000000	      0.01451171	      0.02839377	      0.05508686
     33.72400000	      0.01450712	      0.02838928	      0.05505177
     33.72800000	      0.01450358	      0.02838582	      0.05519521
     33.73200000	      0.01450077	      0.02838307	      0.05516955
     33.73600000	      0.01449799	      0.02838034	      0.05512646
     33.74000000	      0.01449563	      0.02837803	      0.05514130
     33.74400000	      0.01449476	      0.02837718	      0.05513348
     33.74800000	      0.01449179	      0.02837428	      0.05515835
     33.75200000	      0.01449261	      0.02837508	      0.05516103
     33.75600000	      0.01449540	      0.02837780	      0.05514640
     33.76000000	      0.01451134	      0.02839341	      0.05518161
     33.76400000	      0.01453166	      0.02841328	      0.05520022
     33.76800000	      0.01452572	      0.02840747	      0.05516667
     33.77200000	      0.01455415	      0.02843526	      0.05522023
     33.77600000	      0.01452230	      0.02840413	      0.05528119
     33.78000000	      0.01444239	      0.02832587	      0.05525136
     33.78400000	      0.01442370	      0.02830754	      0.05521635
     33.78800000	      0.01441333	      0.02829736	      0.05523323
     33.79200000	      0.01440655	      0.02829070	      0.05525574
     33.79600000	      0.01442108	      0.02830496	      0.05527025
     33.80000000	      0.01444194	      0.02832543	      0.05532748
     33.80400000	      0.01451762	      0.02839955	      0.05541390
     33.80800000	      0.01454919	      0.02843041	      0.05524059
     33.81200000	      0.01455977	      0.02844075	      0.05521332
     33.81600000	      0.01459894	      0.02847898	      0.05528865
     33.82000000	      0.01462972	      0.02850898	      0.05530575
     33.82400000	      0.01458004	      0.02846053	      0.05531163
     33.82800000	      0.01459403	      0.02847419	      0.05524458
     33.83200000	      0.01454651	      0.02842780	      0.05521455
     33.83600000	      0.01455556	      0.02843664	      0.05520745
     33.84000000	      0.01455296	      0.02843410	      0.05510034
     33.84400000	      0.01454257	      0.02842394	      0.05516019
     33.84800000	      0.01450337	      0.02838561	      0.05510356
     33.85200000	      0.01446785	      0.02835082	      0.05511449
     33.85600000	      0.01454623	      0.02842752	      0.05524457
     33.86000000	      0.01455553	      0.02843660	      0.05508045
     33.86400000	      0.01456545	      0.02844629	      0.05507930
     33.86800000	      0.01457238	      0.02845306	      0.05507184
     33.87200000	      0.01458329	      0.02846371	      0.05507181
     33.87600000	      0.01459369	      0.02847386	      0.05505050
     33.88000000	      0.01460694	      0.02848678	      0.05518592
     33.88400000	      0.01461883	      0.02849837	      0.05502602
     33.88800000	      0.01463214	      0.02851134	      0.05512884
     33.89200000	      0.01464380	      0.02852270	      0.05521439
     33.89600000	      0.01461676	      0.02849635	      0.05516808
     33.90000000	      0.01457565	      0.02845625	      0.05498077
     33.90400000	      0.01465250	      0.02853117	      0.05515066
     33.90800000	      0.01467252	      0.02855066	      0.05513645
     33.91200000	      0.01469118	      0.02856881	      0.05526275
     33.91600000	      0.01470699	      0.02858417	      0.05520385
     33.92000000	      0.01472082	      0.02859761	      0.05499715
     33.92400000	      0.01474774	      0.02862374	      0.05515034
     33.92800000	      0.01476136	      0.02863696	      0.05510807
     33.93200000	      0.01477404	      0.02864926	      0.05510604
     33.93600000	      0.01477926	      0.02865432	      0.05495183
     33.94000000	      0.01479239	      0.02866705	      0.05510542
     33.94400000	      0.01480387	      0.02867817	      0.05494125
     33.94800000	      0.01481847	      0.02869230	      0.05508658
     33.95200000	      0.01483465	      0.02870797	      0.05499462
     33.95600000	      0.01485946	      0.02873196	      0.05500905
     33.96000000	      0.01486126	      0.02873370	      0.05508128
     33.96400000	      0.01486384	      0.02873619	      0.05517261
     33.96800000	      0.01489609	      0.02876735	      0.05529240
     33.97200000	      0.01492526	      0.02879550	      0.05492426
     33.97600000	      0.01498871	      0.02885665	      0.05492836
     33.98000000	      0.01502715	      0.02889363	      0.05497383
     33.98400000	      0.01504828	      0.02891394	      0.05487510
     33.98800000	      0.01506353	      0.02892858	      0.05486704
     33.99200000	      0.01507870	      0.02894315	      0.05491301
     33.99600000	      0.01509294	      0.02895680	      0.05492553
     34.00000000	      0.01511057	      0.02897372	      0.05497239
     34.00400000	      0.01515319	      0.02901455	      0.05511789
     34.00800000	      0.01517320	      0.02903369	      0.05493838
     34.01200000	      0.01515406	      0.02901538	      0.05494436
     34.01600000	      0.01522787	      0.02908596	      0.05503691
     34.02000000	      0.01525689	      0.02911366	      0.05495320
     34.02400000	      0.01528045	      0.02913613	      0.05500018
     34.02800000	      0.01530506	      0.02915958	      0.05496363
     34.03200000	      0.01532123	      0.02917498	      0.05495250
     34.03600000	      0.01533441	      0.02918752	      0.05499502
     34.04000000	      0.01534220	      0.02919494	      0.05488858
     34.04400000	      0.01530240	      0.02915704	      0.05485659
     34.04800000	      0.01528578	      0.02914121	      0.05505467
     34.05200000	      0.01539802	      0.02924800	      0.05595523
     34.05600000	      0.01538833	      0.02923880	      0.05622309
     34.06000000	      0.01535269	      0.02920492	      0.05615241
     34.06400000	      0.01543199	      0.02928025	      0.05627890
     34.06800000	      0.01546341	      0.02931004	      0.05636373
     34.07200000	      0.01547953	      0.02932531	      0.05629041
     34.07600000	      0.01549762	      0.02934244	      0.05639711
     34.08000000	      0.01551278	      0.02935679	      0.05651237
     34.08400000	      0.01549065	      0.02933585	      0.05628565
     34.08800000	      0.01543415	      0.02928230	      0.05576357
     34.09200000	      0.01543193	      0.02928019	      0.05572198
     34.09600000	      0.01543586	      0.02928392	      0.05568561
     34.10000000	      0.01547749	      0.02932338	      0.05581676
     34.10400000	      0.01555869	      0.02940020	      0.05643115
     34.10800000	      0.01559349	      0.02943306	      0.05646218
     34.11200000	      0.01561321	      0.02945166	      0.05656282
     34.11600000	      0.01562828	      0.02946588	      0.05664670
     34.12000000	      0.01562682	      0.02946449	      0.05671721
     34.12400000	      0.01560433	      0.02944328	      0.05685376
     34.12800000	      0.01564911	      0.02948550	      0.05676734
     34.13200000	      0.01574491	      0.02957562	      0.05687301
     34.13600000	      0.01573252	      0.02956398	      0.05694769
     34.14000000	      0.01573268	      0.02956413	      0.05686330
     34.14400000	      0.01579637	      0.02962391	      0.05688186
     34.14800000	      0.01574703	      0.02957761	      0.05680189
     34.15200000	      0.01575147	      0.02958178	      0.05689337
     34.15600000	      0.01578095	      0.02960944	      0.05690093
     34.16000000	      0.01581320	      0.02963969	      0.05669078
     34.16400000	      0.01580731	      0.02963417	      0.05662773
     34.16800000	      0.01582391	      0.02964972	      0.05658290
     34.17200000	      0.01584045	      0.02966522	      0.05661966
     34.17600000	      0.01583496	      0.02966008	      0.05648145
     34.18000000	      0.01584242	      0.02966706	      0.05640297
     34.18400000	      0.01585305	      0.02967701	      0.05634994
     34.18800000	      0.01586235	      0.02968571	      0.05631415
     34.19200000	      0.01587409	      0.02969670	      0.05626831
     34.19600000	      0.01588005	      0.02970227	      0.05628776
     34.20000000	      0.01586572	      0.02968887	      0.05623695
     34.20400000	      0.01587666	      0.02969910	      0.05610200
     34.20800000	      0.01590146	      0.02972229	      0.05578277
     34.21200000	      0.01593254	      0.02975132	      0.05576091
     34.21600000	      0.01595331	      0.02977070	      0.05570809
     34.22000000	      0.01595924	      0.02977624	      0.05558480
     34.22400000	      0.01594932	      0.02976698	      0.05547414
     34.22800000	      0.01599692	      0.02981137	      0.05540034
     34.23200000	      0.01618254	      0.02998383	      0.05530912
     34.23600000	      0.01624130	      0.03003822	      0.05528332
     34.24000000	      0.01624454	      0.03004121	      0.05517736
     34.24400000	      0.01625227	      0.03004836	      0.05478995
     34.24800000	      0.01626557	      0.03006066	      0.05466895
     34.25200000	      0.01627592	      0.03007022	      0.05456172
     34.25600000	      0.01628582	      0.03007936	      0.05447180
     34.26000000	      0.01629753	      0.03009017	      0.05444113
     34.26400000	      0.01631666	      0.03010782	      0.05436731
     34.26800000	      0.01634993	      0.03013850	      0.05450262
     34.27200000	      0.01637668	      0.03016315	      0.05438182
     34.27600000	      0.01639699	      0.03018185	      0.05432053
     34.28000000	      0.01640681	      0.03019088	      0.05428890
     34.28400000	      0.01641152	      0.03019521	      0.05426643
     34.28800000	      0.01641949	      0.03020255	      0.05424864
     34.29200000	      0.01643354	      0.03021547	      0.05422821
     34.29600000	      0.01645102	      0.03023153	      0.05433694
     34.30000000	      0.01646880	      0.03024786	      0.05418205
     34.30400000	      0.01649627	      0.03027308	      0.05415864
     34.30800000	      0.01651105	      0.03028664	      0.05414019
     34.31200000	      0.01309538	      0.02697260	      0.05469481
     34.31600000	      0.01311699	      0.02699485	      0.05467604
     34.32000000	      0.01313892	      0.02701740	      0.05467876
     34.32400000	      0.01316446	      0.02704365	      0.05466328
     34.32800000	      0.01654168	      0.03031472	      0.05416665
     34.33200000	      0.01661084	      0.03037802	      0.05429561
     34.33600000	      0.01646368	      0.03024316	      0.05407793
     34.34000000	      0.01620380	      0.03000352	      0.05405741
     34.34400000	      0.01614129	      0.02994559	      0.05398859
     34.34800000	      0.01612247	      0.02992812	      0.05409136
     34.35200000	      0.01611606	      0.02992218	      0.05396689
     34.35600000	      0.01616609	      0.02996859	      0.05410238
     34.36000000	      0.01632990	      0.03012004	      0.05408228
     34.36400000	      0.01609203	      0.02989986	      0.05426034
     34.36800000	      0.01609494	      0.02990256	      0.05425352
     34.37200000	      0.01614201	      0.02994625	      0.05426136
     34.37600000	      0.01646418	      0.03024362	      0.05423641
     34.38000000	      0.01650709	      0.03028301	      0.05431995
     34.38400000	      0.01649760	      0.03027430	      0.05408516
     34.38800000	      0.01648465	      0.03026242	      0.05423317
     34.39200000	      0.01648153	      0.03025956	      0.05438701
     34.39600000	      0.01647252	      0.03025128	      0.05427175
     34.40000000	      0.01645923	      0.03023907	      0.05425481
     34.40400000	      0.01647899	      0.03025722	      0.05426502
     34.40800000	      0.01642242	      0.03020524	      0.05412168
     34.41200000	      0.01948554	      0.03290182	      0.05432970
     34.41600000	      0.01684742	      0.03059359	      0.05401363
     34.42000000	      0.01701814	      0.03074821	      0.05416110
     34.42400000	      0.01704013	      0.03076807	      0.05425949
     34.42800000	      0.01430971	      0.02819546	      0.05302706
     34.43200000	      0.01433211	      0.02821752	      0.05312629
     34.43600000	      0.01435457	      0.02823962	      0.05321955
     34.44000000	      0.01668358	      0.03044447	      0.05410190
     34.44400000	      0.01678772	      0.03053934	      0.05400705
     34.44800000	      0.01678591	      0.03053769	      0.05388783
     34.45200000	      0.01675123	      0.03050613	      0.05392168
     34.45600000	      0.01682474	      0.03057299	      0.05390915
     34.46000000	      0.01685472	      0.03060021	      0.05374215
     34.46400000	      0.01689560	      0.03063730	      0.05381265
     34.46800000	      0.01691375	      0.03065375	      0.05385068
     34.47200000	      0.01692679	      0.03066557	      0.05391109
     34.47600000	      0.01693457	      0.03067262	      0.05392314
     34.48000000	      0.01689700	      0.03063858	      0.05396006
     34.48400000	      0.01684733	      0.03059351	      0.05397595
     34.48800000	      0.01693169	      0.03067001	      0.05400667
     34.49200000	      0.01696024	      0.03069585	      0.05401701
     34.49600000	      0.01698424	      0.03071757	      0.05403350
     34.50000000	      0.01696052	      0.03069611	      0.05399627
     34.50400000	      0.01687587	      0.03061941	      0.05401357
     34.50800000	      0.01686692	      0.03061129	      0.05404466
     34.51200000	      0.01688290	      0.03062579	      0.05401894
     34.51600000	      0.01683323	      0.03058070	      0.05385955
     34.52000000	      0.01674587	      0.03050125	      0.05382955
     34.52400000	      0.01674833	      0.03050349	      0.05381745
     34.52800000	      0.01679750	      0.03054824	      0.05381167
     34.53200000	      0.01688308	      0.03062595	      0.05380635
     34.53600000	      0.01695765	      0.03069351	      0.05379374
     34.54000000	      0.01699966	      0.03073150	      0.05378199
     34.54400000	      0.01700383	      0.03073528	      0.05377382
     34.54800000	      0.01700373	      0.03073518	      0.05355429
     34.55200000	      0.01701949	      0.03074942	      0.05360126
     34.55600000	      0.01703197	      0.03076070	      0.05364614
     34.56000000	      0.01705822	      0.03078440	      0.05367919
     34.56400000	      0.01709726	      0.03081960	      0.05371187
     34.56800000	      0.01713843	      0.03085668	      0.05347536
     34.57200000	      0.01718741	      0.03090075	      0.05352799
     34.57600000	      0.01727110	      0.03097588	      0.05360964
     34.58000000	      0.01736118	      0.03105656	      0.05346002
     34.58400000	      0.01732669	      0.03102570	      0.05355027
     34.58800000	      0.01734613	      0.03104310	      0.05363123
     34.59200000	      0.01736990	      0.03106436	      0.05370169
     34.59600000	      0.01740088	      0.03109205	      0.05376551
     34.60000000	      0.01743643	      0.03112380	      0.05360016
     34.60400000	      0.01747304	      0.03115645	      0.05370746
     34.60800000	      0.01750875	      0.03118827	      0.05379979
     34.61200000	      0.01757004	      0.03124281	      0.05397272
     34.61600000	      0.01766582	      0.03132786	      0.05398427
     34.62000000	      0.01771400	      0.03137054	      0.05433668
     34.62400000	      0.01774885	      0.03140139	      0.05440722
     34.62800000	      0.01778156	      0.03143031	      0.05450901
     34.63200000	      0.01781315	      0.03145822	      0.05456812
     34.63600000	      0.01784113	      0.03148292	      0.05488767
     34.64000000	      0.01789605	      0.03153133	      0.05490220
     34.64400000	      0.01807127	      0.03168532	      0.05530990
     34.64800000	      0.01829731	      0.03188287	      0.05635621
     34.65200000	      0.01840026	      0.03197244	      0.05658294
     34.65600000	      0.01848336	      0.03204455	      0.05665361
     34.66000000	      0.01852823	      0.03208342	      0.05677590
     34.66400000	      0.01857739	      0.03212596	      0.05683911
     34.66800000	      0.01852087	      0.03207706	      0.05716586
     34.67200000	      0.01831583	      0.03189900	      0.05725401
     34.67600000	      0.01829573	      0.03188149	      0.05735152
     34.68000000	      0.01834288	      0.03192254	      0.05746060
     34.68400000	      0.01836679	      0.03194334	      0.05767843
     34.68800000	      0.01837660	      0.03195187	      0.05779681
     34.69200000	      0.01838620	      0.03196022	      0.05799261
     34.69600000	      0.01839305	      0.03196617	      0.05806143
     34.70000000	      0.01840811	      0.03197925	      0.05826722
     34.70400000	      0.01842957	      0.03199789	      0.05830273
     34.70800000	      0.01845095	      0.03201645	      0.05839113
     34.71200000	      0.01847183	      0.03203456	      0.05854829
     34.71600000	      0.01848912	      0.03204955	      0.05860957
     34.72000000	      0.01853593	      0.03209009	      0.05868234
     34.72400000	      0.01858624	      0.03213361	      0.05866547
     34.72800000	      0.01852738	      0.03208269	      0.05900130
     34.73200000	      0.01852959	      0.03208460	      0.05903775
     34.73600000	      0.01856047	      0.03211132	      0.05909448
     34.74000000	      0.01858369	      0.03213141	      0.05917913
     34.74400000	      0.01860015	      0.03214563	      0.05925704
     34.74800000	      0.01860932	      0.03215356	      0.05947950
     34.75200000	      0.01861662	      0.03215986	      0.05951972
     34.75600000	      0.01861496	      0.03215843	      0.05956507
     34.76000000	      0.01862908	      0.03217062	      0.05960663
     34.76400000	      0.01864444	      0.03218388	      0.05967152
     34.76800000	      0.01866122	      0.03219836	      0.05982594
     34.77200000	      0.01867965	      0.03221426	      0.05983668
     34.77600000	      0.01869402	      0.03222665	      0.05985439
     34.78000000	      0.01871897	      0.03224814	      0.05990487
     34.78400000	      0.01873101	      0.03225851	      0.05993710
     34.78800000	      0.01873993	      0.03226619	      0.05998198
     34.79200000	      0.01874703	      0.03227230	      0.06005000
     34.79600000	      0.01875100	      0.03227572	      0.06005695
     34.80000000	      0.01874808	      0.03227321	      0.06010758
     34.80400000	      0.01873386	      0.03226097	      0.06020861
     34.80800000	      0.01872960	      0.03225730	      0.06017845
     34.81200000	      0.01872764	      0.03225561	      0.06021081
     34.81600000	      0.01872686	      0.03225494	      0.06009716
     34.82000000	      0.01871654	      0.03224605	      0.06023782
     34.82400000	      0.01871791	      0.03224723	      0.06018696
     34.82800000	      0.01874191	      0.03226790	      0.06018661
     34.83200000	      0.01873923	      0.03226559	      0.06008226
     34.83600000	      0.01872808	      0.03225599	      0.06023324
     34.84000000	      0.01873219	      0.03225953	      0.06032550
     34.84400000	      0.01872094	      0.03224984	      0.06025088
     34.84800000	      0.01871581	      0.03224542	      0.06033173
     34.85200000	      0.01872537	      0.03225366	      0.06028694
     34.85600000	      0.01874348	      0.03226925	      0.06037223
     34.86000000	      0.01874625	      0.03227164	      0.06043230
     34.86400000	      0.01875195	      0.03227654	      0.06032918
     34.86800000	      0.01875477	      0.03227897	      0.06047516
     34.87200000	      0.01874359	      0.03226934	      0.06037355
     34.87600000	      0.01873745	      0.03226406	      0.06045327
     34.88000000	      0.01874361	      0.03226936	      0.06040888
     34.88400000	      0.01872937	      0.03225710	      0.06051569
     34.88800000	      0.01872621	      0.03225438	      0.06041147
     34.89200000	      0.01871607	      0.03224565	      0.06041695
     34.89600000	      0.01870928	      0.03223980	      0.06049436
     34.90000000	      0.01873669	      0.03226340	      0.06048199
     34.90400000	      0.01873918	      0.03226555	      0.06044014
     34.90800000	      0.01873868	      0.03226512	      0.06051105
     34.91200000	      0.01874047	      0.03226666	      0.06047535
     34.91600000	      0.01874124	      0.03226732	      0.06049368
     34.92000000	      0.01874065	      0.03226681	      0.06050154
     34.92400000	      0.01873409	      0.03226117	      0.06050168
     34.92800000	      0.01871772	      0.03224707	      0.06048786
     34.93200000	      0.01871468	      0.03224445	      0.06050019
     34.93600000	      0.01871012	      0.03224052	      0.06025646
     34.94000000	      0.01871361	      0.03224353	      0.06029802
     34.94400000	      0.01872549	      0.03225376	      0.06029499
     34.94800000	      0.01873100	      0.03225850	      0.06034808
     34.95200000	      0.01874160	      0.03226763	      0.06031025
     34.95600000	      0.01874835	      0.03227344	      0.06012007
     34.96000000	      0.01874230	      0.03226824	      0.06020454
     34.96400000	      0.01873060	      0.03225816	      0.06010503
     34.96800000	      0.01872528	      0.03225358	      0.06020724
     34.97200000	      0.01871489	      0.03224463	      0.06014527
     34.97600000	      0.01870584	      0.03223683	      0.06022686
     34.98000000	      0.01867838	      0.03221316	      0.06011662
     34.98400000	      0.01867219	      0.03220783	      0.06020268
     34.98800000	      0.01866494	      0.03220157	      0.06006496
     34.99200000	      0.01866996	      0.03220590	      0.06008244
     34.99600000	      0.01866478	      0.03220144	      0.06018015
     35.00000000	      0.01866729	      0.03220359	      0.06006065
     35.00400000	      0.01863613	      0.03217671	      0.05996996
     35.00800000	      0.01858283	      0.03213066	      0.05977980
     35.01200000	      0.01856365	      0.03211407	      0.05975527
     35.01600000	      0.01857043	      0.03211994	      0.05971305
     35.02000000	      0.01857303	      0.03212219	      0.05965775
     35.02400000	      0.01857694	      0.03212557	      0.05966647
     35.02800000	      0.01857758	      0.03212612	      0.05964511
     35.03200000	      0.01857821	      0.03212667	      0.05960155
     35.03600000	      0.01858195	      0.03212990	      0.05961551
     35.04000000	      0.01859010	      0.03213694	      0.05952393
     35.04400000	      0.01862734	      0.03216912	      0.05949245
     35.04800000	      0.01871053	      0.03224087	      0.05940111
     35.05200000	      0.01873430	      0.03226135	      0.05933103
     35.05600000	      0.01871443	      0.03224423	      0.05934649
     35.06000000	      0.01865465	      0.03219269	      0.05933833
     35.06400000	      0.01864608	      0.03218530	      0.05934207
     35.06800000	      0.01864381	      0.03218334	      0.05930653
     35.07200000	      0.01863701	      0.03217747	      0.05928143
     35.07600000	      0.01863489	      0.03217564	      0.05953229
     35.08000000	      0.01864255	      0.03218225	      0.05922510
     35.08400000	      0.01866904	      0.03220511	      0.05933110
     35.08800000	      0.01865906	      0.03219650	      0.05927782
     35.09200000	      0.01867383	      0.03220923	      0.05931636
     35.09600000	      0.01867891	      0.03221362	      0.05923611
     35.10000000	      0.01864824	      0.03218716	      0.05913326
     35.10400000	      0.01862839	      0.03217003	      0.05914685
     35.10800000	      0.01867033	      0.03220622	      0.05916198
     35.11200000	      0.01869900	      0.03223094	      0.05918146
     35.11600000	      0.01863673	      0.03217723	      0.05915545
     35.12000000	      0.01870076	      0.03223246	      0.05918048
     35.12400000	      0.01866889	      0.03220497	      0.05910454
     35.12800000	      0.01858546	      0.03213294	      0.05893960
     35.13200000	      0.01859735	      0.03214322	      0.05890331
     35.13600000	      0.01861039	      0.03215448	      0.05880175
     35.14000000	      0.01862008	      0.03216285	      0.05874296
     35.14400000	      0.01862750	      0.03216926	      0.05865005
     35.14800000	      0.01861058	      0.03215465	      0.05868525
     35.15200000	      0.01859748	      0.03214333	      0.05841782
     35.15600000	      0.01858786	      0.03213501	      0.05837964
     35.16000000	      0.01858023	      0.03212841	      0.05832648
     35.16400000	      0.01857503	      0.03212392	      0.05826175
     35.16800000	      0.01858035	      0.03212852	      0.05819216
     35.17200000	      0.01864303	      0.03218266	      0.05820143
     35.17600000	      0.01869303	      0.03222579	      0.05820510
     35.18000000	      0.01862193	      0.03216445	      0.05803053
     35.18400000	      0.01859957	      0.03214513	      0.05801389
     35.18800000	      0.01857767	      0.03212620	      0.05760483
     35.19200000	      0.01856842	      0.03211820	      0.05756291
     35.19600000	      0.01856175	      0.03211243	      0.05747672
     35.20000000	      0.01854580	      0.03209863	      0.05735267
     35.20400000	      0.01852507	      0.03208069	      0.05710651
     35.20800000	      0.01850987	      0.03206753	      0.05705533
     35.21200000	      0.01851061	      0.03206816	      0.05705022
     35.21600000	      0.01854041	      0.03209397	      0.05714025
     35.22000000	      0.01858305	      0.03213086	      0.05719218
     35.22400000	      0.01855055	      0.03210274	      0.05697107
     35.22800000	      0.01861347	      0.03215714	      0.05702806
     35.23200000	      0.01860897	      0.03215325	      0.05696798
     35.23600000	      0.01855281	      0.03210470	      0.05665173
     35.24000000	      0.01855093	      0.03210307	      0.05645993
     35.24400000	      0.01875244	      0.03227696	      0.05630776
     35.24800000	      0.01878214	      0.03230251	      0.05620229
     35.25200000	      0.01876650	      0.03228906	      0.05593375
     35.25600000	      0.01874224	      0.03226818	      0.05589835
     35.26000000	      0.01871638	      0.03224591	      0.05573005
     35.26400000	      0.01865614	      0.03219398	      0.05556535
     35.26800000	      0.01857716	      0.03212576	      0.05568969
     35.27200000	      0.01853465	      0.03208898	      0.05569011
     35.27600000	      0.01852075	      0.03207695	      0.05570697
     35.28000000	      0.01860405	      0.03214900	      0.05572238
     35.28400000	      0.01861045	      0.03215453	      0.05569936
     35.28800000	      0.01858587	      0.03213329	      0.05554210
     35.29200000	      0.01858295	      0.03213077	      0.05519305
     35.29600000	      0.01852642	      0.03208186	      0.05498941
     35.30000000	      0.01847816	      0.03204005	      0.05487091
     35.30400000	      0.01848629	      0.03204709	      0.05479337
     35.30800000	      0.01837668	      0.03195195	      0.05460703
     35.31200000	      0.01833970	      0.03191978	      0.05451160
     35.31600000	      0.01828112	      0.03186876	      0.05435947
     35.32000000	      0.01817556	      0.03177662	      0.05387241
     35.32400000	      0.01814104	      0.03174642	      0.05381654
     35.32800000	      0.01815919	      0.03176230	      0.05353359
     35.33200000	      0.01819808	      0.03179630	      0.05342811
     35.33600000	      0.01815730	      0.03176065	      0.05344978
     35.34000000	      0.01813688	      0.03174278	      0.05335531
     35.34400000	      0.01808409	      0.03169655	      0.05331281
     35.34800000	      0.01797598	      0.03160167	      0.05328988
     35.35200000	      0.01792732	      0.03155887	      0.05341431
     35.35600000	      0.01789045	      0.03152640	      0.05334594
     35.36000000	      0.01786602	      0.03150487	      0.05344218
     35.36400000	      0.01788383	      0.03152057	      0.05339363
     35.36800000	      0.01797020	      0.03159659	      0.05337721
     35.37200000	      0.01802213	      0.03164221	      0.05336811
     35.37600000	      0.01804425	      0.03166162	      0.05379472
     35.38000000	      0.01804131	      0.03165904	      0.05373135
     35.38400000	      0.01802177	      0.03164190	      0.05379345
     35.38800000	      0.01800001	      0.03162279	      0.05369645
     35.39200000	      0.01798946	      0.03161352	      0.05368319
     35.39600000	      0.01796457	      0.03159164	      0.05364581
     35.40000000	      0.01787596	      0.03151363	      0.05361754
     35.40400000	      0.01772490	      0.03138020	      0.05354860
     35.40800000	      0.01767152	      0.03133291	      0.05345428
     35.41200000	      0.01767064	      0.03133213	      0.05316780
     35.41600000	      0.01771941	      0.03137533	      0.05346607
     35.42000000	      0.01775541	      0.03140719	      0.05333067
     35.42400000	      0.01779464	      0.03144187	      0.05325881
     35.42800000	      0.01773378	      0.03138805	      0.05351859
     35.43200000	      0.01763088	      0.03129686	      0.05338491
     35.43600000	      0.01785435	      0.03149458	      0.05352634
     35.44000000	      0.01852442	      0.03208013	      0.05622000
     35.44400000	      0.01865006	      0.03218873	      0.05716373
     35.44800000	      0.01858848	      0.03213555	      0.05699353
     35.45200000	      0.01851909	      0.03207551	      0.05643419
     35.45600000	      0.01846615	      0.03202963	      0.05625180
     35.46000000	      0.01750881	      0.03118832	      0.05372948
     35.46400000	      0.01745846	      0.03114345	      0.05361989
     35.46800000	      0.01742047	      0.03110955	      0.05366007
     35.47200000	      0.01750809	      0.03118769	      0.05370863
     35.47600000	      0.01752791	      0.03120533	      0.05385763
     35.48000000	      0.01753154	      0.03120856	      0.05385140
     35.48400000	      0.01752455	      0.03120234	      0.05385155
     35.48800000	      0.01741695	      0.03110640	      0.05376738
     35.49200000	      0.01737662	      0.03107037	      0.05370354
     35.49600000	      0.01729965	      0.03100148	      0.05367765
     35.50000000	      0.01716236	      0.03087822	      0.05382425
     35.50400000	      0.01712391	      0.03084362	      0.05365905
     35.50800000	      0.01708957	      0.03081267	      0.05376503
     35.51200000	      0.01706334	      0.03078901	      0.05361345
     35.51600000	      0.01704859	      0.03077570	      0.05377995
     35.52000000	      0.01705876	      0.03078488	      0.05364360
     35.52400000	      0.01705455	      0.03078108	      0.05395643
     35.52800000	      0.01703190	      0.03076064	      0.05387302
     35.53200000	      0.01700535	      0.03073665	      0.05387680
     35.53600000	      0.01699448	      0.03072682	      0.05387039
     35.54000000	      0.01696580	      0.03070089	      0.05404801
     35.54400000	      0.01695385	      0.03069007	      0.05386818
     35.54800000	      0.01693492	      0.03067293	      0.05376536
     35.55200000	      0.01690329	      0.03064428	      0.05384412
     35.55600000	      0.01688515	      0.03062783	      0.05373306
     35.56000000	      0.01687251	      0.03061636	      0.05368486
     35.56400000	      0.01684661	      0.03059285	      0.05388976
     35.56800000	      0.01682260	      0.03057104	      0.05375128
     35.57200000	      0.01679487	      0.03054584	      0.05394696
     35.57600000	      0.01678273	      0.03053480	      0.05382364
     35.58000000	      0.01675798	      0.03051227	      0.05391189
     35.58400000	      0.01673890	      0.03049490	      0.05378922
     35.58800000	      0.01676899	      0.03052229	      0.05375161
     35.59200000	      0.01683840	      0.03058540	      0.05397049
     35.59600000	      0.01687637	      0.03061987	      0.05387784
     35.60000000	      0.01696031	      0.03069592	      0.05394765
     35.60400000	      0.01698785	      0.03072083	      0.05402774
     35.60800000	      0.01693065	      0.03066906	      0.05413490
     35.61200000	      0.01691715	      0.03065683	      0.05451909
     35.61600000	      0.01697109	      0.03070567	      0.05487116
     35.62000000	      0.01672213	      0.03047962	      0.05433446
     35.62400000	      0.01654378	      0.03031664	      0.05410856
     35.62800000	      0.01647402	      0.03025266	      0.05421283
     35.63200000	      0.01648957	      0.03026693	      0.05414665
     35.63600000	      0.01651508	      0.03029034	      0.05415789
     35.64000000	      0.01643659	      0.03021827	      0.05444457
     35.64400000	      0.01639721	      0.03018205	      0.05437903
     35.64800000	      0.01636382	      0.03015130	      0.05418580
     35.65200000	      0.01634852	      0.03013720	      0.05412675
     35.65600000	      0.01634202	      0.03013121	      0.05402322
     35.66000000	      0.01632261	      0.03011331	      0.05418973
     35.66400000	      0.01632176	      0.03011253	      0.05410049
     35.66800000	      0.01629950	      0.03009199	      0.05421261
     35.67200000	      0.01627495	      0.03006932	      0.05412150
     35.67600000	      0.01626927	      0.03006407	      0.05424265
     35.68000000	      0.01626461	      0.03005977	      0.05431735
     35.68400000	      0.01623885	      0.03003595	      0.05436124
     35.68800000	      0.01619953	      0.02999957	      0.05440672
     35.69200000	      0.01617104	      0.02997318	      0.05463337
     35.69600000	      0.01615060	      0.02995423	      0.05466615
     35.70000000	      0.01612591	      0.02993132	      0.05462495
     35.70400000	      0.01610048	      0.02990771	      0.05462797
     35.70800000	      0.01607225	      0.02988148	      0.05458819
     35.71200000	      0.01604709	      0.02985808	      0.05459847
     35.71600000	      0.01601227	      0.02982567	      0.05457225
     35.72000000	      0.01597323	      0.02978929	      0.05448312
     35.72400000	      0.01595000	      0.02976762	      0.05462106
     35.72800000	      0.01593040	      0.02974932	      0.05472913
     35.73200000	      0.01594498	      0.02976293	      0.05475841
     35.73600000	      0.01602156	      0.02983432	      0.05483332
     35.74000000	      0.01603958	      0.02985110	      0.05490130
     35.74400000	      0.01597564	      0.02979153	      0.05488764
     35.74800000	      0.01585883	      0.02968242	      0.05480239
     35.75200000	      0.01581430	      0.02964071	      0.05482482
     35.75600000	      0.01579166	      0.02961949	      0.05482521
     35.76000000	      0.01577912	      0.02960773	      0.05480934
     35.76400000	      0.01575789	      0.02958780	      0.05488547
     35.76800000	      0.01572829	      0.02956000	      0.05488927
     35.77200000	      0.01576059	      0.02959034	      0.05495547
     35.77600000	      0.01584524	      0.02966970	      0.05507199
     35.78000000	      0.01589927	      0.02972025	      0.05507823
     35.78400000	      0.01600470	      0.02981862	      0.05527450
     35.78800000	      0.01596801	      0.02978442	      0.05522502
     35.79200000	      0.01583838	      0.02966327	      0.05518177
     35.79600000	      0.01582971	      0.02965516	      0.05514197
     35.80000000	      0.01590048	      0.02972137	      0.05519953
     35.80400000	      0.01587383	      0.02969646	      0.05523627
     35.80800000	      0.01580690	      0.02963378	      0.05524494
     35.81200000	      0.01581886	      0.02964499	      0.05528611
     35.81600000	      0.01572910	      0.02956077	      0.05519805
     35.82000000	      0.01566226	      0.02949789	      0.05517694
     35.82400000	      0.01554891	      0.02939096	      0.05511788
     35.82800000	      0.01550360	      0.02934810	      0.05517137
     35.83200000	      0.01547605	      0.02932201	      0.05516656
     35.83600000	      0.01545516	      0.02930221	      0.05517421
     35.84000000	      0.01543465	      0.02928277	      0.05514700
     35.84400000	      0.01541234	      0.02926160	      0.05507041
     35.84800000	      0.01539370	      0.02924389	      0.05506853
     35.85200000	      0.01537618	      0.02922725	      0.05509677
     35.85600000	      0.01535830	      0.02921026	      0.05516548
     35.86000000	      0.01533312	      0.02918630	      0.05506051
     35.86400000	      0.01531221	      0.02916639	      0.05505562
     35.86800000	      0.01529908	      0.02915388	      0.05492875
     35.87200000	      0.01531045	      0.02916471	      0.05495440
     35.87600000	      0.01530222	      0.02915688	      0.05490746
     35.88000000	      0.01528525	      0.02914070	      0.05496497
     35.88400000	      0.01525355	      0.02911047	      0.05479467
     35.88800000	      0.01522434	      0.02908259	      0.05481830
     35.89200000	      0.01520499	      0.02906410	      0.05481716
     35.89600000	      0.01522625	      0.02908441	      0.05485093
     35.90000000	      0.01529135	      0.02914652	      0.05499864
     35.90400000	      0.01528805	      0.02914338	      0.05484703
     35.90800000	      0.01532207	      0.02917578	      0.05493014
     35.91200000	      0.01540209	      0.02925187	      0.05512870
     35.91600000	      0.01540879	      0.02925823	      0.05517335
     35.92000000	      0.01539787	      0.02924786	      0.05500383
     35.92400000	      0.01534190	      0.02919466	      0.05523359
     35.92800000	      0.01523456	      0.02909235	      0.05499929
     35.93200000	      0.01517222	      0.02903276	      0.05521349
     35.93600000	      0.01511490	      0.02897786	      0.05522125
     35.94000000	      0.01501102	      0.02887811	      0.05511157
     35.94400000	      0.01495955	      0.02882857	      0.05496117
     35.94800000	      0.01491565	      0.02878623	      0.05482571
     35.95200000	      0.01488535	      0.02875698	      0.05483060
     35.95600000	      0.01486511	      0.02873742	      0.05471404
     35.96000000	      0.01484899	      0.02872184	      0.05467115
     35.96400000	      0.01484149	      0.02871459	      0.05484199
     35.96800000	      0.01485878	      0.02873130	      0.05487574
     35.97200000	      0.01484297	      0.02871601	      0.05465282
     35.97600000	      0.01482416	      0.02869781	      0.05486615
     35.98000000	      0.01481046	      0.02868455	      0.05474042
     35.98400000	      0.01479995	      0.02867437	      0.05473665
     35.98800000	      0.01477984	      0.02865488	      0.05493585
     35.99200000	      0.01476676	      0.02864220	      0.05482790
     35.99600000	      0.01476257	      0.02863813	      0.05478411
     36.00000000	      0.01478342	      0.02865835	      0.05491009
     36.00400000	      0.01479065	      0.02866536	      0.05502888
     36.00800000	      0.01479020	      0.02866492	      0.05490150
     36.01200000	      0.01477439	      0.02864960	      0.05497082
     36.01600000	      0.01475222	      0.02862810	      0.05489837
     36.02000000	      0.01474468	      0.02862078	      0.05497641
     36.02400000	      0.01473670	      0.02861303	      0.05507018
     36.02800000	      0.01472633	      0.02860297	      0.05493151
     36.03200000	      0.01472054	      0.02859734	      0.05498984
     36.03600000	      0.01470876	      0.02858590	      0.05506633
     36.04000000	      0.01469598	      0.02857347	      0.05509531
     36.04400000	      0.01468740	      0.02856513	      0.05485617
     36.04800000	      0.01467931	      0.02855726	      0.05491548
     36.05200000	      0.01466136	      0.02853980	      0.05506292
     36.05600000	      0.01464132	      0.02852028	      0.05492435
     36.06000000	      0.01461577	      0.02849539	      0.05495257
     36.06400000	      0.01462825	      0.02850756	      0.05502152
     36.06800000	      0.01466401	      0.02854238	      0.05508981
     36.07200000	      0.01459428	      0.02847443	      0.05507656
     36.07600000	      0.01456543	      0.02844628	      0.05508268
     36.08000000	      0.01458746	      0.02846778	      0.05492429
     36.08400000	      0.01469238	      0.02856998	      0.05503888
     36.08800000	      0.01479285	      0.02866749	      0.05496260
     36.09200000	      0.01481546	      0.02868939	      0.05502199
     36.09600000	      0.01481204	      0.02868608	      0.05512748
     36.10000000	      0.01479951	      0.02867394	      0.05522701
     36.10400000	      0.01471145	      0.02858851	      0.05501415
     36.10800000	      0.01453544	      0.02841697	      0.05486538
     36.11200000	      0.01448670	      0.02836930	      0.05487925
     36.11600000	      0.01447248	      0.02835537	      0.05485966
     36.12000000	      0.01445469	      0.02833793	      0.05512209
     36.12400000	      0.01444752	      0.02833090	      0.05511067
     36.12800000	      0.01443921	      0.02832275	      0.05506012
     36.13200000	      0.01443292	      0.02831659	      0.05504536
     36.13600000	      0.01442872	      0.02831246	      0.05504967
     36.14000000	      0.01442513	      0.02830894	      0.05504318
     36.14400000	      0.01441563	      0.02829962	      0.05517792
     36.14800000	      0.01441077	      0.02829485	      0.05516454
     36.15200000	      0.01441016	      0.02829424	      0.05509299
     36.15600000	      0.01441261	      0.02829665	      0.05509314
     36.16000000	      0.01440744	      0.02829158	      0.05509557
     36.16400000	      0.01441865	      0.02830258	      0.05506198
     36.16800000	      0.01443946	      0.02832300	      0.05499966
     36.17200000	      0.01443978	      0.02832331	      0.05493375
     36.17600000	      0.01442967	      0.02831339	      0.05526621
     36.18000000	      0.01442809	      0.02831184	      0.05525994
     36.18400000	      0.01441729	      0.02830125	      0.05515208
     36.18800000	      0.01441495	      0.02829895	      0.05515459
     36.19200000	      0.01441671	      0.02830068	      0.05516534
     36.19600000	      0.01440817	      0.02829229	      0.05514723
     36.20000000	      0.01440732	      0.02829146	      0.05514743
     36.20400000	      0.01440926	      0.02829336	      0.05512152
     36.20800000	      0.01440949	      0.02829359	      0.05517537
     36.21200000	      0.01441243	      0.02829648	      0.05517746
     36.21600000	      0.01445864	      0.02834180	      0.05521625
     36.22000000	      0.01451613	      0.02839809	      0.05526093
     36.22400000	      0.01449662	      0.02837900	      0.05525068
     36.22800000	      0.01457155	      0.02845225	      0.05528721
     36.23200000	      0.01464275	      0.02852167	      0.05534094
     36.23600000	      0.01468778	      0.02856550	      0.05539673
     36.24000000	      0.01463176	      0.02851097	      0.05535173
     36.24400000	      0.01465482	      0.02853343	      0.05540855
     36.24800000	      0.01473221	      0.02860867	      0.05548097
     36.25200000	      0.01471418	      0.02859116	      0.05544135
     36.25600000	      0.01467605	      0.02855409	      0.05550024
     36.26000000	      0.01468847	      0.02856617	      0.05556118
     36.26400000	      0.01462503	      0.02850441	      0.05552820
     36.26800000	      0.01462279	      0.02850223	      0.05550891
     36.27200000	      0.01461101	      0.02849075	      0.05554725
     36.27600000	      0.01461332	      0.02849300	      0.05552545
     36.28000000	      0.01454587	      0.02842717	      0.05545455
     36.28400000	      0.01445669	      0.02833990	      0.05547111
     36.28800000	      0.01442306	      0.02830691	      0.05538627
     36.29200000	      0.01444261	      0.02832609	      0.05539882
     36.29600000	      0.01444280	      0.02832628	      0.05537035
     36.30000000	      0.01442107	      0.02830496	      0.05538932
     36.30400000	      0.01441644	      0.02830042	      0.05539078
     36.30800000	      0.01441638	      0.02830036	      0.05540164
     36.31200000	      0.01441558	      0.02829957	      0.05539184
     36.31600000	      0.01441523	      0.02829922	      0.05539787
     36.32000000	      0.01441215	      0.02829620	      0.05539592
     36.32400000	      0.01441417	      0.02829819	      0.05541381
     36.32800000	      0.01441627	      0.02830024	      0.05539612
     36.33200000	      0.01441751	      0.02830146	      0.05540966
     36.33600000	      0.01441702	      0.02830098	      0.05539117
     36.34000000	      0.01441730	      0.02830126	      0.05540226
     36.34400000	      0.01441811	      0.02830205	      0.05538334
     36.34800000	      0.01441816	      0.02830210	      0.05539366
     36.35200000	      0.01445599	      0.02833921	      0.05541080
     36.35600000	      0.01451445	      0.02839645	      0.05542545
     36.36000000	      0.01447147	      0.02835437	      0.05533139
     36.36400000	      0.01445334	      0.02833660	      0.05536649
     36.36800000	      0.01444085	      0.02832436	      0.05529457
     36.37200000	      0.01444455	      0.02832799	      0.05531941
     36.37600000	      0.01444361	      0.02832706	      0.05528071
     36.38000000	      0.01444731	      0.02833069	      0.05530641
     36.38400000	      0.01444282	      0.02832629	      0.05526388
     36.38800000	      0.01444885	      0.02833220	      0.05529852
     36.39200000	      0.01446480	      0.02834784	      0.05527138
     36.39600000	      0.01446943	      0.02835237	      0.05528658
     36.40000000	      0.01447311	      0.02835598	      0.05533248
     36.40400000	      0.01447655	      0.02835936	      0.05541482
     36.40800000	      0.01447047	      0.02835339	      0.05535426
     36.41200000	      0.01447058	      0.02835350	      0.05538152
     36.41600000	      0.01447268	      0.02835556	      0.05533667
     36.42000000	      0.01447513	      0.02835796	      0.05533630
     36.42400000	      0.01446978	      0.02835272	      0.05523377
     36.42800000	      0.01447250	      0.02835539	      0.05524695
     36.43200000	      0.01451826	      0.02840017	      0.05526581
     36.43600000	      0.01461792	      0.02849749	      0.05530335
     36.44000000	      0.01464598	      0.02852482	      0.05532690
     36.44400000	      0.01465277	      0.02853144	      0.05543957
     36.44800000	      0.01465904	      0.02853754	      0.05540206
     36.45200000	      0.01467035	      0.02854854	      0.05537965
     36.45600000	      0.01466822	      0.02854647	      0.05526309
     36.46000000	      0.01466607	      0.02854438	      0.05526828
     36.46400000	      0.01467103	      0.02854920	      0.05530649
     36.46800000	      0.01467296	      0.02855109	      0.05525418
     36.47200000	      0.01470772	      0.02858488	      0.05530610
     36.47600000	      0.01475146	      0.02862736	      0.05543591
     36.48000000	      0.01465678	      0.02853534	      0.05539062
     36.48400000	      0.01458983	      0.02847009	      0.05542254
     36.48800000	      0.01462317	      0.02850260	      0.05523429
     36.49200000	      0.01455484	      0.02843593	      0.05524997
     36.49600000	      0.01454384	      0.02842519	      0.05537353
     36.50000000	      0.01454305	      0.02842442	      0.05536739
     36.50400000	      0.01453414	      0.02841571	      0.05522646
     36.50800000	      0.01453821	      0.02841968	      0.05524731
     36.51200000	      0.01454406	      0.02842540	      0.05538721
     36.51600000	      0.01455208	      0.02843323	      0.05535650
     36.52000000	      0.01460147	      0.02848144	      0.05521470
     36.52400000	      0.01471677	      0.02859368	      0.05527104
     36.52800000	      0.01475446	      0.02863027	      0.05539959
     36.53200000	      0.01472437	      0.02860106	      0.05519141
     36.53600000	      0.01463136	      0.02851059	      0.05530509
     36.54000000	      0.01461756	      0.02849713	      0.05528354
     36.54400000	      0.01460848	      0.02848829	      0.05533163
     36.54800000	      0.01461088	      0.02849062	      0.05537385
     36.55200000	      0.01462727	      0.02850660	      0.05534049
     36.55600000	      0.01464055	      0.02851953	      0.05545211
     36.56000000	      0.01472111	      0.02859789	      0.05528369
     36.56400000	      0.01491604	      0.02878661	      0.05556894
     36.56800000	      0.01495683	      0.02882595	      0.05562113
     36.57200000	      0.01496731	      0.02883604	      0.05564744
     36.57600000	      0.01498136	      0.02884957	      0.05541238
     36.58000000	      0.01496763	      0.02883635	      0.05556753
     36.58400000	      0.01489939	      0.02877054	      0.05551591
     36.58800000	      0.01484627	      0.02871921	      0.05529595
     36.59200000	      0.01475940	      0.02863506	      0.05546832
     36.59600000	      0.01473208	      0.02860854	      0.05525399
     36.60000000	      0.01473425	      0.02861066	      0.05538525
     36.60400000	      0.01478780	      0.02866260	      0.05537707
     36.60800000	      0.01490314	      0.02877416	      0.05517980
     36.61200000	      0.01494769	      0.02881714	      0.05522630
     36.61600000	      0.01496947	      0.02883812	      0.05529860
     36.62000000	      0.01498561	      0.02885366	      0.05533776
     36.62400000	      0.01500387	      0.02887123	      0.05514608
     36.62800000	      0.01502651	      0.02889301	      0.05528162
     36.63200000	      0.01503973	      0.02890572	      0.05517009
     36.63600000	      0.01500875	      0.02887593	      0.05527890
     36.64000000	      0.01490990	      0.02878069	      0.05511036
     36.64400000	      0.01487271	      0.02874477	      0.05535490
     36.64800000	      0.01491688	      0.02878742	      0.05521768
     36.65200000	      0.01502215	      0.02888882	      0.05513800
     36.65600000	      0.01507259	      0.02893728	      0.05526080
     36.66000000	      0.01510077	      0.02896431	      0.05511309
     36.66400000	      0.01517162	      0.02903218	      0.05531148
     36.66800000	      0.01525044	      0.02910750	      0.05517658
     36.67200000	      0.01519107	      0.02905079	      0.05512094
     36.67600000	      0.01517718	      0.02903751	      0.05511905
     36.68000000	      0.01523626	      0.02909397	      0.05489130
     36.68400000	      0.01536194	      0.02921371	      0.05528419
     36.68800000	      0.01541334	      0.02926254	      0.05538762
     36.69200000	      0.01545096	      0.02929824	      0.05557171
     36.69600000	      0.01547454	      0.02932058	      0.05566399
     36.70000000	      0.01549809	      0.02934288	      0.05562017
     36.70400000	      0.01548269	      0.02932831	      0.05544381
     36.70800000	      0.01544539	      0.02929296	      0.05533802
     36.71200000	      0.01546334	      0.02930998	      0.05518347
     36.71600000	      0.01544957	      0.02929692	      0.05527949
     36.72000000	      0.01549326	      0.02933831	      0.05552679
     36.72400000	      0.01547526	      0.02932127	      0.05546248
     36.72800000	      0.01552798	      0.02937117	      0.05594637
     36.73200000	      0.01552386	      0.02936727	      0.05575711
     36.73600000	      0.01549800	      0.02934280	      0.05548976
     36.74000000	      0.01556298	      0.02940425	      0.05596600
     36.74400000	      0.01558929	      0.02942910	      0.05626199
     36.74800000	      0.01561090	      0.02944948	      0.05633952
     36.75200000	      0.01562827	      0.02946587	      0.05637861
     36.75600000	      0.01564802	      0.02948448	      0.05635807
     36.76000000	      0.01567473	      0.02950963	      0.05646613
     36.76400000	      0.01570205	      0.02953533	      0.05647581
     36.76800000	      0.01572332	      0.02955533	      0.05636002
     36.77200000	      0.01576571	      0.02959515	      0.05628610
     36.77600000	      0.01574060	      0.02957157	      0.05629093
     36.78000000	      0.01566005	      0.02949581	      0.05624575
     36.78400000	      0.01569248	      0.02952633	      0.05618082
     36.78800000	      0.01578357	      0.02961191	      0.05632594
     36.79200000	      0.01580548	      0.02963245	      0.05632571
     36.79600000	      0.01583209	      0.02965738	      0.05636601
     36.80000000	      0.01584710	      0.02967144	      0.05635332
     36.80400000	      0.01585029	      0.02967442	      0.05637816
     36.80800000	      0.01579690	      0.02962441	      0.05636848
     36.81200000	      0.01574654	      0.02957715	      0.05625724
     36.81600000	      0.01582619	      0.02965186	      0.05630667
     36.82000000	      0.01584292	      0.02966753	      0.05612308
     36.82400000	      0.01594658	      0.02976443	      0.05618765
     36.82800000	      0.01606691	      0.02987651	      0.05628595
     36.83200000	      0.01589819	      0.02971923	      0.05601910
     36.83600000	      0.01582279	      0.02964867	      0.05543515
     36.84000000	      0.01581712	      0.02964336	      0.05539954
     36.84400000	      0.01582770	      0.02965327	      0.05534610
     36.84800000	      0.01581600	      0.02964231	      0.05504165
     36.85200000	      0.01581156	      0.02963815	      0.05505997
     36.85600000	      0.01580502	      0.02963202	      0.05498089
     36.86000000	      0.01581271	      0.02963923	      0.05493607
     36.86400000	      0.01581853	      0.02964469	      0.05490632
     36.86800000	      0.01582828	      0.02965382	      0.05484536
     36.87200000	      0.01584209	      0.02966675	      0.05480774
     36.87600000	      0.01585579	      0.02967958	      0.05482117
     36.88000000	      0.01587123	      0.02969402	      0.05479065
     36.88400000	      0.01589154	      0.02971301	      0.05480884
     36.88800000	      0.01590997	      0.02973024	      0.05481220
     36.89200000	      0.01591628	      0.02973613	      0.05478654
     36.89600000	      0.01591381	      0.02973382	      0.05481194
     36.90000000	      0.01593607	      0.02975462	      0.05477086
     36.90400000	      0.01594476	      0.02976273	      0.05475683
     36.90800000	      0.01594016	      0.02975843	      0.05472431
     36.91200000	      0.01595298	      0.02977040	      0.05470036
     36.91600000	      0.01596901	      0.02978536	      0.05471405
     36.92000000	      0.01605584	      0.02986622	      0.05470728
     36.92400000	      0.01624563	      0.03004222	      0.05487570
     36.92800000	      0.01629752	      0.03009016	      0.05466503
     36.93200000	      0.01624449	      0.03004117	      0.05468254
     36.93600000	      0.01609661	      0.02990412	      0.05478014
     36.94000000	      0.01607275	      0.02988194	      0.05467741
     36.94400000	      0.01607889	      0.02988765	      0.05464175
     36.94800000	      0.01609291	      0.02990068	      0.05479718
     36.95200000	      0.01617266	      0.02997467	      0.05465959
     36.95600000	      0.01640016	      0.03018476	      0.05461082
     36.96000000	      0.01651977	      0.03029464	      0.05459965
     36.96400000	      0.01635356	      0.03014185	      0.05470731
     36.96800000	      0.01621694	      0.03001568	      0.05465912
     36.97200000	      0.01621440	      0.03001333	      0.05474531
     36.97600000	      0.01627142	      0.03006606	      0.05462681
     36.98000000	      0.01628392	      0.03007761	      0.05472035
     36.98400000	      0.01628221	      0.03007602	      0.05458491
     36.98800000	      0.01624054	      0.03003751	      0.05472116
     36.99200000	      0.01615646	      0.02995965	      0.05465902
     36.99600000	      0.01614213	      0.02994637	      0.05474797
     37.00000000	      0.01617054	      0.02997271	      0.05482956
     37.00400000	      0.01621582	      0.03001465	      0.05471789
     37.00800000	      0.01624360	      0.03004035	      0.05481633
     37.01200000	      0.01626009	      0.03005559	      0.05462045
     37.01600000	      0.01633057	      0.03012066	      0.05466610
     37.02000000	      0.01642590	      0.03020844	      0.05468926
     37.02400000	      0.01641088	      0.03019463	      0.05451992
     37.02800000	      0.01635600	      0.03014410	      0.05458593
     37.03200000	      0.01635790	      0.03014585	      0.05448863
     37.03600000	      0.01637528	      0.03016186	      0.05456787
     37.04000000	      0.01639418	      0.03017926	      0.05456283
     37.04400000	      0.01644082	      0.03022216	      0.05441665
     37.04800000	      0.01651268	      0.03028813	      0.05445488
     37.05200000	      0.01656828	      0.03033908	      0.05450707
     37.05600000	      0.01670067	      0.03046005	      0.05435883
     37.06000000	      0.01688873	      0.03063108	      0.05449788
     37.06400000	      0.01694437	      0.03068149	      0.05437386
     37.06800000	      0.01695111	      0.03068759	      0.05444694
     37.07200000	      0.01680689	      0.03055677	      0.05443233
     37.07600000	      0.01676955	      0.03052281	      0.05438036
     37.08000000	      0.01681351	      0.03056279	      0.05430859
     37.08400000	      0.01684767	      0.03059382	      0.05423696
     37.08800000	      0.01687357	      0.03061732	      0.05428636
     37.09200000	      0.01689385	      0.03063572	      0.05419426
     37.09600000	      0.01690574	      0.03064650	      0.05425865
     37.10000000	      0.01692818	      0.03066683	      0.05418679
     37.10400000	      0.01695857	      0.03069434	      0.05429519
     37.10800000	      0.01700564	      0.03073692	      0.05421417
     37.11200000	      0.01703713	      0.03076536	      0.05426269
     37.11600000	      0.01706045	      0.03078640	      0.05431133
     37.12000000	      0.01708241	      0.03080622	      0.05423388
     37.12400000	      0.01711421	      0.03083487	      0.05426340
     37.12800000	      0.01715113	      0.03086811	      0.05428097
     37.13200000	      0.01720470	      0.03091629	      0.05415985
     37.13600000	      0.01730247	      0.03100401	      0.05420550
     37.14000000	      0.01739622	      0.03108788	      0.05424683
     37.14400000	      0.01742606	      0.03111454	      0.05422760
     37.14800000	      0.01737971	      0.03107313	      0.05405039
     37.15200000	      0.01722796	      0.03093718	      0.05409664
     37.15600000	      0.01721053	      0.03092153	      0.05406039
     37.16000000	      0.01723436	      0.03094292	      0.05407287
     37.16400000	      0.01727219	      0.03097687	      0.05395959
     37.16800000	      0.01730733	      0.03100836	      0.05398226
     37.17200000	      0.01734348	      0.03104073	      0.05399235
     37.17600000	      0.01738049	      0.03107383	      0.05401041
     37.18000000	      0.01745800	      0.03114304	      0.05399504
     37.18400000	      0.01758765	      0.03125847	      0.05405509
     37.18800000	      0.01764100	      0.03130584	      0.05408725
     37.19200000	      0.01764421	      0.03130869	      0.05424213
     37.19600000	      0.01758292	      0.03125426	      0.05424449
     37.20000000	      0.01758741	      0.03125825	      0.05426627
     37.20400000	      0.01763146	      0.03129737	      0.05426888
     37.20800000	      0.01769900	      0.03135726	      0.05408275
     37.21200000	      0.01774552	      0.03139844	      0.05407101
     37.21600000	      0.01785317	      0.03149354	      0.05410626
     37.22000000	      0.01794368	      0.03157327	      0.05415343
     37.22400000	      0.01790643	      0.03154048	      0.05419359
     37.22800000	      0.01790594	      0.03154005	      0.05430466
     37.23200000	      0.01799361	      0.03161717	      0.05476848
     37.23600000	      0.01821143	      0.03180795	      0.05574133
     37.24000000	      0.01824297	      0.03183549	      0.05618689
     37.24400000	      0.01818283	      0.03178297	      0.05620961
     37.24800000	      0.01817149	      0.03177305	      0.05635543
     37.25200000	      0.01818630	      0.03178601	      0.05638621
     37.25600000	      0.01820665	      0.03180378	      0.05663395
     37.26000000	      0.01823217	      0.03182607	      0.05669648
     37.26400000	      0.01825368	      0.03184483	      0.05675912
     37.26800000	      0.01827188	      0.03186070	      0.05685410
     37.27200000	      0.01825331	      0.03184451	      0.05699188
     37.27600000	      0.01825166	      0.03184307	      0.05715063
     37.28000000	      0.01839194	      0.03196521	      0.05725423
     37.28400000	      0.01844187	      0.03200857	      0.05736595
     37.28800000	      0.01854927	      0.03210164	      0.05756349
     37.29200000	      0.01872913	      0.03225689	      0.05752195
     37.29600000	      0.01879148	      0.03231054	      0.05755668
     37.30000000	      0.01881757	      0.03233296	      0.05761008
     37.30400000	      0.01881573	      0.03233138	      0.05784155
     37.30800000	      0.01880334	      0.03232073	      0.05784103
     37.31200000	      0.01879929	      0.03231725	      0.05784677
     37.31600000	      0.01884814	      0.03235922	      0.05784441
     37.32000000	      0.01889726	      0.03240135	      0.05813675
     37.32400000	      0.01891077	      0.03241294	      0.05818636
     37.32800000	      0.01893097	      0.03243024	      0.05835508
     37.33200000	      0.01890588	      0.03240875	      0.05839234
     37.33600000	      0.01876844	      0.03229073	      0.05843796
     37.34000000	      0.01863663	      0.03217714	      0.05855242
     37.34400000	      0.01859861	      0.03214430	      0.05860058
     37.34800000	      0.01859214	      0.03213871	      0.05866466
     37.35200000	      0.01859776	      0.03214357	      0.05868825
     37.35600000	      0.01860669	      0.03215128	      0.05873493
     37.36000000	      0.01862081	      0.03216348	      0.05881513
     37.36400000	      0.01863179	      0.03217296	      0.05886179
     37.36800000	      0.01864121	      0.03218110	      0.05892009
     37.37200000	      0.01866055	      0.03219778	      0.05898847
     37.37600000	      0.01869319	      0.03222593	      0.05904998
     37.38000000	      0.01870993	      0.03224035	      0.05912492
     37.38400000	      0.01871921	      0.03224835	      0.05918063
     37.38800000	      0.01873006	      0.03225769	      0.05925349
     37.39200000	      0.01873543	      0.03226232	      0.05931478
     37.39600000	      0.01873239	      0.03225970	      0.05940387
     37.40000000	      0.01874109	      0.03226719	      0.05943290
     37.40400000	      0.01874657	      0.03227191	      0.05947062
     37.40800000	      0.01875387	      0.03227819	      0.05949022
     37.41200000	      0.01876281	      0.03228589	      0.05948560
     37.41600000	      0.01877664	      0.03229778	      0.05954522
     37.42000000	      0.01879515	      0.03231370	      0.05953836
     37.42400000	      0.01881148	      0.03232773	      0.05958378
     37.42800000	      0.01883240	      0.03234571	      0.05951472
     37.43200000	      0.01879731	      0.03231555	      0.05962021
     37.43600000	      0.01877560	      0.03229689	      0.05963499
     37.44000000	      0.01877369	      0.03229524	      0.05955697
     37.44400000	      0.01877229	      0.03229404	      0.05967326
     37.44800000	      0.01877459	      0.03229602	      0.05958205
     37.45200000	      0.01878324	      0.03230345	      0.05969950
     37.45600000	      0.01879684	      0.03231515	      0.05972705
     37.46000000	      0.01879323	      0.03231204	      0.05960771
     37.46400000	      0.01878612	      0.03230593	      0.05956202
     37.46800000	      0.01878876	      0.03230820	      0.05959545
     37.47200000	      0.01879549	      0.03231399	      0.05968031
     37.47600000	      0.01878526	      0.03230520	      0.05953920
     37.48000000	      0.01878050	      0.03230110	      0.05943266
     37.48400000	      0.01879121	      0.03231031	      0.05951176
     37.48800000	      0.01879329	      0.03231210	      0.05941065
     37.49200000	      0.01878278	      0.03230306	      0.05950950
     37.49600000	      0.01877324	      0.03229486	      0.05938019
     37.50000000	      0.01878244	      0.03230277	      0.05953022
     37.50400000	      0.01878542	      0.03230533	      0.05944439
     37.50800000	      0.01874709	      0.03227236	      0.05950438
     37.51200000	      0.01866597	      0.03220246	      0.05942243
     37.51600000	      0.01866619	      0.03220265	      0.05946643
     37.52000000	      0.01866999	      0.03220593	      0.05946202
     37.52400000	      0.01867373	      0.03220915	      0.05936889
     37.52800000	      0.01866678	      0.03220316	      0.05949386
     37.53200000	      0.01865224	      0.03219061	      0.05932421
     37.53600000	      0.01864857	      0.03218745	      0.05943584
     37.54000000	      0.01864861	      0.03218748	      0.05932724
     37.54400000	      0.01864784	      0.03218681	      0.05944102
     37.54800000	      0.01864806	      0.03218700	      0.05937900
     37.55200000	      0.01864528	      0.03218461	      0.05947935
     37.55600000	      0.01864415	      0.03218363	      0.05940291
     37.56000000	      0.01864150	      0.03218134	      0.05935471
     37.56400000	      0.01863739	      0.03217780	      0.05929310
     37.56800000	      0.01863395	      0.03217482	      0.05936120
     37.57200000	      0.01863300	      0.03217401	      0.05941497
     37.57600000	      0.01863939	      0.03217952	      0.05956982
     37.58000000	      0.01865394	      0.03219208	      0.05939906
     37.58400000	      0.01865653	      0.03219431	      0.05945378
     37.58800000	      0.01865424	      0.03219234	      0.05960709
     37.59200000	      0.01864846	      0.03218735	      0.05940372
     37.59600000	      0.01864243	      0.03218215	      0.05950542
     37.60000000	      0.01862849	      0.03217012	      0.05934341
     37.60400000	      0.01860792	      0.03215235	      0.05941585
     37.60800000	      0.01859808	      0.03214384	      0.05960532
     37.61200000	      0.01858297	      0.03213078	      0.05940450
     37.61600000	      0.01857557	      0.03212439	      0.05956753
     37.62000000	      0.01856553	      0.03211570	      0.05933190
     37.62400000	      0.01855165	      0.03210369	      0.05905814
     37.62800000	      0.01853933	      0.03209303	      0.05902923
     37.63200000	      0.01852823	      0.03208342	      0.05911510
     37.63600000	      0.01851647	      0.03207324	      0.05902190
     37.64000000	      0.01850905	      0.03206681	      0.05918799
     37.64400000	      0.01850099	      0.03205983	      0.05900472
     37.64800000	      0.01849202	      0.03205206	      0.05902613
     37.65200000	      0.01848671	      0.03204745	      0.05911306
     37.65600000	      0.01847885	      0.03204065	      0.05899069
     37.66000000	      0.01846064	      0.03202485	      0.05880635
     37.66400000	      0.01845450	      0.03201952	      0.05882884
     37.66800000	      0.01845171	      0.03201710	      0.05881642
     37.67200000	      0.01844985	      0.03201550	      0.05882191
     37.67600000	      0.01845499	      0.03201995	      0.05878366
     37.68000000	      0.01846713	      0.03203048	      0.05877046
     37.68400000	      0.01846750	      0.03203080	      0.05875017
     37.68800000	      0.01846478	      0.03202844	      0.05873482
     37.69200000	      0.01845981	      0.03202413	      0.05871503
     37.69600000	      0.01845521	      0.03202014	      0.05871085
     37.70000000	      0.01845307	      0.03201829	      0.05896163
     37.70400000	      0.01845437	      0.03201941	      0.05866461
     37.70800000	      0.01846099	      0.03202515	      0.05866202
     37.71200000	      0.01845471	      0.03201971	      0.05859175
     37.71600000	      0.01844354	      0.03201001	      0.05863081
     37.72000000	      0.01842497	      0.03199390	      0.05862172
     37.72400000	      0.01840981	      0.03198073	      0.05853000
     37.72800000	      0.01840483	      0.03197641	      0.05882527
     37.73200000	      0.01839940	      0.03197169	      0.05850996
     37.73600000	      0.01840228	      0.03197419	      0.05855033
     37.74000000	      0.01841302	      0.03198352	      0.05853250
     37.74400000	      0.01833782	      0.03191814	      0.05843161
     37.74800000	      0.01825091	      0.03184242	      0.05769955
     37.75200000	      0.01852239	      0.03207836	      0.05719294
     37.75600000	      0.01939079	      0.03282173	      0.05634114
     37.76000000	      0.01959901	      0.03299748	      0.05610705
     37.76400000	      0.01957761	      0.03297946	      0.05623008
     37.76800000	      0.01790781	      0.03154169	      0.05786368
     37.77200000	      0.01789936	      0.03153425	      0.05813813
     37.77600000	      0.01788970	      0.03152574	      0.05784278
     37.78000000	      0.01787718	      0.03151470	      0.05776902
     37.78400000	      0.01786194	      0.03150127	      0.05770836
     37.78800000	      0.01784740	      0.03148845	      0.05795000
     37.79200000	      0.01782962	      0.03147276	      0.05762026
     37.79600000	      0.01781714	      0.03146174	      0.05754282
     37.80000000	      0.01781188	      0.03145709	      0.05748843
     37.80400000	      0.01781181	      0.03145703	      0.05742839
     37.80800000	      0.01783296	      0.03147570	      0.05740262
     37.81200000	      0.01782963	      0.03147276	      0.05733085
     37.81600000	      0.01782179	      0.03146584	      0.05759612
     37.82000000	      0.01780094	      0.03144744	      0.05706351
     37.82400000	      0.01778896	      0.03143685	      0.05700901
     37.82800000	      0.01777770	      0.03142690	      0.05695587
     37.83200000	      0.01776864	      0.03141889	      0.05690028
     37.83600000	      0.01775724	      0.03140881	      0.05684068
     37.84000000	      0.01774739	      0.03140010	      0.05678363
     37.84400000	      0.01773751	      0.03139135	      0.05671272
     37.84800000	      0.01822988	      0.03182407	      0.05697029
     37.85200000	      0.01822057	      0.03181593	      0.05692139
     37.85600000	      0.01821847	      0.03181410	      0.05684748
     37.86000000	      0.01820755	      0.03180457	      0.05677160
     37.86400000	      0.01814859	      0.03175304	      0.05665583
     37.86800000	      0.01816579	      0.03176808	      0.05650072
     37.87200000	      0.01842316	      0.03199233	      0.05639818
     37.87600000	      0.01847221	      0.03203489	      0.05630922
     37.88000000	      0.01845992	      0.03202423	      0.05606298
     37.88400000	      0.01839403	      0.03196702	      0.05603097
     37.88800000	      0.01823997	      0.03183287	      0.05583066
     37.89200000	      0.01811823	      0.03172646	      0.05576761
     37.89600000	      0.01806652	      0.03168116	      0.05569058
     37.90000000	      0.01798817	      0.03161238	      0.05506274
     37.90400000	      0.01785846	      0.03149820	      0.05417617
     37.90800000	      0.01781895	      0.03146334	      0.05388061
     37.91200000	      0.01779223	      0.03143974	      0.05360503
     37.91600000	      0.01774655	      0.03139936	      0.05358654
     37.92000000	      0.01774011	      0.03139366	      0.05351331
     37.92400000	      0.01769216	      0.03135120	      0.05350094
     37.92800000	      0.01766000	      0.03132269	      0.05364211
     37.93200000	      0.01764412	      0.03130861	      0.05351079
     37.93600000	      0.01766128	      0.03132383	      0.05344554
     37.94000000	      0.01769212	      0.03135117	      0.05340209
     37.94400000	      0.01761412	      0.03128198	      0.05354313
     37.94800000	      0.01758022	      0.03125186	      0.05344178
     37.95200000	      0.01756325	      0.03123677	      0.05340333
     37.95600000	      0.01753840	      0.03121467	      0.05358856
     37.96000000	      0.01750687	      0.03118660	      0.05359633
     37.96400000	      0.01748496	      0.03116708	      0.05359802
     37.96800000	      0.01746914	      0.03115298	      0.05357807
     37.97200000	      0.01745575	      0.03114103	      0.05352082
     37.97600000	      0.01744413	      0.03113066	      0.05347403
     37.98000000	      0.01743132	      0.03111923	      0.05344548
     37.98400000	      0.01741636	      0.03110588	      0.05342825
     37.98800000	      0.01739642	      0.03108806	      0.05363061
     37.99200000	      0.01737971	      0.03107313	      0.05356745
     37.99600000	      0.01736221	      0.03105748	      0.05349623
     38.00000000	      0.01734853	      0.03104524	      0.05345117
     38.00400000	      0.01732649	      0.03102552	      0.05366066
     38.00800000	      0.01730842	      0.03100933	      0.05354336
     38.01200000	      0.01729096	      0.03099369	      0.05348063
     38.01600000	      0.01727038	      0.03097524	      0.05362952
     38.02000000	      0.01725591	      0.03096226	      0.05353084
     38.02400000	      0.01723121	      0.03094009	      0.05362815
     38.02800000	      0.01720272	      0.03091450	      0.05353107
     38.03200000	      0.01721991	      0.03092995	      0.05362893
     38.03600000	      0.01725096	      0.03095782	      0.05351983
     38.04000000	      0.01721555	      0.03092603	      0.05346231
     38.04400000	      0.01724166	      0.03094948	      0.05364922
     38.04800000	      0.01720721	      0.03091854	      0.05353456
     38.05200000	      0.01730963	      0.03101042	      0.05392224
     38.05600000	      0.01739259	      0.03108464	      0.05409634
     38.06000000	      0.01732583	      0.03102493	      0.05385826
     38.06400000	      0.01718428	      0.03089793	      0.05357292
     38.06800000	      0.01721526	      0.03092577	      0.05390082
     38.07200000	      0.01724051	      0.03094844	      0.05360202
     38.07600000	      0.01726784	      0.03097296	      0.05430112
     38.08000000	      0.01717530	      0.03088986	      0.05365682
     38.08400000	      0.01713686	      0.03085528	      0.05355925
     38.08800000	      0.01711201	      0.03083289	      0.05356145
     38.09200000	      0.01709125	      0.03081418	      0.05361636
     38.09600000	      0.01706290	      0.03078861	      0.05378454
     38.10000000	      0.01703995	      0.03076790	      0.05363508
     38.10400000	      0.01701757	      0.03074769	      0.05369260
     38.10800000	      0.01699111	      0.03072378	      0.05377288
     38.11200000	      0.01697675	      0.03071079	      0.05371812
     38.11600000	      0.01695355	      0.03068981	      0.05378885
     38.12000000	      0.01692981	      0.03066831	      0.05381079
     38.12400000	      0.01690587	      0.03064661	      0.05385208
     38.12800000	      0.01687883	      0.03062210	      0.05388953
     38.13200000	      0.01686057	      0.03060553	      0.05378673
     38.13600000	      0.01683926	      0.03058618	      0.05381450
     38.14000000	      0.01681463	      0.03056380	      0.05389518
     38.14400000	      0.01678178	      0.03053394	      0.05395392
     38.14800000	      0.01674727	      0.03050252	      0.05396843
     38.15200000	      0.01671825	      0.03047609	      0.05394153
     38.15600000	      0.01669985	      0.03045930	      0.05416262
     38.16000000	      0.01671508	      0.03047319	      0.05409270
     38.16400000	      0.01674292	      0.03049856	      0.05422693
     38.16800000	      0.01665017	      0.03041397	      0.05419596
     38.17200000	      0.01660991	      0.03037717	      0.05416196
     38.17600000	      0.01659187	      0.03036067	      0.05410834
     38.18000000	      0.01662078	      0.03038712	      0.05432174
     38.18400000	      0.01669069	      0.03045095	      0.05438666
     38.18800000	      0.01669991	      0.03045936	      0.05430371
     38.19200000	      0.01668088	      0.03044201	      0.05447775
     38.19600000	      0.01661562	      0.03038240	      0.05435624
     38.20000000	      0.01653982	      0.03031301	      0.05432678
     38.20400000	      0.01654600	      0.03031868	      0.05425989
     38.20800000	      0.01644830	      0.03022903	      0.05417379
     38.21200000	      0.01642378	      0.03020649	      0.05425014
     38.21600000	      0.01641761	      0.03020081	      0.05450048
     38.22000000	      0.01642015	      0.03020316	      0.05466098
     38.22400000	      0.01642222	      0.03020506	      0.05490414
     38.22800000	      0.01643201	      0.03021406	      0.05509853
     38.23200000	      0.01644698	      0.03022782	      0.05535332
     38.23600000	      0.01644564	      0.03022659	      0.05551933
     38.24000000	      0.01643279	      0.03021477	      0.05599779
     38.24400000	      0.01643197	      0.03021402	      0.05611743
     38.24800000	      0.01636920	      0.03015626	      0.05587432
     38.25200000	      0.01623116	      0.03002884	      0.05502793
     38.25600000	      0.01618499	      0.02998610	      0.05485112
     38.26000000	      0.01616121	      0.02996406	      0.05480663
     38.26400000	      0.01614167	      0.02994594	      0.05512227
     38.26800000	      0.01613538	      0.02994011	      0.05504387
     38.27200000	      0.01616514	      0.02996771	      0.05509800
     38.27600000	      0.01624319	      0.03003996	      0.05513725
     38.28000000	      0.01620358	      0.03000331	      0.05512661
     38.28400000	      0.01608906	      0.02989710	      0.05499748
     38.28800000	      0.01609059	      0.02989853	      0.05513176
     38.29200000	      0.01617118	      0.02997331	      0.05518144
     38.29600000	      0.01617993	      0.02998141	      0.05525346
     38.30000000	      0.01611542	      0.02992158	      0.05522098
     38.30400000	      0.01598275	      0.02979817	      0.05526714
     38.30800000	      0.01594764	      0.02976541	      0.05530315
     38.31200000	      0.01592802	      0.02974710	      0.05529895
     38.31600000	      0.01590484	      0.02972545	      0.05534288
     38.32000000	      0.01588596	      0.02970780	      0.05543625
     38.32400000	      0.01587207	      0.02969481	      0.05547095
     38.32800000	      0.01586676	      0.02968984	      0.05564556
     38.33200000	      0.01586480	      0.02968801	      0.05555501
     38.33600000	      0.01585304	      0.02967700	      0.05551242
     38.34000000	      0.01583440	      0.02965955	      0.05548583
     38.34400000	      0.01581861	      0.02964476	      0.05550222
     38.34800000	      0.01579298	      0.02962073	      0.05573619
     38.35200000	      0.01577886	      0.02960749	      0.05574043
     38.35600000	      0.01576353	      0.02959310	      0.05570192
     38.36000000	      0.01574889	      0.02957935	      0.05571274
     38.36400000	      0.01572504	      0.02955695	      0.05565683
     38.36800000	      0.01570175	      0.02953505	      0.05569752
     38.37200000	      0.01569690	      0.02953049	      0.05575945
     38.37600000	      0.01568629	      0.02952051	      0.05577173
     38.38000000	      0.01567903	      0.02951368	      0.05582965
     38.38400000	      0.01571935	      0.02955160	      0.05582376
     38.38800000	      0.01581624	      0.02964253	      0.05593195
     38.39200000	      0.01584058	      0.02966534	      0.05605754
     38.39600000	      0.01582430	      0.02965009	      0.05618275
     38.40000000	      0.01576568	      0.02959512	      0.05623269
     38.40400000	      0.01564554	      0.02948214	      0.05613267
     38.40800000	      0.01559561	      0.02943506	      0.05616898
     38.41200000	      0.01555624	      0.02939789	      0.05607503
     38.41600000	      0.01553645	      0.02937918	      0.05613180
     38.42000000	      0.01552951	      0.02937261	      0.05611610
     38.42400000	      0.01551814	      0.02936186	      0.05618454
     38.42800000	      0.01550790	      0.02935217	      0.05614642
     38.43200000	      0.01549807	      0.02934287	      0.05618467
     38.43600000	      0.01549574	      0.02934066	      0.05620261
     38.44000000	      0.01547949	      0.02932528	      0.05614509
     38.44400000	      0.01545156	      0.02929880	      0.05624079
     38.44800000	      0.01542836	      0.02927680	      0.05617705
     38.45200000	      0.01542331	      0.02927201	      0.05626304
     38.45600000	      0.01540887	      0.02925830	      0.05621704
     38.46000000	      0.01538833	      0.02923879	      0.05631715
     38.46400000	      0.01537592	      0.02922701	      0.05634371
     38.46800000	      0.01537113	      0.02922245	      0.05640057
     38.47200000	      0.01535464	      0.02920677	      0.05644434
     38.47600000	      0.01534462	      0.02919724	      0.05634740
     38.48000000	      0.01533209	      0.02918531	      0.05635511
     38.48400000	      0.01531363	      0.02916775	      0.05640776
     38.48800000	      0.01528808	      0.02914340	      0.05618259
     38.49200000	      0.01526065	      0.02911724	      0.05625873
     38.49600000	      0.01520700	      0.02906602	      0.05624855
     38.50000000	      0.01519826	      0.02905766	      0.05630759
     38.50400000	      0.01518433	      0.02904434	      0.05621507
     38.50800000	      0.01517698	      0.02903732	      0.05611394
     38.51200000	      0.01517051	      0.02903112	      0.05638059
     38.51600000	      0.01516371	      0.02902461	      0.05627968
     38.52000000	      0.01515256	      0.02901394	      0.05638277
     38.52400000	      0.01514074	      0.02900263	      0.05644858
     38.52800000	      0.01513366	      0.02899584	      0.05621779
     38.53200000	      0.01515403	      0.02901535	      0.05631924
     38.53600000	      0.01515234	      0.02901373	      0.05641189
     38.54000000	      0.01514280	      0.02900460	      0.05647637
     38.54400000	      0.01513223	      0.02899448	      0.05633282
     38.54800000	      0.01513355	      0.02899574	      0.05635920
     38.55200000	      0.01512441	      0.02898698	      0.05614984
     38.55600000	      0.01511960	      0.02898237	      0.05626318
     38.56000000	      0.01509103	      0.02895498	      0.05622240
     38.56400000	      0.01511161	      0.02897471	      0.05652863
     38.56800000	      0.01520858	      0.02906753	      0.05764577
     38.57200000	      0.01521818	      0.02907670	      0.05760745
     38.57600000	      0.01521216	      0.02907095	      0.05759744
     38.58000000	      0.01518322	      0.02904328	      0.05751576
     38.58400000	      0.01514346	      0.02900523	      0.05755683
     38.58800000	      0.01512147	      0.02898417	      0.05746459
     38.59200000	      0.01225512	      0.02609291	      0.05698236
     38.59600000	      0.01223286	      0.02606920	      0.05705343
     38.60000000	      0.01221651	      0.02605177	      0.05694915
     38.60400000	      0.01220197	      0.02603627	      0.05700833
     38.60800000	      0.01217164	      0.02600389	      0.05682626
     38.61200000	      0.01213353	      0.02596315	      0.05698768
     38.61600000	      0.01213148	      0.02596096	      0.05676189
     38.62000000	      0.01214568	      0.02597614	      0.05675671
     38.62400000	      0.01213199	      0.02596149	      0.05674128
     38.62800000	      0.01211801	      0.02594654	      0.05675192
     38.63200000	      0.01209216	      0.02591885	      0.05659790
     38.63600000	      0.01205828	      0.02588251	      0.05671907
     38.64000000	      0.01203107	      0.02585330	      0.05663892
     38.64400000	      0.01200121	      0.02582119	      0.05662343
     38.64800000	      0.01197649	      0.02579458	      0.05619431
     38.65200000	      0.01195050	      0.02576658	      0.05625346
     38.65600000	      0.01191349	      0.02572665	      0.05613972
     38.66000000	      0.01476991	      0.02864525	      0.05602143
     38.66400000	      0.01476105	      0.02863666	      0.05597767
     38.66800000	      0.01474738	      0.02862340	      0.05612279
     38.67200000	      0.01473664	      0.02861297	      0.05600532
     38.67600000	      0.01472795	      0.02860454	      0.05603670
     38.68000000	      0.01470458	      0.02858183	      0.05597785
     38.68400000	      0.01467576	      0.02855381	      0.05587994
     38.68800000	      0.01465813	      0.02853665	      0.05579726
     38.69200000	      0.01464315	      0.02852207	      0.05588668
     38.69600000	      0.01463060	      0.02850985	      0.05571758
     38.70000000	      0.01462043	      0.02849993	      0.05572025
     38.70400000	      0.01461203	      0.02849174	      0.05567512
     38.70800000	      0.01459836	      0.02847842	      0.05545691
     38.71200000	      0.01460166	      0.02848163	      0.05546125
     38.71600000	      0.01461607	      0.02849568	      0.05544599
     38.72000000	      0.01460256	      0.02848251	      0.05539945
     38.72400000	      0.01458421	      0.02846461	      0.05545682
     38.72800000	      0.01457911	      0.02845963	      0.05545121
     38.73200000	      0.01455980	      0.02844077	      0.05525784
     38.73600000	      0.01454577	      0.02842707	      0.05519965
     38.74000000	      0.01453116	      0.02841279	      0.05526286
     38.74400000	      0.01453044	      0.02841209	      0.05525602
     38.74800000	      0.01452555	      0.02840731	      0.05530389
     38.75200000	      0.01451876	      0.02840066	      0.05523854
     38.75600000	      0.01166456	      0.02545646	      0.05444181
     38.76000000	      0.01164712	      0.02543742	      0.05440193
     38.76400000	      0.01447687	      0.02835966	      0.05484657
     38.76800000	      0.01446569	      0.02834871	      0.05483021
     38.77200000	      0.01445818	      0.02834135	      0.05476341
     38.77600000	      0.01445453	      0.02833777	      0.05477345
     38.78000000	      0.01444862	      0.02833198	      0.05475698
     38.78400000	      0.01444129	      0.02832480	      0.05476957
     38.78800000	      0.01443563	      0.02831924	      0.05477812
     38.79200000	      0.01443077	      0.02831447	      0.05473953
     38.79600000	      0.01442604	      0.02830983	      0.05473238
     38.80000000	      0.01442739	      0.02831116	      0.05472626
     38.80400000	      0.01442424	      0.02830806	      0.05474124
     38.80800000	      0.01441620	      0.02830018	      0.05497495
     38.81200000	      0.01440994	      0.02829403	      0.05499067
     38.81600000	      0.01440850	      0.02829261	      0.05499132
     38.82000000	      0.01441682	      0.02830078	      0.05491019
     38.82400000	      0.01437137	      0.02825614	      0.05489674
     38.82800000	      0.01431327	      0.02819897	      0.05491471
     38.83200000	      0.01438119	      0.02826579	      0.05483792
     38.83600000	      0.01439590	      0.02828024	      0.05492540
     38.84000000	      0.01440320	      0.02828741	      0.05490518
     38.84400000	      0.01441532	      0.02829931	      0.05494500
     38.84800000	      0.01441932	      0.02830324	      0.05499934
     38.85200000	      0.01444281	      0.02832628	      0.05502404
     38.85600000	      0.01438208	      0.02826667	      0.05493666
     38.86000000	      0.01424470	      0.02813134	      0.05492675
     38.86400000	      0.01418888	      0.02807617	      0.05493318
     38.86800000	      0.01415791	      0.02804550	      0.05493874
     38.87200000	      0.01414562	      0.02803333	      0.05495650
     38.87600000	      0.01414411	      0.02803184	      0.05496399
     38.88000000	      0.01419038	      0.02807765	      0.05495440
     38.88400000	      0.01427016	      0.02815647	      0.05503698
     38.88800000	      0.01429190	      0.02817791	      0.05503105
     38.89200000	      0.01431703	      0.02820266	      0.05501887
     38.89600000	      0.01431722	      0.02820286	      0.05503332
     38.90000000	      0.01422930	      0.02811613	      0.05497525
     38.90400000	      0.01418244	      0.02806979	      0.05491272
     38.90800000	      0.01414512	      0.02803284	      0.05487628
     38.91200000	      0.01413656	      0.02802435	      0.05490451
     38.91600000	      0.01413372	      0.02802154	      0.05490856
     38.92000000	      0.01415546	      0.02804309	      0.05495169
     38.92400000	      0.01417059	      0.02805806	      0.05493992
     38.92800000	      0.01416211	      0.02804967	      0.05495149
     38.93200000	      0.01420660	      0.02809369	      0.05492674
     38.93600000	      0.01415190	      0.02803955	      0.05490385
     38.94000000	      0.01414309	      0.02803083	      0.05491289
     38.94400000	      0.01414252	      0.02803026	      0.05487370
     38.94800000	      0.01412720	      0.02801508	      0.05496092
     38.95200000	      0.01413298	      0.02802081	      0.05498335
     38.95600000	      0.01412900	      0.02801686	      0.05495159
     38.96000000	      0.01412218	      0.02801010	      0.05494442
     38.96400000	      0.01412560	      0.02801349	      0.05494638
     38.96800000	      0.01410094	      0.02798902	      0.05492484
     38.97200000	      0.01408683	      0.02797502	      0.05490146
     38.97600000	      0.01408683	      0.02797502	      0.05491153
     38.98000000	      0.01410522	      0.02799327	      0.05492058
     38.98400000	      0.01410545	      0.02799350	      0.05489880
     38.98800000	      0.01409949	      0.02798759	      0.05488464
     38.99200000	      0.01410003	      0.02798812	      0.05485610
     38.99600000	      0.01409957	      0.02798767	      0.05486534
     39.00000000	      0.01409908	      0.02798718	      0.05486686
     39.00400000	      0.01409828	      0.02798639	      0.05485068
     39.00800000	      0.01409547	      0.02798360	      0.05490952
     39.01200000	      0.01409349	      0.02798163	      0.05492786
     39.01600000	      0.01409826	      0.02798637	      0.05495508
     39.02000000	      0.01411821	      0.02800616	      0.05496263
     39.02400000	      0.01413674	      0.02802453	      0.05497658
     39.02800000	      0.01413821	      0.02802599	      0.05494015
     39.03200000	      0.01414224	      0.02802998	      0.05495967
     39.03600000	      0.01414680	      0.02803451	      0.05498965
     39.04000000	      0.01415557	      0.02804320	      0.05498671
     39.04400000	      0.01415437	      0.02804200	      0.05498411
     39.04800000	      0.01414792	      0.02803561	      0.05504644
     39.05200000	      0.01415235	      0.02804000	      0.05508633
     39.05600000	      0.01415866	      0.02804625	      0.05504667
     39.06000000	      0.01420881	      0.02809588	      0.05514398
     39.06400000	      0.01431349	      0.02819919	      0.05526004
     39.06800000	      0.01429969	      0.02818558	      0.05512473
     39.07200000	      0.01422316	      0.02811006	      0.05517116
     39.07600000	      0.01421265	      0.02809967	      0.05511704
     39.08000000	      0.01422050	      0.02810743	      0.05517302
     39.08400000	      0.01423313	      0.02811991	      0.05524425
     39.08800000	      0.01424104	      0.02812773	      0.05510336
     39.09200000	      0.01425297	      0.02813951	      0.05515517
     39.09600000	      0.01426271	      0.02814911	      0.05519010
     39.10000000	      0.01427762	      0.02816383	      0.05521857
     39.10400000	      0.01429020	      0.02817624	      0.05519024
     39.10800000	      0.01430342	      0.02818926	      0.05518423
     39.11200000	      0.01431454	      0.02820021	      0.05526031
     39.11600000	      0.01433019	      0.02821563	      0.05530123
     39.12000000	      0.01434042	      0.02822569	      0.05517987
     39.12400000	      0.01436662	      0.02825147	      0.05519718
     39.12800000	      0.01438008	      0.02826470	      0.05514799
     39.13200000	      0.01438370	      0.02826826	      0.05516205
     39.13600000	      0.01436946	      0.02825426	      0.05501034
     39.14000000	      0.01439319	      0.02827758	      0.05502063
     39.14400000	      0.01441652	      0.02830050	      0.05516440
     39.14800000	      0.01444325	      0.02832672	      0.05500322
     39.15200000	      0.01446399	      0.02834705	      0.05504774
     39.15600000	      0.01446999	      0.02835292	      0.05510657
     39.16000000	      0.01448642	      0.02836901	      0.05513115
     39.16400000	      0.01449891	      0.02838124	      0.05510701
     39.16800000	      0.01451166	      0.02839372	      0.05510136
     39.17200000	      0.01451482	      0.02839681	      0.05525850
     39.17600000	      0.01452532	      0.02840708	      0.05502431
     39.18000000	      0.01454405	      0.02842539	      0.05518149
     39.18400000	      0.01456754	      0.02844834	      0.05522903
     39.18800000	      0.01457097	      0.02845169	      0.05507152
     39.19200000	      0.01459131	      0.02847154	      0.05518467
     39.19600000	      0.01462764	      0.02850696	      0.05516232
     39.20000000	      0.01468793	      0.02856565	      0.05533835
     39.20400000	      0.01470767	      0.02858484	      0.05538268
     39.20800000	      0.01472077	      0.02859757	      0.05522470
     39.21200000	      0.01474533	      0.02862141	      0.05540836
     39.21600000	      0.01475253	      0.02862839	      0.05512054
     39.22000000	      0.01475413	      0.02862995	      0.05511910
     39.22400000	      0.01474282	      0.02861897	      0.05519935
     39.22800000	      0.01474447	      0.02862057	      0.05511312
     39.23200000	      0.01475443	      0.02863024	      0.05504931
     39.23600000	      0.01476795	      0.02864335	      0.05505942
     39.24000000	      0.01480532	      0.02867958	      0.05514338
     39.24400000	      0.01487319	      0.02874523	      0.05526706
     39.24800000	      0.01491267	      0.02878336	      0.05520496
     39.25200000	      0.01491590	      0.02878647	      0.05540448
     39.25600000	      0.01492505	      0.02879531	      0.05543362
     39.26000000	      0.01494831	      0.02881773	      0.05547601
     39.26400000	      0.01496324	      0.02883212	      0.05538245
     39.26800000	      0.01499089	      0.02885875	      0.05554544
     39.27200000	      0.01501010	      0.02887723	      0.05560225
     39.27600000	      0.01506000	      0.02892519	      0.05554813
     39.28000000	      0.01512230	      0.02898496	      0.05554162
     39.28400000	      0.01508146	      0.02894579	      0.05568011
     39.28800000	      0.01508500	      0.02894919	      0.05575042
     39.29200000	      0.01511317	      0.02897621	      0.05575050
     39.29600000	      0.01512289	      0.02898553	      0.05577892
     39.30000000	      0.01513716	      0.02899919	      0.05579723
     39.30400000	      0.01515177	      0.02901319	      0.05583415
     39.30800000	      0.01516068	      0.02902171	      0.05583534
     39.31200000	      0.01517060	      0.02903121	      0.05588041
     39.31600000	      0.01517959	      0.02903981	      0.05588943
     39.32000000	      0.01519126	      0.02905097	      0.05589426
     39.32400000	      0.01519972	      0.02905906	      0.05583295
     39.32800000	      0.01520549	      0.02906457	      0.05583945
     39.33200000	      0.01521884	      0.02907733	      0.05586630
     39.33600000	      0.01523954	      0.02909710	      0.05588065
     39.34000000	      0.01524887	      0.02910601	      0.05588420
     39.34400000	      0.01525712	      0.02911388	      0.05585467
     39.34800000	      0.01526253	      0.02911903	      0.05588831
     39.35200000	      0.01526666	      0.02912298	      0.05586385
     39.35600000	      0.01528129	      0.02913692	      0.05583877
     39.36000000	      0.01530192	      0.02915659	      0.05586562
     39.36400000	      0.01531353	      0.02916765	      0.05576236
     39.36800000	      0.01535323	      0.02920543	      0.05565458
     39.37200000	      0.01544006	      0.02928790	      0.05553962
     39.37600000	      0.01549350	      0.02933855	      0.05553526
     39.38000000	      0.01547144	      0.02931764	      0.05538194
     39.38400000	      0.01538419	      0.02923486	      0.05514111
     39.38800000	      0.01536907	      0.02922049	      0.05499380
     39.39200000	      0.01541346	      0.02926266	      0.05499648
     39.39600000	      0.01548266	      0.02932828	      0.05491904
     39.40000000	      0.01541619	      0.02926525	      0.05464985
     39.40400000	      0.01542777	      0.02927624	      0.05469365
     39.40800000	      0.01548265	      0.02932827	      0.05478654
     39.41200000	      0.01555059	      0.02939254	      0.05498390
     39.41600000	      0.01563513	      0.02947233	      0.05492269
     39.42000000	      0.01559159	      0.02943127	      0.05489611
     39.42400000	      0.01558341	      0.02942354	      0.05473983
     39.42800000	      0.01559416	      0.02943370	      0.05469215
     39.43200000	      0.01560705	      0.02944586	      0.05484940
     39.43600000	      0.01562172	      0.02945969	      0.05463103
     39.44000000	      0.01563462	      0.02947185	      0.05479420
     39.44400000	      0.01564072	      0.02947760	      0.05460052
     39.44800000	      0.01564087	      0.02947774	      0.05475893
     39.45200000	      0.01565188	      0.02948811	      0.05461465
     39.45600000	      0.01567375	      0.02950871	      0.05473692
     39.46000000	      0.01568834	      0.02952244	      0.05456603
     39.46400000	      0.01569441	      0.02952815	      0.05469209
     39.46800000	      0.01571621	      0.02954865	      0.05451972
     39.47200000	      0.01580285	      0.02962999	      0.05465937
     39.47600000	      0.01583442	      0.02965957	      0.05455065
     39.48000000	      0.01586352	      0.02968681	      0.05453125
     39.48400000	      0.01588094	      0.02970310	      0.05446186
     39.48800000	      0.01595995	      0.02977691	      0.05461283
     39.49200000	      0.01611537	      0.02992153	      0.05438441
     39.49600000	      0.01611280	      0.02991915	      0.05457884
     39.50000000	      0.01598592	      0.02980112	      0.05438611
     39.50400000	      0.01590410	      0.02972476	      0.05446814
     39.50800000	      0.01594075	      0.02975898	      0.05438945
     39.51200000	      0.01607965	      0.02988836	      0.05448932
     39.51600000	      0.01612980	      0.02993493	      0.05430296
     39.52000000	      0.01613422	      0.02993903	      0.05426402
     39.52400000	      0.01620138	      0.03000128	      0.05424519
     39.52800000	      0.01635784	      0.03014579	      0.05424314
     39.53200000	      0.01639614	      0.03018106	      0.05430753
     39.53600000	      0.01632733	      0.03011767	      0.05443211
     39.54000000	      0.01616635	      0.02996882	      0.05445208
     39.54400000	      0.01614237	      0.02994659	      0.05427118
     39.54800000	      0.01614417	      0.02994826	      0.05439940
     39.55200000	      0.01614765	      0.02995149	      0.05429019
     39.55600000	      0.01616975	      0.02997198	      0.05440466
     39.56000000	      0.01619573	      0.02999605	      0.05427740
     39.56400000	      0.01630012	      0.03009256	      0.05426810
     39.56800000	      0.01651204	      0.03028755	      0.05442333
     39.57200000	      0.01658550	      0.03035484	      0.05428790
     39.57600000	      0.01662196	      0.03038820	      0.05438631
     39.58000000	      0.01664302	      0.03040744	      0.05427621
     39.58400000	      0.01665332	      0.03041685	      0.05438308
     39.58800000	      0.01669778	      0.03045742	      0.05442086
     39.59200000	      0.01675785	      0.03051216	      0.05441744
     39.59600000	      0.01679560	      0.03054650	      0.05434382
     39.60000000	      0.01645715	      0.03023717	      0.05440329
     39.60400000	      0.01651241	      0.03028789	      0.05442996
     39.60800000	      0.01654165	      0.03031470	      0.05426008
     39.61200000	      0.01658095	      0.03035068	      0.05433580
     39.61600000	      0.01657767	      0.03034768	      0.05435130
     39.62000000	      0.01659018	      0.03035913	      0.05430539
     39.62400000	      0.01669101	      0.03045124	      0.05414969
     39.62800000	      0.01655173	      0.03032392	      0.05405257
     39.63200000	      0.01654288	      0.03031582	      0.05407749
     39.63600000	      0.01656099	      0.03033240	      0.05416383
     39.64000000	      0.01662373	      0.03038981	      0.05419758
     39.64400000	      0.01673963	      0.03049556	      0.05399156
     39.64800000	      0.01679366	      0.03054474	      0.05412519
     39.65200000	      0.01678250	      0.03053458	      0.05397553
     39.65600000	      0.01675704	      0.03051142	      0.05404337
     39.66000000	      0.01681287	      0.03056220	      0.05397806
     39.66400000	      0.01675731	      0.03051167	      0.05405592
     39.66800000	      0.01679828	      0.03054894	      0.05393039
     39.67200000	      0.01691849	      0.03065805	      0.05397271
     39.67600000	      0.01692428	      0.03066330	      0.05405192
     39.68000000	      0.01690210	      0.03064320	      0.05408244
     39.68400000	      0.01695284	      0.03068916	      0.05390954
     39.68800000	      0.01690161	      0.03064276	      0.05396143
     39.69200000	      0.01695497	      0.03069108	      0.05401898
     39.69600000	      0.01708448	      0.03080808	      0.05384122
     39.70000000	      0.01709062	      0.03081362	      0.05392245
     39.70400000	      0.01706208	      0.03078787	      0.05396060
     39.70800000	      0.01711771	      0.03083803	      0.05383112
     39.71200000	      0.01712771	      0.03084704	      0.05388040
     39.71600000	      0.01724133	      0.03094918	      0.05392891
     39.72000000	      0.01733204	      0.03103049	      0.05375325
     39.72400000	      0.01735051	      0.03104702	      0.05379059
     39.72800000	      0.01740759	      0.03109804	      0.05373660
     39.73200000	      0.01734551	      0.03104254	      0.05380427
     39.73600000	      0.01734158	      0.03103903	      0.05366821
     39.74000000	      0.01735665	      0.03105251	      0.05372052
     39.74400000	      0.01738013	      0.03107351	      0.05372358
     39.74800000	      0.01740869	      0.03109903	      0.05386124
     39.75200000	      0.01743087	      0.03111883	      0.05397511
     39.75600000	      0.01744626	      0.03113256	      0.05410418
     39.76000000	      0.01746609	      0.03115025	      0.05448017
     39.76400000	      0.01749288	      0.03117413	      0.05459844
     39.76800000	      0.01752081	      0.03119902	      0.05483500
     39.77200000	      0.01754954	      0.03122458	      0.05495411
     39.77600000	      0.01757676	      0.03124879	      0.05523422
     39.78000000	      0.01762701	      0.03129342	      0.05531684
     39.78400000	      0.01770894	      0.03136606	      0.05538815
     39.78800000	      0.01774437	      0.03139743	      0.05564799
     39.79200000	      0.01777627	      0.03142564	      0.05575242
     39.79600000	      0.01780342	      0.03144962	      0.05586578
     39.80000000	      0.01781301	      0.03145809	      0.05610901
     39.80400000	      0.01783483	      0.03147735	      0.05622772
     39.80800000	      0.01790408	      0.03153841	      0.05649169
     39.81200000	      0.01802125	      0.03164143	      0.05669068
     39.81600000	      0.01803015	      0.03164925	      0.05676103
     39.82000000	      0.01795395	      0.03158230	      0.05685741
     39.82400000	      0.01794683	      0.03157603	      0.05692997
     39.82800000	      0.01796238	      0.03158972	      0.05705638
     39.83200000	      0.01798978	      0.03161380	      0.05721800
     39.83600000	      0.01807665	      0.03169004	      0.05723621
     39.84000000	      0.01825584	      0.03184672	      0.05731062
     39.84400000	      0.01832102	      0.03190352	      0.05760094
     39.84800000	      0.01835212	      0.03193059	      0.05770328
     39.85200000	      0.01838515	      0.03195930	      0.05786497
     39.85600000	      0.01844227	      0.03200892	      0.05792037
     39.86000000	      0.01847081	      0.03203367	      0.05812884
     39.86400000	      0.01848529	      0.03204622	      0.05808399
     39.86800000	      0.01849490	      0.03205455	      0.05812114
     39.87200000	      0.01850054	      0.03205944	      0.05847477
     39.87600000	      0.01839940	      0.03197169	      0.05852450
     39.88000000	      0.01819328	      0.03179210	      0.05864704
     39.88400000	      0.01815797	      0.03176123	      0.05871734
     39.88800000	      0.01816163	      0.03176444	      0.05879088
     39.89200000	      0.01816060	      0.03176354	      0.05894567
     39.89600000	      0.01817312	      0.03177448	      0.05901230
     39.90000000	      0.01819000	      0.03178924	      0.05904439
     39.90400000	      0.01820023	      0.03179817	      0.05904589
     39.90800000	      0.01822241	      0.03181754	      0.05908534
     39.91200000	      0.01824248	      0.03183506	      0.05915873
     39.91600000	      0.01825299	      0.03184423	      0.05928400
     39.92000000	      0.01825872	      0.03184923	      0.05922939
     39.92400000	      0.01824651	      0.03183858	      0.05931357
     39.92800000	      0.01824092	      0.03183370	      0.05943902
     39.93200000	      0.01823489	      0.03182843	      0.05948987
     39.93600000	      0.01822355	      0.03181854	      0.05953293
     39.94000000	      0.01825211	      0.03184347	      0.05960379
     39.94400000	      0.01828629	      0.03187327	      0.05972336
     39.94800000	      0.01822026	      0.03181567	      0.05952635
     39.95200000	      0.01820165	      0.03179941	      0.05964795
     39.95600000	      0.01819624	      0.03179469	      0.05970118
     39.96000000	      0.01819704	      0.03179539	      0.05954398
     39.96400000	      0.01819613	      0.03179459	      0.05970298
     39.96800000	      0.01819569	      0.03179421	      0.05959996
     39.97200000	      0.01819161	      0.03179064	      0.05972299
     39.97600000	      0.01818976	      0.03178902	      0.05961929
     39.98000000	      0.01819037	      0.03178956	      0.05975870
     39.98400000	      0.01818990	      0.03178915	      0.05965155
     39.98800000	      0.01818374	      0.03178377	      0.05977653
     39.99200000	      0.01818112	      0.03178147	      0.05966029
     39.99600000	      0.01818327	      0.03178336	      0.05977727
     40.00000000	      0.01819753	      0.03179582	      0.05965960
     40.00400000	      0.01820234	      0.03180002	      0.05976768
     40.00800000	      0.01820487	      0.03180223	      0.05969898
     40.01200000	      0.01819041	      0.03178959	      0.05995874
     40.01600000	      0.01819251	      0.03179143	      0.05986206
     40.02000000	      0.01819525	      0.03179382	      0.06000115
     40.02400000	      0.01823738	      0.03183061	      0.05994728
     40.02800000	      0.01832800	      0.03190959	      0.06012978
     40.03200000	      0.01831138	      0.03189513	      0.06007492
     40.03600000	      0.01826777	      0.03185712	      0.06001133
     40.04000000	      0.01829754	      0.03188307	      0.05999076
     40.04400000	      0.01821317	      0.03180948	      0.06002138
     40.04800000	      0.01816400	      0.03176651	      0.05996243
     40.05200000	      0.01815227	      0.03175625	      0.05989194
     40.05600000	      0.01814883	      0.03175324	      0.05994254
     40.06000000	      0.01814926	      0.03175361	      0.05989003
     40.06400000	      0.01814627	      0.03175100	      0.05978095
     40.06800000	      0.01814744	      0.03175203	      0.05973870
     40.07200000	      0.01814824	      0.03175272	      0.05982562
     40.07600000	      0.01814756	      0.03175213	      0.05974506
     40.08000000	      0.01814719	      0.03175181	      0.05979262
     40.08400000	      0.01814521	      0.03175007	      0.05974678
     40.08800000	      0.01814217	      0.03174742	      0.05978272
     40.09200000	      0.01814003	      0.03174554	      0.05976786
     40.09600000	      0.01813694	      0.03174284	      0.05981400
     40.10000000	      0.01813487	      0.03174103	      0.05973656
     40.10400000	      0.01813300	      0.03173939	      0.05985015
     40.10800000	      0.01813175	      0.03173830	      0.05980505
     40.11200000	      0.01813039	      0.03173711	      0.05981195
     40.11600000	      0.01813694	      0.03174284	      0.05994024
     40.12000000	      0.01815184	      0.03175588	      0.05984680
     40.12400000	      0.01815409	      0.03175784	      0.05982820
     40.12800000	      0.01815714	      0.03176051	      0.05994279
     40.13200000	      0.01815555	      0.03175912	      0.05986251
     40.13600000	      0.01815246	      0.03175642	      0.05993721
     40.14000000	      0.01814929	      0.03175364	      0.05981607
     40.14400000	      0.01814814	      0.03175264	      0.05991589
     40.14800000	      0.01813952	      0.03174510	      0.06007064
     40.15200000	      0.01816038	      0.03176334	      0.05989276
     40.15600000	      0.01820193	      0.03179966	      0.06003620
     40.16000000	      0.01812743	      0.03173452	      0.05967337
     40.16400000	      0.01810837	      0.03171782	      0.05975361
     40.16800000	      0.01810409	      0.03171408	      0.05966962
     40.17200000	      0.01810222	      0.03171244	      0.05977517
     40.17600000	      0.01810707	      0.03171669	      0.05963143
     40.18000000	      0.01812337	      0.03173096	      0.05965870
     40.18400000	      0.01812807	      0.03173507	      0.05980795
     40.18800000	      0.01812719	      0.03173431	      0.05955689
     40.19200000	      0.01812641	      0.03173362	      0.05966944
     40.19600000	      0.01812695	      0.03173409	      0.05961613
     40.20000000	      0.01813323	      0.03173959	      0.05964407
     40.20400000	      0.01817813	      0.03177886	      0.05978846
     40.20800000	      0.01827188	      0.03186070	      0.05979493
     40.21200000	      0.01829119	      0.03187754	      0.05994119
     40.21600000	      0.01829588	      0.03188162	      0.05981936
     40.22000000	      0.01830133	      0.03188637	      0.05985400
     40.22400000	      0.01831411	      0.03189750	      0.06005406
     40.22800000	      0.01827338	      0.03186201	      0.05982100
     40.23200000	      0.01817583	      0.03177685	      0.05968944
     40.23600000	      0.01814801	      0.03175252	      0.05985995
     40.24000000	      0.01815024	      0.03175447	      0.05961845
     40.24400000	      0.01814429	      0.03174927	      0.05960897
     40.24800000	      0.01812569	      0.03173299	      0.05969556
     40.25200000	      0.01810624	      0.03171596	      0.05946773
     40.25600000	      0.01807301	      0.03168684	      0.05912328
     40.26000000	      0.01805320	      0.03166948	      0.05905218
     40.26400000	      0.01804323	      0.03166073	      0.05916465
     40.26800000	      0.01807809	      0.03169130	      0.05905626
     40.27200000	      0.01816800	      0.03177001	      0.05927401
     40.27600000	      0.01814694	      0.03175159	      0.05918657
     40.28000000	      0.01804498	      0.03166226	      0.05901269
     40.28400000	      0.01804720	      0.03166421	      0.05902881
     40.28800000	      0.01810562	      0.03171542	      0.05900048
     40.29200000	      0.01817459	      0.03177577	      0.05907596
     40.29600000	      0.01823227	      0.03182615	      0.05918676
     40.30000000	      0.01816006	      0.03176306	      0.05937068
     40.30400000	      0.01813893	      0.03174458	      0.05898313
     40.30800000	      0.01811420	      0.03172293	      0.05899758
     40.31200000	      0.01814752	      0.03175210	      0.05902193
     40.31600000	      0.01823519	      0.03182870	      0.05921950
     40.32000000	      0.01825999	      0.03185033	      0.05911402
     40.32400000	      0.01827338	      0.03186201	      0.05887658
     40.32800000	      0.01827653	      0.03186476	      0.05885753
     40.33200000	      0.01826174	      0.03185186	      0.05884370
     40.33600000	      0.01825751	      0.03184817	      0.05907700
     40.34000000	      0.01825244	      0.03184375	      0.05877052
     40.34400000	      0.01824543	      0.03183763	      0.05877885
     40.34800000	      0.01823238	      0.03182624	      0.05874879
     40.35200000	      0.01821806	      0.03181375	      0.05862205
     40.35600000	      0.01820899	      0.03180583	      0.05867986
     40.36000000	      0.01820154	      0.03179932	      0.05856664
     40.36400000	      0.01819199	      0.03179097	      0.05835430
     40.36800000	      0.01818763	      0.03178716	      0.05836037
     40.37200000	      0.01814278	      0.03174795	      0.05859683
     40.37600000	      0.01804580	      0.03166298	      0.05808830
     40.38000000	      0.01802162	      0.03164177	      0.05795658
     40.38400000	      0.01801241	      0.03163367	      0.05789111
     40.38800000	      0.01800685	      0.03162879	      0.05811490
     40.39200000	      0.01799685	      0.03162001	      0.05764766
     40.39600000	      0.01798768	      0.03161195	      0.05762729
     40.40000000	      0.01798396	      0.03160868	      0.05757781
     40.40400000	      0.01798338	      0.03160817	      0.05754048
     40.40800000	      0.01797375	      0.03159971	      0.05729021
     40.41200000	      0.01800487	      0.03162705	      0.05734135
     40.41600000	      0.01808988	      0.03170163	      0.05737671
     40.42000000	      0.01810651	      0.03171619	      0.05734654
     40.42400000	      0.01805291	      0.03166922	      0.05694358
     40.42800000	      0.01793970	      0.03156976	      0.05610899
     40.43200000	      0.01790152	      0.03153616	      0.05567843
     40.43600000	      0.01793332	      0.03156415	      0.05595933
     40.44000000	      0.01798866	      0.03161281	      0.05631524
     40.44400000	      0.01790016	      0.03153496	      0.05565681
     40.44800000	      0.01782515	      0.03146881	      0.05534304
     40.45200000	      0.01775498	      0.03140681	      0.05507279
     40.45600000	      0.01780545	      0.03145142	      0.05502440
     40.46000000	      0.01779215	      0.03143967	      0.05474684
     40.46400000	      0.01778450	      0.03143291	      0.05472662
     40.46800000	      0.01773154	      0.03138607	      0.05459721
     40.47200000	      0.01763212	      0.03129796	      0.05438506
     40.47600000	      0.01759897	      0.03126852	      0.05424807
     40.48000000	      0.01758140	      0.03125291	      0.05414779
     40.48400000	      0.01756953	      0.03124236	      0.05405253
     40.48800000	      0.01760252	      0.03127168	      0.05405717
     40.49200000	      0.01768525	      0.03134508	      0.05396427
     40.49600000	      0.01769967	      0.03135785	      0.05398976
     40.50000000	      0.01769588	      0.03135450	      0.05390097
     40.50400000	      0.01768943	      0.03134878	      0.05385769
     40.50800000	      0.01767673	      0.03133753	      0.05372639
     40.51200000	      0.01766417	      0.03132639	      0.05363401
     40.51600000	      0.01765923	      0.03132201	      0.05365669
     40.52000000	      0.01764648	      0.03131070	      0.05356224
     40.52400000	      0.01758865	      0.03125935	      0.05364455
     40.52800000	      0.01748615	      0.03116813	      0.05354113
     40.53200000	      0.01745222	      0.03113788	      0.05352202
     40.53600000	      0.01743116	      0.03111909	      0.05351639
     40.54000000	      0.01741643	      0.03110594	      0.05352315
     40.54400000	      0.01740807	      0.03109847	      0.05353064
     40.54800000	      0.01739889	      0.03109027	      0.05353822
     40.55200000	      0.01739124	      0.03108344	      0.05354526
     40.55600000	      0.01738743	      0.03108003	      0.05355110
     40.56000000	      0.01738280	      0.03107589	      0.05355313
     40.56400000	      0.01737070	      0.03106507	      0.05369943
     40.56800000	      0.01736275	      0.03105797	      0.05363852
     40.57200000	      0.01735368	      0.03104985	      0.05360090
     40.57600000	      0.01734091	      0.03103842	      0.05356911
     40.58000000	      0.01732738	      0.03102632	      0.05354679
     40.58400000	      0.01730612	      0.03100728	      0.05353572
     40.58800000	      0.01727407	      0.03097855	      0.05353328
     40.59200000	      0.01724212	      0.03094989	      0.05369408
     40.59600000	      0.01721661	      0.03092698	      0.05365832
     40.60000000	      0.01724504	      0.03095251	      0.05358188
     40.60400000	      0.01731715	      0.03101716	      0.05364329
     40.60800000	      0.01733321	      0.03103154	      0.05358248
     40.61200000	      0.01728941	      0.03099230	      0.05357603
     40.61600000	      0.01724463	      0.03095214	      0.05353852
     40.62000000	      0.01729821	      0.03100019	      0.05353898
     40.62400000	      0.01733375	      0.03103202	      0.05368445
     40.62800000	      0.01740631	      0.03109690	      0.05367592
     40.63200000	      0.01737381	      0.03106786	      0.05364530
     40.63600000	      0.01727601	      0.03098029	      0.05360452
     40.64000000	      0.01723881	      0.03094692	      0.05379438
     40.64400000	      0.01722063	      0.03093059	      0.05370073
     40.64800000	      0.01724715	      0.03095441	      0.05367431
     40.65200000	      0.01728441	      0.03098782	      0.05365806
     40.65600000	      0.01719717	      0.03090951	      0.05383529
     40.66000000	      0.01716553	      0.03088107	      0.05369773
     40.66400000	      0.01714645	      0.03086391	      0.05380532
     40.66800000	      0.01714031	      0.03085838	      0.05384846
     40.67200000	      0.01713600	      0.03085450	      0.05402337
     40.67600000	      0.01711760	      0.03083792	      0.05392058
     40.68000000	      0.01708982	      0.03081289	      0.05385401
     40.68400000	      0.01706885	      0.03079398	      0.05378271
     40.68800000	      0.01705369	      0.03078030	      0.05397177
     40.69200000	      0.01704278	      0.03077046	      0.05400985
     40.69600000	      0.01703203	      0.03076076	      0.05388252
     40.70000000	      0.01700771	      0.03073878	      0.05383046
     40.70400000	      0.01697990	      0.03071364	      0.05392717
     40.70800000	      0.01697084	      0.03070545	      0.05379780
     40.71200000	      0.01695649	      0.03069246	      0.05376711
     40.71600000	      0.01693228	      0.03067054	      0.05396272
     40.72000000	      0.01690450	      0.03064538	      0.05383909
     40.72400000	      0.01689475	      0.03063654	      0.05380330
     40.72800000	      0.01687183	      0.03061575	      0.05393793
     40.73200000	      0.01686515	      0.03060968	      0.05385782
     40.73600000	      0.01689794	      0.03063942	      0.05381371
     40.74000000	      0.01694138	      0.03067878	      0.05378159
     40.74400000	      0.01688122	      0.03062427	      0.05401696
     40.74800000	      0.01693824	      0.03067594	      0.05412598
     40.75200000	      0.01691840	      0.03065797	      0.05405109
     40.75600000	      0.01684911	      0.03059512	      0.05398665
     40.76000000	      0.01673434	      0.03049075	      0.05390195
     40.76400000	      0.01668223	      0.03044323	      0.05399704
     40.76800000	      0.01665543	      0.03041877	      0.05390654
     40.77200000	      0.01663243	      0.03039776	      0.05386933
     40.77600000	      0.01661247	      0.03037952	      0.05384784
     40.78000000	      0.01663480	      0.03039993	      0.05402653
     40.78400000	      0.01671931	      0.03047705	      0.05399413
     40.78800000	      0.01673277	      0.03048932	      0.05398805
     40.79200000	      0.01672360	      0.03048096	      0.05422487
     40.79600000	      0.01669232	      0.03045244	      0.05409004
     40.80000000	      0.01667084	      0.03043284	      0.05402939
     40.80400000	      0.01660930	      0.03037662	      0.05396733
     40.80800000	      0.01649446	      0.03027142	      0.05403994
     40.81200000	      0.01646466	      0.03024407	      0.05414399
     40.81600000	      0.01644319	      0.03022434	      0.05404054
     40.82000000	      0.01642621	      0.03020872	      0.05398079
     40.82400000	      0.01641267	      0.03019627	      0.05414044
     40.82800000	      0.01641177	      0.03019544	      0.05401456
     40.83200000	      0.01641544	      0.03019882	      0.05396103
     40.83600000	      0.01641946	      0.03020252	      0.05410704
     40.84000000	      0.01641971	      0.03020275	      0.05428876
     40.84400000	      0.01643214	      0.03021418	      0.05458981
     40.84800000	      0.01643513	      0.03021692	      0.05474498
     40.85200000	      0.01644157	      0.03022285	      0.05496163
     40.85600000	      0.01649213	      0.03026928	      0.05520878
     40.86000000	      0.01660352	      0.03037133	      0.05541879
     40.86400000	      0.01657459	      0.03034486	      0.05523968
     40.86800000	      0.01640037	      0.03018496	      0.05434434
     40.87200000	      0.01625311	      0.03004913	      0.05407839
     40.87600000	      0.01613014	      0.02993524	      0.05472859
     40.88000000	      0.01610400	      0.02991098	      0.05465582
     40.88400000	      0.01608654	      0.02989476	      0.05468735
     40.88800000	      0.01606161	      0.02987158	      0.05475223
     40.89200000	      0.01604428	      0.02985547	      0.05468212
     40.89600000	      0.01607369	      0.02988282	      0.05479718
     40.90000000	      0.01611309	      0.02991942	      0.05488923
     40.90400000	      0.01602027	      0.02983312	      0.05491215
     40.90800000	      0.01598831	      0.02980335	      0.05493306
     40.91200000	      0.01597172	      0.02978788	      0.05488193
     40.91600000	      0.01595113	      0.02976868	      0.05495456
     40.92000000	      0.01591523	      0.02973515	      0.05505117
     40.92400000	      0.01589325	      0.02971462	      0.05509043
     40.92800000	      0.01587255	      0.02969526	      0.05502411
     40.93200000	      0.01585459	      0.02967845	      0.05510108
     40.93600000	      0.01582873	      0.02965424	      0.05516658
     40.94000000	      0.01581234	      0.02963888	      0.05510372
     40.94400000	      0.01579582	      0.02962340	      0.05521730
     40.94800000	      0.01577184	      0.02960090	      0.05528433
     40.95200000	      0.01575152	      0.02958183	      0.05523319
     40.95600000	      0.01573197	      0.02956346	      0.05529126
     40.96000000	      0.01570952	      0.02954236	      0.05533674
     40.96400000	      0.01569172	      0.02952562	      0.05528683
     40.96800000	      0.01575976	      0.02958956	      0.05418569
     40.97200000	      0.01571344	      0.02954605	      0.05506324
     40.97600000	      0.01569663	      0.02953024	      0.05503481
     40.98000000	      0.01567844	      0.02951313	      0.05495143
     40.98400000	      0.01566373	      0.02949927	      0.05494632
     40.98800000	      0.01565178	      0.02948802	      0.05501823
     40.99200000	      0.01563092	      0.02946836	      0.05496538
     40.99600000	      0.01561308	      0.02945155	      0.05498567
     41.00000000	      0.01560264	      0.02944169	      0.05500727
     41.00400000	      0.01559258	      0.02943220	      0.05512668
     41.00800000	      0.01558419	      0.02942428	      0.05520426
     41.01200000	      0.01557583	      0.02941639	      0.05525593
     41.01600000	      0.01556201	      0.02940334	      0.05528798
     41.02000000	      0.01555853	      0.02940005	      0.05527196
     41.02400000	      0.01553960	      0.02938216	      0.05530644
     41.02800000	      0.01551352	      0.02935749	      0.05530346
     41.03200000	      0.01549184	      0.02933697	      0.05535020
     41.03600000	      0.01546749	      0.02931391	      0.05531900
     41.04000000	      0.01544378	      0.02929143	      0.05536397
     41.04400000	      0.01542381	      0.02927248	      0.05537626
     41.04800000	      0.01540285	      0.02925259	      0.05536077
     41.05200000	      0.01538538	      0.02923600	      0.05536449
     41.05600000	      0.01535973	      0.02921161	      0.05525161
     41.06000000	      0.01534297	      0.02919567	      0.05521108
     41.06400000	      0.01533543	      0.02918850	      0.05508319
     41.06800000	      0.01532544	      0.02917899	      0.05503512
     41.07200000	      0.01531310	      0.02916724	      0.05498575
     41.07600000	      0.01530495	      0.02915948	      0.05501377
     41.08000000	      0.01529031	      0.02914553	      0.05504328
     41.08400000	      0.01527310	      0.02912912	      0.05506700
     41.08800000	      0.01525800	      0.02911472	      0.05511872
     41.09200000	      0.01523912	      0.02909670	      0.05502553
     41.09600000	      0.01521764	      0.02907619	      0.05502113
     41.10000000	      0.01519063	      0.02905037	      0.05505979
     41.10400000	      0.01520563	      0.02906471	      0.05524739
     41.10800000	      0.01529409	      0.02914913	      0.05512665
     41.11200000	      0.01533529	      0.02918836	      0.05519943
     41.11600000	      0.01536551	      0.02921711	      0.05516258
     41.12000000	      0.01535254	      0.02920478	      0.05522475
     41.12400000	      0.01534364	      0.02919630	      0.05511443
     41.12800000	      0.01532338	      0.02917703	      0.05502407
     41.13200000	      0.01531268	      0.02916684	      0.05505478
     41.13600000	      0.01530386	      0.02915844	      0.05501385
     41.14000000	      0.01526901	      0.02912522	      0.05503725
     41.14400000	      0.01521481	      0.02907348	      0.05505232
     41.14800000	      0.01515992	      0.02902099	      0.05498013
     41.15200000	      0.01507819	      0.02894265	      0.05479067
     41.15600000	      0.01505371	      0.02891915	      0.05489212
     41.16000000	      0.01502858	      0.02889500	      0.05474622
     41.16400000	      0.01494385	      0.02881344	      0.05477858
     41.16800000	      0.01497564	      0.02884407	      0.05476347
     41.17200000	      0.01501423	      0.02888120	      0.05483709
     41.17600000	      0.01497868	      0.02884699	      0.05467047
     41.18000000	      0.01491436	      0.02878499	      0.05471867
     41.18400000	      0.01203110	      0.02585332	      0.05405768
     41.18800000	      0.01201578	      0.02583686	      0.05399404
     41.19200000	      0.01200127	      0.02582126	      0.05410327
     41.19600000	      0.01198246	      0.02580101	      0.05401088
     41.20000000	      0.01196317	      0.02578023	      0.05391311
     41.20400000	      0.01193409	      0.02574888	      0.05402603
     41.20800000	      0.01189140	      0.02570278	      0.05393555
     41.21200000	      0.01187709	      0.02568731	      0.05405366
     41.21600000	      0.01186939	      0.02567900	      0.05381978
     41.22000000	      0.01184049	      0.02564771	      0.05392464
     41.22400000	      0.01181957	      0.02562505	      0.05367191
     41.22800000	      0.01180142	      0.02560536	      0.05374816
     41.23200000	      0.01178258	      0.02558492	      0.05348462
     41.23600000	      0.01176876	      0.02556990	      0.05357040
     41.24000000	      0.01175500	      0.02555495	      0.05332414
     41.24400000	      0.01174962	      0.02554911	      0.05344068
     41.24800000	      0.01477912	      0.02865419	      0.05481167
     41.25200000	      0.01476021	      0.02863585	      0.05489239
     41.25600000	      0.01473860	      0.02861488	      0.05481993
     41.26000000	      0.01170444	      0.02549993	      0.05267464
     41.26400000	      0.01169466	      0.02548928	      0.05275189
     41.26800000	      0.01472332	      0.02860004	      0.05492137
     41.27200000	      0.01474654	      0.02862258	      0.05483909
     41.27600000	      0.01474688	      0.02862292	      0.05503209
     41.28000000	      0.01473724	      0.02861356	      0.05493485
     41.28400000	      0.01470442	      0.02858168	      0.05489664
     41.28800000	      0.01469355	      0.02857111	      0.05490455
     41.29200000	      0.01466689	      0.02854518	      0.05493394
     41.29600000	      0.01460784	      0.02848766	      0.05520535
     41.30000000	      0.01458723	      0.02846756	      0.05511530
     41.30400000	      0.01457785	      0.02845840	      0.05516746
     41.30800000	      0.01454900	      0.02843022	      0.05504798
     41.31200000	      0.01455233	      0.02843348	      0.05505058
     41.31600000	      0.01454622	      0.02842751	      0.05527874
     41.32000000	      0.01453270	      0.02841429	      0.05517153
     41.32400000	      0.01450457	      0.02838678	      0.05529316
     41.32800000	      0.01443619	      0.02831979	      0.05505938
     41.33200000	      0.01441062	      0.02829470	      0.05508283
     41.33600000	      0.01148736	      0.02526235	      0.05194869
     41.34000000	      0.01146667	      0.02523960	      0.05192960
     41.34400000	      0.01145792	      0.02522997	      0.05201456
     41.34800000	      0.01144288	      0.02521340	      0.05203371
     41.35200000	      0.01426693	      0.02815328	      0.05497320
     41.35600000	      0.01425076	      0.02813732	      0.05499310
     41.36000000	      0.01424371	      0.02813036	      0.05499194
     41.36400000	      0.01423817	      0.02812489	      0.05493216
     41.36800000	      0.01423620	      0.02812295	      0.05494061
     41.37200000	      0.01423283	      0.02811962	      0.05498017
     41.37600000	      0.01422600	      0.02811286	      0.05490609
     41.38000000	      0.01422448	      0.02811137	      0.05493192
     41.38400000	      0.01422327	      0.02811017	      0.05485174
     41.38800000	      0.01421452	      0.02810152	      0.05506410
     41.39200000	      0.01420929	      0.02809635	      0.05498758
     41.39600000	      0.01420655	      0.02809364	      0.05502487
     41.40000000	      0.01420347	      0.02809059	      0.05490722
     41.40400000	      0.01420017	      0.02808733	      0.05493564
     41.40800000	      0.01419535	      0.02808256	      0.05492718
     41.41200000	      0.01418521	      0.02807254	      0.05506712
     41.41600000	      0.01418004	      0.02806742	      0.05501619
     41.42000000	      0.01417575	      0.02806318	      0.05498683
     41.42400000	      0.01416743	      0.02805494	      0.05508361
     41.42800000	      0.01415897	      0.02804656	      0.05504255
     41.43200000	      0.01416163	      0.02804919	      0.05504250
     41.43600000	      0.01416883	      0.02805633	      0.05487014
     41.44000000	      0.01415596	      0.02804358	      0.05481054
     41.44400000	      0.01415733	      0.02804494	      0.05484646
     41.44800000	      0.01412728	      0.02801516	      0.05513770
     41.45200000	      0.01410149	      0.02798957	      0.05515950
     41.45600000	      0.01409550	      0.02798363	      0.05514068
     41.46000000	      0.01408156	      0.02796979	      0.05513267
     41.46400000	      0.01408834	      0.02797652	      0.05507711
     41.46800000	      0.01408354	      0.02797175	      0.05506127
     41.47200000	      0.01407533	      0.02796360	      0.05507803
     41.47600000	      0.01409327	      0.02798142	      0.05505578
     41.48000000	      0.01410693	      0.02799496	      0.05509351
     41.48400000	      0.01408725	      0.02797544	      0.05522472
     41.48800000	      0.01409024	      0.02797841	      0.05518833
     41.49200000	      0.01408731	      0.02797549	      0.05517071
     41.49600000	      0.01407328	      0.02796156	      0.05523552
     41.50000000	      0.01409563	      0.02798376	      0.05519208
     41.50400000	      0.01408769	      0.02797587	      0.05521675
     41.50800000	      0.01408100	      0.02796923	      0.05519505
     41.51200000	      0.01409507	      0.02798320	      0.05514889
     41.51600000	      0.01411635	      0.02800431	      0.05516348
     41.52000000	      0.01411500	      0.02800298	      0.05513644
     41.52400000	      0.01408933	      0.02797750	      0.05516620
     41.52800000	      0.01410092	      0.02798900	      0.05516086
     41.53200000	      0.01411248	      0.02800048	      0.05513766
     41.53600000	      0.01409361	      0.02798175	      0.05512274
     41.54000000	      0.01407046	      0.02795876	      0.05513335
     41.54400000	      0.01406468	      0.02795301	      0.05513023
     41.54800000	      0.01406799	      0.02795631	      0.05509392
     41.55200000	      0.01409151	      0.02797967	      0.05511471
     41.55600000	      0.01411533	      0.02800331	      0.05512648
     41.56000000	      0.01409995	      0.02798805	      0.05510630
     41.56400000	      0.01408419	      0.02797240	      0.05514994
     41.56800000	      0.01410345	      0.02799152	      0.05513711
     41.57200000	      0.01412274	      0.02801066	      0.05516825
     41.57600000	      0.01411858	      0.02800653	      0.05520254
     41.58000000	      0.01411106	      0.02799907	      0.05521664
     41.58400000	      0.01411614	      0.02800411	      0.05526834
     41.58800000	      0.01409146	      0.02797961	      0.05510766
     41.59200000	      0.01409297	      0.02798112	      0.05514847
     41.59600000	      0.01412069	      0.02800862	      0.05525376
     41.60000000	      0.01412903	      0.02801689	      0.05529094
     41.60400000	      0.01413271	      0.02802054	      0.05530061
     41.60800000	      0.01413782	      0.02802560	      0.05533855
     41.61200000	      0.01413913	      0.02802690	      0.05537482
     41.61600000	      0.01414489	      0.02803261	      0.05540153
     41.62000000	      0.01414284	      0.02803058	      0.05539993
     41.62400000	      0.01413295	      0.02802077	      0.05543326
     41.62800000	      0.01414005	      0.02802782	      0.05559038
     41.63200000	      0.01415607	      0.02804369	      0.05561652
     41.63600000	      0.01415203	      0.02803969	      0.05541741
     41.64000000	      0.01415744	      0.02804505	      0.05544914
     41.64400000	      0.01413508	      0.02802289	      0.05547273
     41.64800000	      0.01414285	      0.02803059	      0.05523667
     41.65200000	      0.01416865	      0.02805615	      0.05527814
     41.65600000	      0.01416932	      0.02805681	      0.05542011
     41.66000000	      0.01417698	      0.02806439	      0.05546752
     41.66400000	      0.01416188	      0.02804944	      0.05547374
     41.66800000	      0.01416145	      0.02804901	      0.05524325
     41.67200000	      0.01416346	      0.02805100	      0.05525138
     41.67600000	      0.01419133	      0.02807859	      0.05535471
     41.68000000	      0.01421941	      0.02810635	      0.05529822
     41.68400000	      0.01423800	      0.02812473	      0.05530584
     41.68800000	      0.01424824	      0.02813483	      0.05517731
     41.69200000	      0.01425237	      0.02813891	      0.05521873
     41.69600000	      0.01425993	      0.02814638	      0.05531980
     41.70000000	      0.01426817	      0.02815451	      0.05540368
     41.70400000	      0.01426607	      0.02815243	      0.05508161
     41.70800000	      0.01427866	      0.02816485	      0.05518004
     41.71200000	      0.01430232	      0.02818818	      0.05514706
     41.71600000	      0.01431840	      0.02820402	      0.05524266
     41.72000000	      0.01431967	      0.02820526	      0.05506065
     41.72400000	      0.01431818	      0.02820380	      0.05517823
     41.72800000	      0.01432048	      0.02820607	      0.05526379
     41.73200000	      0.01433374	      0.02821912	      0.05505705
     41.73600000	      0.01434836	      0.02823351	      0.05507224
     41.74000000	      0.01435141	      0.02823651	      0.05506280
     41.74400000	      0.01435465	      0.02823970	      0.05510135
     41.74800000	      0.01436374	      0.02824864	      0.05519404
     41.75200000	      0.01437548	      0.02826018	      0.05518610
     41.75600000	      0.01437786	      0.02826252	      0.05506409
     41.76000000	      0.01439793	      0.02828224	      0.05510992
     41.76400000	      0.01441688	      0.02830084	      0.05511480
     41.76800000	      0.01442379	      0.02830762	      0.05527016
     41.77200000	      0.01443569	      0.02831930	      0.05526507
     41.77600000	      0.01446028	      0.02834341	      0.05520163
     41.78000000	      0.01448540	      0.02836802	      0.05536225
     41.78400000	      0.01449394	      0.02837638	      0.05519394
     41.78800000	      0.01448657	      0.02836916	      0.05538565
     41.79200000	      0.01451339	      0.02839541	      0.05519664
     41.79600000	      0.01455701	      0.02843805	      0.05525798
     41.80000000	      0.01456534	      0.02844618	      0.05521270
     41.80400000	      0.01457167	      0.02845236	      0.05514102
     41.80800000	      0.01459214	      0.02847235	      0.05527355
     41.81200000	      0.01461306	      0.02849274	      0.05521791
     41.81600000	      0.01462337	      0.02850279	      0.05523053
     41.82000000	      0.01463388	      0.02851304	      0.05492918
     41.82400000	      0.01467071	      0.02854890	      0.05495679
     41.82800000	      0.01469662	      0.02857410	      0.05516943
     41.83200000	      0.01469987	      0.02857725	      0.05521795
     41.83600000	      0.01471265	      0.02858967	      0.05490740
     41.84000000	      0.01473689	      0.02861322	      0.05494629
     41.84400000	      0.01476714	      0.02864256	      0.05503183
     41.84800000	      0.01478941	      0.02866415	      0.05497393
     41.85200000	      0.01483026	      0.02870372	      0.05495161
     41.85600000	      0.01487359	      0.02874562	      0.05517215
     41.86000000	      0.01487804	      0.02874991	      0.05504961
     41.86400000	      0.01489009	      0.02876156	      0.05495966
     41.86800000	      0.01491065	      0.02878141	      0.05521598
     41.87200000	      0.01493349	      0.02880344	      0.05514397
     41.87600000	      0.01497510	      0.02884354	      0.05518841
     41.88000000	      0.01500526	      0.02887257	      0.05535790
     41.88400000	      0.01502517	      0.02889172	      0.05524061
     41.88800000	      0.01501597	      0.02888287	      0.05537035
     41.89200000	      0.01501522	      0.02888216	      0.05541152
     41.89600000	      0.01502700	      0.02889348	      0.05543308
     41.90000000	      0.01505052	      0.02891608	      0.05536254
     41.90400000	      0.01509006	      0.02895404	      0.05547769
     41.90800000	      0.01514343	      0.02900521	      0.05548761
     41.91200000	      0.01517564	      0.02903603	      0.05549256
     41.91600000	      0.01518895	      0.02904876	      0.05549594
     41.92000000	      0.01520988	      0.02906877	      0.05539998
     41.92400000	      0.01521248	      0.02907125	      0.05562137
     41.92800000	      0.01523258	      0.02909045	      0.05556012
     41.93200000	      0.01526909	      0.02912529	      0.05571147
     41.93600000	      0.01530896	      0.02916329	      0.05574586
     41.94000000	      0.01532387	      0.02917750	      0.05577674
     41.94400000	      0.01532427	      0.02917788	      0.05572025
     41.94800000	      0.01530419	      0.02915875	      0.05576672
     41.95200000	      0.01531363	      0.02916774	      0.05579044
     41.95600000	      0.01532642	      0.02917992	      0.05578029
     41.96000000	      0.01536004	      0.02921191	      0.05578498
     41.96400000	      0.01541209	      0.02926136	      0.05579934
     41.96800000	      0.01544313	      0.02929081	      0.05591068
     41.97200000	      0.01546957	      0.02931588	      0.05590925
     41.97600000	      0.01549157	      0.02933672	      0.05589324
     41.98000000	      0.01554065	      0.02938315	      0.05598706
     41.98400000	      0.01562660	      0.02946429	      0.05595993
     41.98800000	      0.01565325	      0.02948941	      0.05597147
     41.99200000	      0.01562463	      0.02946243	      0.05579666
     41.99600000	      0.01556648	      0.02940756	      0.05561868
     42.00000000	      0.01554955	      0.02939156	      0.05549386
     42.00400000	      0.01556593	      0.02940703	      0.05545622
     42.00800000	      0.01557687	      0.02941737	      0.05530556
     42.01200000	      0.01557586	      0.02941641	      0.05518887
     42.01600000	      0.01556563	      0.02940676	      0.05513151
     42.02000000	      0.01559142	      0.02943111	      0.05502489
     42.02400000	      0.01566068	      0.02949640	      0.05495684
     42.02800000	      0.01560660	      0.02944543	      0.05492070
     42.03200000	      0.01563816	      0.02947518	      0.05491397
     42.03600000	      0.01563879	      0.02947578	      0.05482621
     42.04000000	      0.01562926	      0.02946680	      0.05471007
     42.04400000	      0.01560006	      0.02943926	      0.05455716
     42.04800000	      0.01561703	      0.02945527	      0.05443685
     42.05200000	      0.01566601	      0.02950142	      0.05450166
     42.05600000	      0.01568020	      0.02951478	      0.05467751
     42.06000000	      0.01568946	      0.02952349	      0.05454194
     42.06400000	      0.01570481	      0.02953794	      0.05459207
     42.06800000	      0.01571091	      0.02954367	      0.05440905
     42.07200000	      0.01572674	      0.02955855	      0.05434286
     42.07600000	      0.01573969	      0.02957072	      0.05430158
     42.08000000	      0.01575576	      0.02958581	      0.05430848
     42.08400000	      0.01577844	      0.02960709	      0.05425298
     42.08800000	      0.01580587	      0.02963282	      0.05435324
     42.09200000	      0.01589253	      0.02971394	      0.05423351
     42.09600000	      0.01606747	      0.02987704	      0.05422412
     42.10000000	      0.01612392	      0.02992947	      0.05436049
     42.10400000	      0.01607999	      0.02988868	      0.05442433
     42.10800000	      0.01594562	      0.02976353	      0.05425071
     42.11200000	      0.01597004	      0.02978632	      0.05437620
     42.11600000	      0.01601304	      0.02982639	      0.05425833
     42.12000000	      0.01595313	      0.02977053	      0.05437763
     42.12400000	      0.01595404	      0.02977139	      0.05423094
     42.12800000	      0.01597707	      0.02979286	      0.05436098
     42.13200000	      0.01599000	      0.02980493	      0.05422410
     42.13600000	      0.01601299	      0.02982634	      0.05435532
     42.14000000	      0.01606461	      0.02987438	      0.05429702
     42.14400000	      0.01617130	      0.02997341	      0.05442927
     42.14800000	      0.01621945	      0.03001800	      0.05430205
     42.15200000	      0.01623624	      0.03003353	      0.05439545
     42.15600000	      0.01624858	      0.03004495	      0.05423723
     42.16000000	      0.01627410	      0.03006853	      0.05422185
     42.16400000	      0.01631614	      0.03010735	      0.05428038
     42.16800000	      0.01599088	      0.02980575	      0.05423519
     42.17200000	      0.01601124	      0.02982471	      0.05427630
     42.17600000	      0.01602602	      0.02983847	      0.05424060
     42.18000000	      0.01604225	      0.02985358	      0.05423454
     42.18400000	      0.01607156	      0.02988084	      0.05421351
     42.18800000	      0.01609036	      0.02989831	      0.05428632
     42.19200000	      0.01610459	      0.02991153	      0.05416329
     42.19600000	      0.01611600	      0.02992212	      0.05423507
     42.20000000	      0.01612840	      0.02993363	      0.05421016
     42.20400000	      0.01614629	      0.02995022	      0.05434030
     42.20800000	      0.01617752	      0.02997918	      0.05434272
     42.21200000	      0.01616091	      0.02996378	      0.05428297
     42.21600000	      0.01615524	      0.02995853	      0.05435593
     42.22000000	      0.01633489	      0.03012464	      0.05441774
     42.22400000	      0.01640063	      0.03018520	      0.05449143
     42.22800000	      0.01640912	      0.03019300	      0.05436168
     42.23200000	      0.01637599	      0.03016251	      0.05421493
     42.23600000	      0.01630695	      0.03009886	      0.05425903
     42.24000000	      0.01630352	      0.03009570	      0.05419399
     42.24400000	      0.01631597	      0.03010718	      0.05426322
     42.24800000	      0.01626733	      0.03006228	      0.05424868
     42.25200000	      0.01617877	      0.02998034	      0.05405290
     42.25600000	      0.01617192	      0.02997399	      0.05407480
     42.26000000	      0.01618555	      0.02998662	      0.05407313
     42.26400000	      0.01624185	      0.03003873	      0.05396696
     42.26800000	      0.01631504	      0.03010633	      0.05402235
     42.27200000	      0.01659444	      0.03036302	      0.05393833
     42.27600000	      0.01659596	      0.03036441	      0.05396658
     42.28000000	      0.01661559	      0.03038236	      0.05397674
     42.28400000	      0.01663361	      0.03039884	      0.05398435
     42.28800000	      0.01665304	      0.03041659	      0.05398208
     42.29200000	      0.01666843	      0.03043064	      0.05386513
     42.29600000	      0.01668079	      0.03044192	      0.05389117
     42.30000000	      0.01669667	      0.03045641	      0.05388881
     42.30400000	      0.01672253	      0.03047998	      0.05386991
     42.30800000	      0.01674021	      0.03049609	      0.05387243
     42.31200000	      0.01671651	      0.03047450	      0.05387183
     42.31600000	      0.01668037	      0.03044153	      0.05376425
     42.32000000	      0.01671799	      0.03047585	      0.05379821
     42.32400000	      0.01666663	      0.03042900	      0.05395915
     42.32800000	      0.01666073	      0.03042361	      0.05375556
     42.33200000	      0.01667160	      0.03043353	      0.05375238
     42.33600000	      0.01668820	      0.03044869	      0.05376335
     42.34000000	      0.01669611	      0.03045590	      0.05383671
     42.34400000	      0.01672175	      0.03047927	      0.05412921
     42.34800000	      0.01673995	      0.03049586	      0.05414550
     42.35200000	      0.01676676	      0.03052027	      0.05391312
     42.35600000	      0.01679256	      0.03054374	      0.05402273
     42.36000000	      0.01681463	      0.03056381	      0.05402031
     42.36400000	      0.01681087	      0.03056039	      0.05367386
     42.36800000	      0.01682178	      0.03057030	      0.05374700
     42.37200000	      0.01685812	      0.03060330	      0.05381178
     42.37600000	      0.01691792	      0.03065753	      0.05387541
     42.38000000	      0.01701152	      0.03074223	      0.05374523
     42.38400000	      0.01710762	      0.03082893	      0.05376982
     42.38800000	      0.01716063	      0.03087666	      0.05380590
     42.39200000	      0.01718018	      0.03089425	      0.05383842
     42.39600000	      0.01719963	      0.03091173	      0.05384492
     42.40000000	      0.01721303	      0.03092377	      0.05386971
     42.40400000	      0.01726761	      0.03097276	      0.05392876
     42.40800000	      0.01737909	      0.03107258	      0.05398231
     42.41200000	      0.01740255	      0.03109354	      0.05370982
     42.41600000	      0.01736395	      0.03105904	      0.05377647
     42.42000000	      0.01732454	      0.03102377	      0.05381531
     42.42400000	      0.01742418	      0.03111286	      0.05385580
     42.42800000	      0.01747196	      0.03115549	      0.05366311
     42.43200000	      0.01749235	      0.03117366	      0.05373709
     42.43600000	      0.01750518	      0.03118509	      0.05378364
     42.44000000	      0.01751573	      0.03119449	      0.05380394
     42.44400000	      0.01753978	      0.03121590	      0.05383294
     42.44800000	      0.01753863	      0.03121487	      0.05357153
     42.45200000	      0.01745942	      0.03114430	      0.05354398
     42.45600000	      0.01744742	      0.03113360	      0.05339575
     42.46000000	      0.01745916	      0.03114408	      0.05351179
     42.46400000	      0.01748157	      0.03116406	      0.05355589
     42.46800000	      0.01750835	      0.03118791	      0.05357301
     42.47200000	      0.01751886	      0.03119728	      0.05364771
     42.47600000	      0.01758041	      0.03125203	      0.05352542
     42.48000000	      0.01767248	      0.03133376	      0.05348139
     42.48400000	      0.01765390	      0.03131729	      0.05356943
     42.48800000	      0.01770421	      0.03136188	      0.05386049
     42.49200000	      0.01771918	      0.03137513	      0.05386224
     42.49600000	      0.01771742	      0.03137357	      0.05402596
     42.50000000	      0.01773700	      0.03139090	      0.05409793
     42.50400000	      0.01779089	      0.03143856	      0.05454768
     42.50800000	      0.01791204	      0.03154542	      0.05545004
     42.51200000	      0.01794105	      0.03157095	      0.05572701
     42.51600000	      0.01795958	      0.03158725	      0.05588628
     42.52000000	      0.01797694	      0.03160252	      0.05595817
     42.52400000	      0.01799292	      0.03161656	      0.05603027
     42.52800000	      0.01801175	      0.03163310	      0.05611935
     42.53200000	      0.01803224	      0.03165108	      0.05616259
     42.53600000	      0.01805439	      0.03167051	      0.05627048
     42.54000000	      0.01812906	      0.03173594	      0.05641710
     42.54400000	      0.01824121	      0.03183395	      0.05679404
     42.54800000	      0.01828249	      0.03186995	      0.05695904
     42.55200000	      0.01831130	      0.03189505	      0.05710265
     42.55600000	      0.01831921	      0.03190194	      0.05716820
     42.56000000	      0.01839141	      0.03196474	      0.05719691
     42.56400000	      0.01850409	      0.03206252	      0.05715254
     42.56800000	      0.01845892	      0.03202336	      0.05713996
     42.57200000	      0.01842410	      0.03199314	      0.05709230
     42.57600000	      0.01834993	      0.03192868	      0.05714105
     42.58000000	      0.01833429	      0.03191507	      0.05718732
     42.58400000	      0.01832539	      0.03190732	      0.05721487
     42.58800000	      0.01838635	      0.03196035	      0.05726188
     42.59200000	      0.01858372	      0.03213143	      0.05726980
     42.59600000	      0.01864800	      0.03218696	      0.05738971
     42.60000000	      0.01856106	      0.03211184	      0.05726791
     42.60400000	      0.01833237	      0.03191339	      0.05771027
     42.60800000	      0.01829021	      0.03187668	      0.05784787
     42.61200000	      0.01827812	      0.03186614	      0.05793125
     42.61600000	      0.01827003	      0.03185909	      0.05796180
     42.62000000	      0.01827260	      0.03186133	      0.05798975
     42.62400000	      0.01827994	      0.03186773	      0.05803024
     42.62800000	      0.01829361	      0.03187964	      0.05807922
     42.63200000	      0.01830043	      0.03188558	      0.05815598
     42.63600000	      0.01830430	      0.03188896	      0.05821219
     42.64000000	      0.01830540	      0.03188992	      0.05827405
     42.64400000	      0.01835620	      0.03193413	      0.05842518
     42.64800000	      0.01841810	      0.03198793	      0.05834485
     42.65200000	      0.01833676	      0.03191722	      0.05861639
     42.65600000	      0.01832826	      0.03190982	      0.05861486
     42.66000000	      0.01832586	      0.03190773	      0.05861924
     42.66400000	      0.01832935	      0.03191077	      0.05847176
     42.66800000	      0.01833873	      0.03191894	      0.05866326
     42.67200000	      0.01834056	      0.03192053	      0.05879470
     42.67600000	      0.01832418	      0.03190627	      0.05858851
     42.68000000	      0.01831454	      0.03189787	      0.05874000
     42.68400000	      0.01832374	      0.03190588	      0.05878267
     42.68800000	      0.01831691	      0.03189993	      0.05883663
     42.69200000	      0.01831616	      0.03189929	      0.05886803
     42.69600000	      0.01831897	      0.03190173	      0.05889781
     42.70000000	      0.01833036	      0.03191165	      0.05887584
     42.70400000	      0.01835004	      0.03192878	      0.05893522
     42.70800000	      0.01835719	      0.03193500	      0.05894321
     42.71200000	      0.01836330	      0.03194031	      0.05879676
     42.71600000	      0.01836670	      0.03194326	      0.05897408
     42.72000000	      0.01837013	      0.03194625	      0.05896794
     42.72400000	      0.01837375	      0.03194940	      0.05906899
     42.72800000	      0.01837743	      0.03195260	      0.05904311
     42.73200000	      0.01838038	      0.03195516	      0.05891674
     42.73600000	      0.01837422	      0.03194980	      0.05904559
     42.74000000	      0.01840190	      0.03197386	      0.05919642
     42.74400000	      0.01854486	      0.03209782	      0.05937057
     42.74800000	      0.01858843	      0.03213550	      0.05944897
     42.75200000	      0.01842111	      0.03199054	      0.05914855
     42.75600000	      0.01837520	      0.03195065	      0.05914235
     42.76000000	      0.01836221	      0.03193936	      0.05895747
     42.76400000	      0.01833428	      0.03191506	      0.05907069
     42.76800000	      0.01832488	      0.03190688	      0.05895507
     42.77200000	      0.01831192	      0.03189559	      0.05904153
     42.77600000	      0.01830768	      0.03189190	      0.05891673
     42.78000000	      0.01829582	      0.03188157	      0.05901743
     42.78400000	      0.01827619	      0.03186446	      0.05888243
     42.78800000	      0.01826506	      0.03185475	      0.05897597
     42.79200000	      0.01825656	      0.03184734	      0.05887574
     42.79600000	      0.01824961	      0.03184128	      0.05900328
     42.80000000	      0.01827809	      0.03186611	      0.05881056
     42.80400000	      0.01835890	      0.03193648	      0.05885279
     42.80800000	      0.01839198	      0.03196524	      0.05872349
     42.81200000	      0.01839488	      0.03196776	      0.05880617
     42.81600000	      0.01835736	      0.03193514	      0.05873993
     42.82000000	      0.01827721	      0.03186535	      0.05882964
     42.82400000	      0.01825526	      0.03184621	      0.05875657
     42.82800000	      0.01824741	      0.03183937	      0.05883180
     42.83200000	      0.01824492	      0.03183719	      0.05876471
     42.83600000	      0.01824559	      0.03183778	      0.05870236
     42.84000000	      0.01824772	      0.03183964	      0.05884723
     42.84400000	      0.01824303	      0.03183554	      0.05874671
     42.84800000	      0.01824318	      0.03183567	      0.05868685
     42.85200000	      0.01822733	      0.03182184	      0.05878777
     42.85600000	      0.01821089	      0.03180749	      0.05873354
     42.86000000	      0.01820090	      0.03179876	      0.05874897
     42.86400000	      0.01821414	      0.03181032	      0.05866499
     42.86800000	      0.01822440	      0.03181928	      0.05866343
     42.87200000	      0.01822268	      0.03181778	      0.05868765
     42.87600000	      0.01821707	      0.03181288	      0.05875052
     42.88000000	      0.01824679	      0.03183882	      0.05877231
     42.88400000	      0.01828670	      0.03187363	      0.05886592
     42.88800000	      0.01825880	      0.03184929	      0.05876078
     42.89200000	      0.01832798	      0.03190958	      0.05880393
     42.89600000	      0.01832990	      0.03191125	      0.05886571
     42.90000000	      0.01827310	      0.03186177	      0.05879883
     42.90400000	      0.01815817	      0.03176141	      0.05862717
     42.90800000	      0.01812428	      0.03173176	      0.05872669
     42.91200000	      0.01811215	      0.03172114	      0.05855452
     42.91600000	      0.01810308	      0.03171320	      0.05860299
     42.92000000	      0.01809203	      0.03170351	      0.05859154
     42.92400000	      0.01810024	      0.03171070	      0.05864377
     42.92800000	      0.01809912	      0.03170972	      0.05871602
     42.93200000	      0.01809827	      0.03170898	      0.05858266
     42.93600000	      0.01809163	      0.03170317	      0.05865988
     42.94000000	      0.01807349	      0.03168727	      0.05846592
     42.94400000	      0.01806643	      0.03168107	      0.05858674
     42.94800000	      0.01806081	      0.03167614	      0.05846690
     42.95200000	      0.01805602	      0.03167195	      0.05848023
     42.95600000	      0.01808246	      0.03169513	      0.05843547
     42.96000000	      0.01811825	      0.03172648	      0.05829690
     42.96400000	      0.01805951	      0.03167500	      0.05837666
     42.96800000	      0.01804533	      0.03166257	      0.05835297
     42.97200000	      0.01803990	      0.03165781	      0.05822913
     42.97600000	      0.01802749	      0.03164692	      0.05826315
     42.98000000	      0.01801759	      0.03163822	      0.05827560
     42.98400000	      0.01801091	      0.03163236	      0.05823068
     42.98800000	      0.01801443	      0.03163545	      0.05816006
     42.99200000	      0.01803085	      0.03164986	      0.05817057
     42.99600000	      0.01803116	      0.03165014	      0.05810565
     43.00000000	      0.01802091	      0.03164114	      0.05814484
     43.00400000	      0.01798668	      0.03161107	      0.05798081
     43.00800000	      0.01797528	      0.03160105	      0.05801644
     43.01200000	      0.01797623	      0.03160189	      0.05798408
     43.01600000	      0.01797009	      0.03159650	      0.05796144
     43.02000000	      0.01800634	      0.03162835	      0.05801822
     43.02400000	      0.01810656	      0.03171625	      0.05814803
     43.02800000	      0.01813021	      0.03173695	      0.05810590
     43.03200000	      0.01812001	      0.03172802	      0.05807312
     43.03600000	      0.01811479	      0.03172345	      0.05804476
     43.04000000	      0.01811653	      0.03172497	      0.05800761
     43.04400000	      0.01808978	      0.03170154	      0.05795859
     43.04800000	      0.01803889	      0.03165692	      0.05782806
     43.05200000	      0.01801498	      0.03163593	      0.05772538
     43.05600000	      0.01799771	      0.03162076	      0.05756505
     43.06000000	      0.01795743	      0.03158536	      0.05744724
     43.06400000	      0.01785975	      0.03149934	      0.05723456
     43.06800000	      0.01783253	      0.03147533	      0.05709408
     43.07200000	      0.01787597	      0.03151363	      0.05711779
     43.07600000	      0.01794818	      0.03157722	      0.05716718
     43.08000000	      0.01787609	      0.03151375	      0.05704972
     43.08400000	      0.01788725	      0.03152358	      0.05705317
     43.08800000	      0.01794315	      0.03157280	      0.05710056
     43.09200000	      0.01788849	      0.03152467	      0.05700503
     43.09600000	      0.01788192	      0.03151888	      0.05692491
     43.10000000	      0.01787072	      0.03150901	      0.05680053
     43.10400000	      0.01785350	      0.03149383	      0.05670949
     43.10800000	      0.01782427	      0.03146803	      0.05634943
     43.11200000	      0.01780517	      0.03145117	      0.05631816
     43.11600000	      0.01778205	      0.03143074	      0.05628780
     43.12000000	      0.01776788	      0.03141822	      0.05621831
     43.12400000	      0.01774599	      0.03139886	      0.05612865
     43.12800000	      0.01773128	      0.03138584	      0.05604941
     43.13200000	      0.01771895	      0.03137493	      0.05595467
     43.13600000	      0.01770426	      0.03136192	      0.05585234
     43.14000000	      0.01768766	      0.03134722	      0.05573981
     43.14400000	      0.01767064	      0.03133213	      0.05563470
     43.14800000	      0.01780031	      0.03144688	      0.05554769
     43.15200000	      0.01810450	      0.03171444	      0.05551193
     43.15600000	      0.01814998	      0.03175425	      0.05539041
     43.16000000	      0.01814036	      0.03174583	      0.05531297
     43.16400000	      0.01802353	      0.03164344	      0.05500804
     43.16800000	      0.01781684	      0.03146148	      0.05497888
     43.17200000	      0.01774751	      0.03140020	      0.05489570
     43.17600000	      0.01771220	      0.03136895	      0.05479144
     43.18000000	      0.01769713	      0.03135560	      0.05467873
     43.18400000	      0.01767778	      0.03133845	      0.05455549
     43.18800000	      0.01766349	      0.03132579	      0.05443708
     43.19200000	      0.01765803	      0.03132095	      0.05431123
     43.19600000	      0.01764936	      0.03131325	      0.05380113
     43.20000000	      0.01763761	      0.03130283	      0.05371669
     43.20400000	      0.01762575	      0.03129231	      0.05360837
     43.20800000	      0.01761340	      0.03128134	      0.05349677
     43.21200000	      0.01764254	      0.03130720	      0.05343736
     43.21600000	      0.01766684	      0.03132876	      0.05360497
     43.22000000	      0.01756993	      0.03124271	      0.05354104
     43.22400000	      0.01751219	      0.03119134	      0.05348608
     43.22800000	      0.01743547	      0.03112294	      0.05363322
     43.23200000	      0.01739967	      0.03109097	      0.05356163
     43.23600000	      0.01738687	      0.03107953	      0.05350721
     43.24000000	      0.01737952	      0.03107296	      0.05377132
     43.24400000	      0.01736480	      0.03105980	      0.05364352
     43.24800000	      0.01730227	      0.03100382	      0.05376241
     43.25200000	      0.01719516	      0.03090771	      0.05362694
     43.25600000	      0.01716506	      0.03088065	      0.05352873
     43.26000000	      0.01713354	      0.03085228	      0.05365655
     43.26400000	      0.01710054	      0.03082256	      0.05361974
     43.26800000	      0.01707692	      0.03080127	      0.05369101
     43.27200000	      0.01703058	      0.03075944	      0.05358943
     43.27600000	      0.01695820	      0.03069401	      0.05360179
     43.28000000	      0.01692797	      0.03066664	      0.05347873
     43.28400000	      0.01691570	      0.03065553	      0.05336401
     43.28800000	      0.01689652	      0.03063813	      0.05352314
     43.29200000	      0.01687398	      0.03061770	      0.05338965
     43.29600000	      0.01689167	      0.03063374	      0.05332707
     43.30000000	      0.01698541	      0.03071863	      0.05360574
     43.30400000	      0.01702729	      0.03075647	      0.05375560
     43.30800000	      0.01697533	      0.03070951	      0.05370265
     43.31200000	      0.01689238	      0.03063438	      0.05381461
     43.31600000	      0.01677114	      0.03052425	      0.05373039
     43.32000000	      0.01671052	      0.03046904	      0.05358464
     43.32400000	      0.01672662	      0.03048372	      0.05353225
     43.32800000	      0.01677502	      0.03052779	      0.05365717
     43.33200000	      0.01668262	      0.03044359	      0.05353572
     43.33600000	      0.01661624	      0.03038296	      0.05377857
     43.34000000	      0.01661858	      0.03038510	      0.05366061
     43.34400000	      0.01664043	      0.03040507	      0.05360349
     43.34800000	      0.01653513	      0.03030872	      0.05383474
     43.35200000	      0.01649114	      0.03026838	      0.05375599
     43.35600000	      0.01646530	      0.03024465	      0.05368330
     43.36000000	      0.01645452	      0.03023475	      0.05359030
     43.36400000	      0.01642587	      0.03020841	      0.05356674
     43.36800000	      0.01645754	      0.03023753	      0.05382011
     43.37200000	      0.01652334	      0.03029791	      0.05379465
     43.37600000	      0.01641986	      0.03020289	      0.05385835
     43.38000000	      0.01637607	      0.03016258	      0.05373673
     43.38400000	      0.01633891	      0.03012835	      0.05389208
     43.38800000	      0.01635365	      0.03014193	      0.05378935
     43.39200000	      0.01643028	      0.03021247	      0.05374847
     43.39600000	      0.01645313	      0.03023347	      0.05392485
     43.40000000	      0.01641981	      0.03020285	      0.05390169
     43.40400000	      0.01630615	      0.03009813	      0.05375308
     43.40800000	      0.01625164	      0.03004778	      0.05374888
     43.41200000	      0.01621902	      0.03001760	      0.05354545
     43.41600000	      0.01619731	      0.02999751	      0.05353240
     43.42000000	      0.01617764	      0.02997929	      0.05353457
     43.42400000	      0.01616165	      0.02996447	      0.05356239
     43.42800000	      0.01610844	      0.02991510	      0.05343820
     43.43200000	      0.01602346	      0.02983609	      0.05335868
     43.43600000	      0.01600073	      0.02981492	      0.05333808
     43.44000000	      0.01598513	      0.02980038	      0.05361148
     43.44400000	      0.01598354	      0.02979890	      0.05346168
     43.44800000	      0.01598279	      0.02979820	      0.05363429
     43.45200000	      0.01599491	      0.02980950	      0.05347246
     43.45600000	      0.01601533	      0.02982852	      0.05361148
     43.46000000	      0.01602641	      0.02983883	      0.05379507
     43.46400000	      0.01603185	      0.02984390	      0.05409873
     43.46800000	      0.01318943	      0.02706928	      0.05452155
     43.47200000	      0.01326240	      0.02714406	      0.05542655
     43.47600000	      0.01329878	      0.02718127	      0.05587642
     43.48000000	      0.01319632	      0.02707635	      0.05524794
     43.48400000	      0.01293832	      0.02681037	      0.05371649
     43.48800000	      0.01285633	      0.02672527	      0.05332124
     43.49200000	      0.01282532	      0.02669302	      0.05330666
     43.49600000	      0.01281361	      0.02668084	      0.05331458
     43.50000000	      0.01279978	      0.02666644	      0.05331449
     43.50400000	      0.01585210	      0.02967612	      0.05406820
     43.50800000	      0.01592602	      0.02974523	      0.05411328
     43.51200000	      0.01586882	      0.02969177	      0.05413396
     43.51600000	      0.01579683	      0.02962434	      0.05415500
     43.52000000	      0.01581024	      0.02963691	      0.05397970
     43.52400000	      0.01574020	      0.02957120	      0.05417240
     43.52800000	      0.01582502	      0.02965076	      0.05423584
     43.53200000	      0.01586218	      0.02968556	      0.05407653
     43.53600000	      0.01580989	      0.02963659	      0.05425889
     43.54000000	      0.01580455	      0.02963158	      0.05427644
     43.54400000	      0.01565770	      0.02949360	      0.05429585
     43.54800000	      0.01551106	      0.02935516	      0.05430641
     43.55200000	      0.01545140	      0.02929865	      0.05425802
     43.55600000	      0.01541049	      0.02925984	      0.05421467
     43.56000000	      0.01535700	      0.02920902	      0.05414117
     43.56400000	      0.01528897	      0.02914425	      0.05410283
     43.56800000	      0.01524570	      0.02910298	      0.05409533
     43.57200000	      0.01521124	      0.02907007	      0.05409366
     43.57600000	      0.01518161	      0.02904175	      0.05408779
     43.58000000	      0.01517143	      0.02903201	      0.05411152
     43.58400000	      0.01518553	      0.02904549	      0.05424074
     43.58800000	      0.01516830	      0.02902900	      0.05422276
     43.59200000	      0.01513969	      0.02900162	      0.05422233
     43.59600000	      0.01510834	      0.02897158	      0.05434808
     43.60000000	      0.01507759	      0.02894208	      0.05432533
     43.60400000	      0.01505006	      0.02891565	      0.05429888
     43.60800000	      0.01502408	      0.02889068	      0.05427968
     43.61200000	      0.01499923	      0.02886678	      0.05435550
     43.61600000	      0.01497102	      0.02883962	      0.05427095
     43.62000000	      0.01494259	      0.02881221	      0.05421856
     43.62400000	      0.01491379	      0.02878444	      0.05421143
     43.62800000	      0.01488542	      0.02875704	      0.05419354
     43.63200000	      0.01485622	      0.02872883	      0.05419764
     43.63600000	      0.01481967	      0.02869346	      0.05420770
     43.64000000	      0.01479146	      0.02866614	      0.05429835
     43.64400000	      0.01476910	      0.02864446	      0.05409686
     43.64800000	      0.01473926	      0.02861552	      0.05407570
     43.65200000	      0.01466266	      0.02854106	      0.05411435
     43.65600000	      0.01462283	      0.02850227	      0.05413345
     43.66000000	      0.01459197	      0.02847218	      0.05416736
     43.66400000	      0.01458723	      0.02846756	      0.05416156
     43.66800000	      0.01458386	      0.02846427	      0.05415982
     43.67200000	      0.01454464	      0.02842597	      0.05408850
     43.67600000	      0.01454970	      0.02843091	      0.05443685
     43.68000000	      0.01456746	      0.02844825	      0.05448071
     43.68400000	      0.01452265	      0.02840447	      0.05445989
     43.68800000	      0.01450699	      0.02838915	      0.05419455
     43.69200000	      0.01442436	      0.02830818	      0.05419998
     43.69600000	      0.01441917	      0.02830309	      0.05420813
     43.70000000	      0.01440176	      0.02828600	      0.05404682
     43.70400000	      0.01437480	      0.02825951	      0.05422839
     43.70800000	      0.01434229	      0.02822754	      0.05424847
     43.71200000	      0.01427756	      0.02816377	      0.05420749
     43.71600000	      0.01425106	      0.02813762	      0.05408674
     43.72000000	      0.01429079	      0.02817682	      0.05423376
     43.72400000	      0.01424023	      0.02812692	      0.05408474
     43.72800000	      0.01420954	      0.02809660	      0.05425862
     43.73200000	      0.01418081	      0.02806818	      0.05414258
     43.73600000	      0.01415842	      0.02804602	      0.05429873
     43.74000000	      0.01417323	      0.02806068	      0.05434588
     43.74400000	      0.01416704	      0.02805455	      0.05422921
     43.74800000	      0.01415734	      0.02804494	      0.05421442
     43.75200000	      0.01413340	      0.02802122	      0.05439825
     43.75600000	      0.01411519	      0.02800317	      0.05449257
     43.76000000	      0.01409832	      0.02798643	      0.05452187
     43.76400000	      0.01408661	      0.02797480	      0.05433319
     43.76800000	      0.01406615	      0.02795448	      0.05444680
     43.77200000	      0.01405342	      0.02794183	      0.05442879
     43.77600000	      0.01404135	      0.02792982	      0.05471735
     43.78000000	      0.01402737	      0.02791591	      0.05458226
     43.78400000	      0.01402134	      0.02790992	      0.05478771
     43.78800000	      0.01401352	      0.02790213	      0.05459603
     43.79200000	      0.01400336	      0.02789202	      0.05472689
     43.79600000	      0.01400401	      0.02789266	      0.05456665
     43.80000000	      0.01400888	      0.02789751	      0.05474823
     43.80400000	      0.01397983	      0.02786857	      0.05459469
     43.80800000	      0.01394147	      0.02783031	      0.05457027
     43.81200000	      0.01389082	      0.02777971	      0.05452020
     43.81600000	      0.01388924	      0.02777813	      0.05461614
     43.82000000	      0.01392686	      0.02781572	      0.05470710
     43.82400000	      0.01393024	      0.02781910	      0.05472410
     43.82800000	      0.01390773	      0.02779661	      0.05472527
     43.83200000	      0.01387077	      0.02775965	      0.05466881
     43.83600000	      0.01388733	      0.02777622	      0.05486079
     43.84000000	      0.01389313	      0.02778202	      0.05486801
     43.84400000	      0.01389842	      0.02778731	      0.05514448
     43.84800000	      0.01389731	      0.02778620	      0.05516914
     43.85200000	      0.01389156	      0.02778045	      0.05502476
     43.85600000	      0.01389925	      0.02778814	      0.05504380
     43.86000000	      0.01389239	      0.02778128	      0.05517446
     43.86400000	      0.01389076	      0.02777965	      0.05517951
     43.86800000	      0.01387518	      0.02776407	      0.05521518
     43.87200000	      0.01385958	      0.02774846	      0.05522623
     43.87600000	      0.01386424	      0.02775311	      0.05523723
     43.88000000	      0.01386602	      0.02775490	      0.05515669
     43.88400000	      0.01388127	      0.02777016	      0.05509317
     43.88800000	      0.01390201	      0.02779089	      0.05510084
     43.89200000	      0.01390122	      0.02779011	      0.05487388
     43.89600000	      0.01390721	      0.02779609	      0.05487556
     43.90000000	      0.01391100	      0.02779988	      0.05485147
     43.90400000	      0.01391487	      0.02780375	      0.05484505
     43.90800000	      0.01391375	      0.02780263	      0.05485289
     43.91200000	      0.01391384	      0.02780271	      0.05487576
     43.91600000	      0.01392091	      0.02780978	      0.05484382
     43.92000000	      0.01392501	      0.02781388	      0.05485121
     43.92400000	      0.01393002	      0.02781888	      0.05482823
     43.92800000	      0.01393664	      0.02782548	      0.05481633
     43.93200000	      0.01394209	      0.02783093	      0.05480717
     43.93600000	      0.01395014	      0.02783896	      0.05481188
     43.94000000	      0.01397138	      0.02786014	      0.05480968
     43.94400000	      0.01401188	      0.02790049	      0.05468140
     43.94800000	      0.01401612	      0.02790472	      0.05489551
     43.95200000	      0.01402707	      0.02791562	      0.05494541
     43.95600000	      0.01403504	      0.02792355	      0.05492523
     43.96000000	      0.01405004	      0.02793847	      0.05488979
     43.96400000	      0.01407357	      0.02796185	      0.05493205
     43.96800000	      0.01409105	      0.02797921	      0.05497954
     43.97200000	      0.01414797	      0.02803566	      0.05499075
     43.97600000	      0.01426737	      0.02815372	      0.05507605
     43.98000000	      0.01432344	      0.02820898	      0.05510144
     43.98400000	      0.01134562	      0.02510602	      0.05363374
     43.98800000	      0.01137820	      0.02514204	      0.05364565
     43.99200000	      0.01140230	      0.02516865	      0.05369088
     43.99600000	      0.01140643	      0.02517321	      0.05377941
     44.00000000	      0.01143492	      0.02520463	      0.05380126
     44.00400000	      0.01443692	      0.02832051	      0.05495899
     44.00800000	      0.01436099	      0.02824593	      0.05487394
     44.01200000	      0.01122445	      0.02497160	      0.05272824
     44.01600000	      0.01418851	      0.02807580	      0.05495754
     44.02000000	      0.01120053	      0.02494497	      0.05245803
     44.02400000	      0.01123571	      0.02498412	      0.05287945
     44.02800000	      0.01134357	      0.02510375	      0.05379111
     44.03200000	      0.01138056	      0.02514465	      0.05409172
