Time_s,FUN_N,ECU_N,ECRL_N,ECRB_N
0.0,0.0,27.16382761183033,26.592049570908227,17.670923881636757
0.01,0.0,30.748288473268087,28.669379758230576,23.97339556564209
0.02,0.0,31.62780720626464,26.43870192161861,19.17869823955767
0.03,0.0,31.610587727626204,25.16216697262602,16.529178877470173
0.04,0.0,29.068475284557945,28.93116804209075,18.202772218080046
0.05,0.0,30.95580560789717,26.32901764394389,18.32475277763363
0.06,0.0,32.057017949082415,28.656778294200635,18.71338891671021
0.07,0.0,30.258289651822054,27.988608420751817,17.75421247764387
0.08,0.0,30.36822271833095,28.63380249899229,18.558402395905386
0.09,0.0,28.136067261670735,28.270202715219384,13.376987757471262
0.1,0.0,31.404518709554413,23.135656930995147,17.667038812937633
0.11,0.0,31.210280909350967,26.586819507696998,23.317079714872957
0.12,0.0,33.10783736779064,31.84883679009921,19.17119419241341
0.13,0.0,33.552133837063174,26.246327354857566,16.379453371490364
0.14,0.0,30.287314351140278,25.38923483493842,20.432055965169678
0.15,0.0,28.54271913987116,28.170435799268827,22.3067326109222
0.16,0.0,31.301025153145932,30.233614028931385,19.082295560906772
0.17,0.0,25.698732072064224,23.36997236837523,18.750529884658864
0.18,0.0,32.45244192517913,32.02290078611283,16.55905449277335
0.19,0.0,34.35461324496017,26.681957120949228,20.563527067968757
0.2,0.0,28.91915417419781,21.83612503967826,20.233548683838574
0.21,0.0,27.545578256779276,30.302480815695848,17.098304859470915
0.22,0.0,31.107882358253246,24.97172853385564,20.575229183492745
0.23,0.0,26.121922907728475,28.44413224433177,18.926413672982566
0.24,0.0,29.886939829514493,23.167168398170364,21.60205133259247
0.25,0.0,29.483126344113174,28.82144167210498,20.217609541767047
0.26,0.0,33.606575160148424,24.184103778500884,19.37606600256047
0.27,0.0,34.053577664502406,24.31200075141615,20.595181672429007
0.28,0.0,29.909018993015415,29.182589402262565,18.743572748176145
0.29,0.0,29.361011501987274,25.708327423168686,15.032917892946386
0.3,0.0,33.19532261545402,27.838357257287974,18.459640560098084
0.31,0.0,33.24822111208081,26.203541978592355,19.741223867272353
0.32,0.0,28.832963564783977,22.20809198602535,18.771988160566828
0.33,0.0,29.718824931444836,26.241981704529415,17.93581825279625
0.34,0.0,29.34092589249805,26.585148293376054,21.529408197417332
0.35,0.0,29.211271709238016,24.743861776334356,19.30343513186579
0.36,0.0,28.49944262612103,28.980601871063353,19.23722253314009
0.37,0.0,26.69798012590778,27.134946367097346,20.308991057996664
0.38,0.0,30.19130968359895,24.987975854770262,20.633069585940707
0.39,0.0,26.251259452221703,24.996453049701987,18.27638798218988
0.4,0.0,32.78527994280591,26.02864028314477,15.647749660651364
0.41,0.0,31.508917111056423,26.70478690413848,18.954452602393754
0.42,0.0,29.58590151637015,27.72474749916349,25.377263551223642
0.43,0.0,29.292472015218046,27.178942260611652,18.568868744146418
0.44,0.0,29.41503132190843,28.669357901012475,21.74556856376149
0.45,0.0,31.109849591593754,25.866876716796426,21.800854161598277
0.46,0.0,32.17155723886155,26.52234491931174,20.51457317187633
0.47,0.0,28.48679067920472,25.516064049715816,19.11875641070832
0.48,0.0,29.204644198545953,28.91073618836006,24.186400694937788
0.49,0.0,33.45777585373239,26.729916146961347,16.773948386283998
0.5,0.0,30.35901251664197,26.47897164645897,17.78395667793936
0.51,0.0,24.99638189765206,26.755147828880848,16.273934590188126
0.52,0.0,26.654621413931118,27.148587574452314,19.59320164442713
0.53,0.0,31.788704865990784,28.276540972240795,21.056064637461578
0.54,0.0,31.981881129390644,25.96175373722933,20.22762789940686
0.55,0.0,31.18696198700767,24.204112332192384,16.544795978512667
0.56,0.0,30.909647780624667,25.228265076140836,23.37140751851564
0.57,0.0,28.893147317079528,26.68925147879593,20.799804641322748
0.58,0.0,27.461623040559804,26.22860093821807,18.27819689928053
0.59,0.0,28.6120908150497,26.46094828576959,20.46051468567198
0.6,0.0,32.18254099435416,25.39682439848991,21.624961933295122
0.61,0.0,30.061766122467475,27.77289819604777,18.96473689710303
0.62,0.0,33.135453377841365,28.8436441665797,19.051080373008247
0.63,0.0,30.57490449126753,27.886842055473373,19.20998111913586
0.64,0.0,29.76857863870399,24.83379112056845,15.184444120917403
0.65,0.0,30.14462465400708,25.790745975775643,19.42063197043903
0.66,0.0,32.74669334735407,27.06570007581544,16.66411047040347
0.67,0.0,33.97590685176552,27.33899579531623,18.460574515967313
0.68,0.0,29.44620734698131,27.965275572233907,17.425522165070873
0.69,0.0,31.07831192635398,28.390742403404136,19.556003511764285
0.7,0.0,28.460383154184974,27.479364167017668,15.992962224639298
0.71,0.0,28.671092873887854,30.348745565795927,16.998631470698896
0.72,0.0,33.58103200076083,24.59116105357379,20.024116731680024
0.73,0.0,28.09931344315394,26.811606017039388,20.78805331139641
0.74,0.0,32.41114424364726,27.846740773451398,22.553112431729026
0.75,0.0,30.018253210747684,31.15372310756718,20.419093304607436
0.76,0.0,27.684235357592367,28.144951970869478,20.650664021789588
0.77,0.0,28.154323696761537,28.390139407049006,20.424605881006254
0.78,0.0,27.51087120736962,24.709946737907007,19.134557224635422
0.79,0.0,30.248938467808653,24.02535457055062,15.57799859955302
0.8,0.0,29.835241515136826,24.917618175218823,17.047217314449544
0.81,0.0,30.541528022793884,25.174982211369013,20.401451774896596
0.82,0.0,28.401296349144292,23.548084721206394,21.923776003974762
0.83,0.0,31.175397630088202,28.54633522486715,18.013489973286426
0.84,0.0,28.416881047435787,23.246296127588433,17.187040728508947
0.85,0.0,23.500613514439692,27.73642064401272,21.178784793404635
0.86,0.0,29.54205198518868,25.735091873466597,16.327523501855755
0.87,0.0,29.42623923443783,29.01798167788433,17.89008909961543
0.88,0.0,29.187100519655072,25.52016759688558,21.620279965429013
0.89,0.0,29.226585978546485,26.344464244680097,17.346963293140263
0.9,0.0,29.128568474465492,24.30013454709722,20.000028131601773
0.91,0.0,30.19260120096325,26.069933741198337,22.139869453570874
0.92,0.0,30.76932522134971,23.218112259984828,18.267202885151775
0.93,0.0,25.043568148172014,24.918532988705397,20.462893390782952
0.94,0.0,30.83394391041391,26.63872925892435,20.621280318255298
0.95,0.0,30.132746923440674,26.782553874307464,20.22812574791962
0.96,0.0,30.780982246203536,27.42948266376675,20.229560575907765
0.97,0.0,30.965117015652694,24.86979052445932,17.60444402163141
0.98,0.0,27.880333736588895,26.863190706329608,19.208841320297708
0.99,0.0,27.09607530966014,26.19953489189746,18.798334294263334
1.0,0.0,29.296383125436037,28.468276971457538,18.611631939640034
1.01,0.0,27.112577022226436,21.498919700082894,21.656552783960663
1.02,0.0,30.322898672718903,24.80651335232469,16.218850520000835
1.03,0.0,29.266425429517447,24.345833706852144,20.673647711306014
1.04,0.0,32.99359400207237,26.60179940385315,19.126276732210197
1.05,0.0,30.173755491493328,26.984354553484952,19.82556661740584
1.06,0.0,26.436887201142312,26.940077238968417,21.835758686012177
1.07,0.0,30.595634405716375,27.8555795083581,20.086682491113912
1.08,0.0,30.236782698900896,26.290492052923142,20.525563494564892
1.09,0.0,26.175830455745718,25.78995964856047,18.328793185974828
1.1,0.0,26.891257202636332,26.772409722602575,20.635386003448428
1.11,0.0,31.613037631353006,27.79550485112771,15.086782555851105
1.12,0.0,29.357895515496676,23.365703542778498,19.04999315183597
1.13,0.0,29.86992210473829,23.183890696723537,18.324102860024087
1.14,0.0,25.480509311010245,24.6221590798973,15.373945758856863
1.15,0.0,29.896026737043396,26.24214810025546,22.113861988287773
1.16,0.0,31.417009834175047,22.295729008778753,19.09028434411659
1.17,0.0,31.00045401999256,28.25324997055378,19.62983837341531
1.18,0.0,28.71507890095793,27.52320780646263,18.90754841505828
1.19,0.0,27.482619135569067,26.781969820052833,23.778737144735132
1.2,0.0,27.914418301969423,22.959406593978777,18.893146737699457
1.21,0.0,24.19193307949836,24.55097799550815,20.27601099596564
1.22,0.0,31.969859698745914,26.43626079139449,21.94001061293009
1.23,0.0,29.786115578672536,23.665956700472215,18.243097051571066
1.24,0.0,28.973156605240238,27.704489310019568,19.012701156336345
1.25,0.0,28.295398768276144,26.440820015088377,22.837925982343027
1.26,0.0,29.609827639770057,27.317272934773133,15.393535803958159
1.27,0.0,28.849777403780553,22.888526333085615,18.759635675796687
1.28,0.0,27.523594468472897,27.5347197904101,20.839605996951047
1.29,0.0,29.53433727935929,23.76228697387952,18.226469800450364
1.3,0.0,29.958742627020133,28.275110565390882,20.160215294219178
1.31,0.0,28.54576991485158,28.0069503432335,21.566834771668315
1.32,0.0,30.432011108905467,26.688323600008655,16.603611114595665
1.33,0.0,29.830376502637993,25.415940646965023,18.652603736717825
1.34,0.0,33.24538544013084,27.037595653662994,17.088215996385618
1.35,0.0,29.570480087945977,24.680292459289824,15.793795752920264
1.36,0.0,27.76199215958321,29.539285886615108,18.46166799244573
1.37,0.0,28.691043401490443,25.86557933834443,19.664493161868567
1.38,0.0,33.30735922817903,27.45168012574421,21.580663370130008
1.39,0.0,31.5686640590043,27.11736355282739,18.863736469572512
1.4,0.0,31.044598212408157,22.14603257845468,19.954769865906787
1.41,0.0,32.692562118595134,24.018701349260432,17.557979001755704
1.42,0.0,29.96127997953684,22.920028312087098,20.068985281664958
1.43,0.0,25.960799341488197,21.6484610461144,18.306310504951618
1.44,0.0,29.631714418033738,23.583649455547473,23.550406437595797
1.45,0.0,32.13507813164019,26.952890648125468,18.91868501094325
1.46,0.0,27.35629134783923,29.529225349343367,17.73142862038805
1.47,0.0,27.56686205607023,27.70873341477076,21.49316617687659
1.48,0.0,32.233806250903584,26.3528664267985,16.85174939397981
1.49,0.0,27.442362647371965,29.38350577496149,13.692931347606061
1.5,0.0,27.74894385112114,24.01832898553286,16.267081584501298
1.51,0.0,33.39886252825469,30.01215785555529,18.13681716203526
1.52,0.0,31.96775979750892,25.260766789105467,15.75959644156778
1.53,0.0,28.160987967135092,25.817300554452885,19.459004948436245
1.54,0.0,26.139079285436875,24.824529448188358,19.613881399552728
1.55,0.0,30.54254171255306,25.073471270973936,20.867081310681474
1.56,0.0,30.975335710692356,24.300582425216316,17.89522955032319
1.57,0.0,31.181104147203705,23.249689177093224,20.43595296714103
1.58,0.0,32.310715232164576,24.117805056701712,19.524747689967455
1.59,0.0,27.385848277816372,22.22702117373752,16.04027131263048
1.6,0.0,29.25694928855335,26.597589794081678,20.228252575843296
1.61,0.0,28.070071486587075,23.517649878175376,21.818887991855267
1.62,0.0,29.82180415185367,22.953737081086363,19.475021965634244
1.63,0.0,27.042941203411356,23.283042646508456,21.358298917902726
1.64,0.0,28.694220606522013,27.172042772796534,21.163117663507837
1.65,0.0,31.54570370432037,27.982269960937728,20.495754432075792
1.66,0.0,27.149278651171297,26.191984972131117,16.64810582511841
1.67,0.0,32.88905086703692,25.931752792897473,18.04175174538699
1.68,0.0,29.775911271651,23.20260226650249,18.674849638881604
1.69,0.0,29.558238936034915,25.309129427792225,17.71554668445417
1.7,0.0,27.405763005744085,28.243466746329947,16.694981125313863
1.71,0.0,30.158097739233163,28.470137894286744,20.044398136434136
1.72,0.0,28.745978438188732,25.272070966497072,18.111382698373426
1.73,0.0,34.614782796936524,23.59169351264115,20.080392374173453
1.74,0.0,26.324650402431008,19.884767371269213,17.735852522874264
1.75,0.0,32.251045179341446,24.421654660667308,23.030339694838958
1.76,0.0,28.282474166751335,22.95736691412289,20.403634417379322
1.77,0.0,24.06065503122304,24.038014035918327,21.213028789858562
1.78,0.0,33.50986846580409,24.42859287615484,15.553390418361236
1.79,0.0,31.74398833183087,26.192037552705635,16.689769117708053
1.8,0.0,31.22521990236277,27.03176898912255,17.054916776400646
1.81,0.0,30.495485185580105,29.16733211682741,20.17605790290436
1.82,0.0,29.710465983371332,23.54538000868003,20.783273992560343
1.83,0.0,31.989455184948845,24.735350940105324,21.169851892044804
1.84,0.0,31.406370684133208,27.25329405768231,16.762123216890622
1.85,0.0,30.607935542521897,23.039124678039528,17.914197991742434
1.86,0.0,30.22771151083098,25.558052820757595,17.43785172513438
1.87,0.0,30.028198088607738,24.24155903887804,18.436659414053512
1.88,0.0,28.77163331011468,29.77685054653441,13.701595853845994
1.89,0.0,27.528172975103846,26.194444026988307,19.58106721357165
1.9,0.0,29.754550303145695,28.156462051102775,19.27268990649142
1.91,0.0,32.35729894017728,28.052653806024896,19.686467705256522
1.92,0.0,28.27544448340444,25.442691061141826,18.66242377035826
1.93,0.0,29.680977361474714,26.084568017228193,20.631355747935846
1.94,0.0,28.82093014266078,27.352726045199663,18.89616646568872
1.95,0.0,28.706903318239,26.207698764212438,16.80683462468714
1.96,0.0,25.324269075647788,25.2574562711024,17.57108944741378
1.97,0.0,31.582117973959143,28.594291876664645,19.519771543275734
1.98,0.0,30.795850242826788,22.39158894138953,16.343503692826367
1.99,0.0,27.44246096480598,26.24671319319496,20.546833998048307
2.0,0.0,32.06286380930685,27.322072785125865,16.5700494961067
2.01,0.0,30.22388608039313,23.353001989711682,22.41968399292379
2.02,0.0,30.313093438619987,26.18427341634986,15.08630285921684
2.03,0.0,28.74700893377757,28.251997863216236,16.764356308194053
2.04,0.0,31.53465798954104,23.95862993684683,16.827725243389537
2.05,0.0,30.132705918680383,25.116003385495173,23.752101426327254
2.06,0.0,26.587290153059723,24.685838433427758,17.836143459125772
2.07,0.0,31.382716744046675,29.83100541494228,17.69464596391361
2.08,0.0,30.509593779174164,26.547057094883986,16.409032711823397
2.09,0.0,33.290874955018275,27.2372200128296,19.791993293006414
2.1,0.0,30.028664126470456,25.467763639118765,17.525229586003764
2.11,0.0,30.467531645175864,27.08593682282076,19.414126217065164
2.12,0.0,25.39772347393727,24.57419310134035,17.76790520699182
2.13,0.0,30.498557985955518,24.81553028918326,23.106132316136545
2.14,0.0,28.333969415143446,24.579670388824606,18.694803394916555
2.15,0.0,28.9147122641266,27.28000478291113,14.197846399947272
2.16,0.0,32.96634943603756,26.444612634018377,18.59979825478066
2.17,0.0,29.277817104844388,26.322986833693836,15.621533968570322
2.18,0.0,29.032774289157338,23.77283431154909,20.45380870710729
2.19,0.0,32.35161805989402,27.359927709639983,21.872336177340202
2.2,0.0,26.9066249623892,26.74317818871133,21.239278599908474
2.21,0.0,29.447689391797773,24.155838089860776,17.548731258851827
2.22,0.0,29.549968691663377,26.34291187489946,17.741731197114934
2.23,0.0,33.60047552916157,22.73811208977618,16.21496475823727
2.24,0.0,29.448456897413575,24.142721003034527,16.885731610351183
2.25,0.0,28.79417717798545,28.112326798285665,19.499683293389193
2.26,0.0,32.75063285116265,27.13188149325727,17.09359363229536
2.27,0.0,28.601094221565788,26.180256829436033,19.269461192930677
2.28,0.0,28.72270550392326,25.40319631726811,16.839958152151368
2.29,0.0,24.95725975705649,23.448415232684383,16.59779664480571
2.3,0.0,29.651918471440997,27.23000298475543,17.1077698017284
2.31,0.0,27.71206008899543,27.255369920848437,16.04811511143295
2.32,0.0,28.878890200145587,25.436943435559478,18.993549889387026
2.33,0.0,27.676631319194776,25.07830829236239,14.08048206298583
2.34,0.0,29.778148591996725,28.06171904082332,16.883166023206954
2.35,0.0,26.485518188872682,24.297037613765834,18.265469069811644
2.36,0.0,33.12621903903334,22.11040451857383,19.89984025247471
2.37,0.0,26.23195946207007,24.31373982859182,20.35319552031396
2.38,0.0,29.204300751378184,26.56512708974582,18.634314923645423
2.39,0.0,27.245951273250203,27.19904845809009,19.999165998162702
2.4,0.0,28.891715107754635,26.458009342721812,18.501804051107225
2.41,0.0,26.527176470917365,23.623402249486276,20.207234854597388
2.42,0.0,27.19889206506338,26.170696681790385,14.664304705335173
2.43,0.0,32.1255631345439,27.193265431092254,19.646607571326157
2.44,0.0,31.233182781758728,23.578444699174135,18.566109455644934
2.45,0.0,30.87124222570813,25.4896199327095,16.65838466032816
2.46,0.0,25.067668733804602,27.39960822098127,23.4168597244718
2.47,0.0,28.53580352348275,26.968813345704056,16.92162984891122
2.48,0.0,30.013873993014258,27.226119177927664,18.42503390606052
2.49,0.0,28.062169647322648,26.092309899057998,18.07505727586152
2.5,0.0,31.033025120276157,27.00725894548906,22.119882421207166
2.51,0.0,29.81652113493346,26.788144059930588,18.97925535430137
2.52,0.0,29.343905657833005,26.050441791284562,18.92676810465889
2.53,0.0,27.5370705585417,24.609719440633814,18.15267020331951
2.54,0.0,27.344751201189844,23.683189528594667,17.693355779729927
2.55,0.0,30.4835186465586,29.202579544791895,19.938954567279684
2.56,0.0,25.845310092113056,24.988806796010955,17.643331613498113
2.57,0.0,28.451426490286984,28.169983206427425,19.62201444055789
2.58,0.0,29.746511488718696,25.078085306808383,19.436201715262698
2.59,0.0,30.096779882470457,25.89948176431588,20.78953249531702
2.6,0.0,31.46600848922864,27.933052334988417,15.806605326667123
2.61,0.0,29.087960859515245,26.504237122894185,17.19130991512031
2.62,0.0,30.516073373596594,26.185790196232517,16.86863307463841
2.63,0.0,26.795683166027477,27.48519089820118,18.750075526976595
2.64,0.0,30.870940696978447,24.295616292610067,17.903502041189743
2.65,0.0,28.34701949932865,25.249708576622496,16.927424236034884
2.66,0.0,30.276583561134576,25.831645763638363,18.626256806298127
2.67,0.0,25.53396806183016,27.73546224427634,21.67227190866672
2.68,0.0,27.263310885017944,26.13168643175236,17.259963272541004
2.69,0.0,29.63932373743362,28.017218137191378,20.70394318151348
2.7,0.0,32.33921684794548,29.583885537373597,17.898658079347516
2.71,0.0,29.222251024606646,27.483449547658417,19.335143628730457
2.72,0.0,28.178602027436767,25.275918850383384,19.200904642964424
2.73,0.0,28.40399673734327,25.310340160996223,18.096968243593007
2.74,0.0,29.83992253247637,26.369192811956495,21.416429970956518
2.75,0.0,27.01839821206731,26.380567339432737,18.690049927872966
2.76,0.0,28.336821431431154,24.81583018303814,21.598723982210775
2.77,0.0,27.636213474762222,27.852937459611315,18.132012307520164
2.78,0.0,29.127598119398115,23.55633191233835,18.464588378742757
2.79,0.0,31.080533793988476,28.929963999204862,16.758994100967154
2.8,0.0,32.24770228045165,24.214094009000835,18.153986599193097
2.81,0.0,31.33122653865244,25.004027285931045,21.218812806953864
2.82,0.0,26.76877680791558,28.813155087176547,18.814755101003435
2.83,0.0,30.89788122446859,22.81012429115988,19.933495805014857
2.84,0.0,31.242200531136483,25.545732485505827,19.959504793993204
2.85,0.0,27.54676615204176,28.23423468856035,21.922773440723013
2.86,0.0,28.615171347461754,25.44293203033589,18.159359074120704
2.87,0.0,28.156999715766126,26.82565201613672,20.64762990194464
2.88,0.0,31.946860040121134,25.03494304989317,18.3718736392281
2.89,0.0,31.94007047440582,23.106463142919793,17.60223558112096
2.9,0.0,29.40639470276182,25.66629585591315,20.228146527234447
2.91,0.0,27.42729524485189,27.493568492014987,15.403281487673906
2.92,0.0,27.41132145650649,21.74663303807963,20.487509165276013
2.93,0.0,27.67000122093831,26.08042556816624,19.631156841592734
2.94,0.0,30.519811248883247,24.918125107866906,18.16141051187533
2.95,0.0,27.87399369217917,26.734370534661693,17.800526383140465
2.96,0.0,29.475082743901286,27.208207500405255,22.933370722732125
2.97,0.0,27.797223521041428,24.97493813993353,15.487061532740398
2.98,0.0,24.99544458895763,27.194260802135055,19.34600808165595
2.99,0.0,27.714008068215986,27.094197879953672,20.446633022961628
3.0,0.0,31.90901140655125,27.485509167029402,21.516959360147855
3.01,0.0,31.562979759876125,26.62161599750754,18.844055735147016
3.02,0.0,34.3409785732112,25.765793732783177,20.53453445974573
3.03,0.0,29.38641666110173,28.817513666331738,21.28432398439567
3.04,0.0,30.11574817176815,23.134027497559316,16.61360733954066
3.05,0.0,32.00464756376691,26.462704731115593,16.37529914543758
3.06,0.0,28.242586628296934,22.693721709377506,19.096961213431115
3.07,0.0,28.500951211831588,26.441518406274355,19.750298210094417
3.08,0.0,29.451626420346354,26.9873252669328,16.456392063190865
3.09,0.0,26.890999827604276,27.692513550994008,18.093349064859467
3.1,0.0,30.099142960678574,24.6428829940506,24.11850938402771
3.11,0.0,28.550287077889553,24.951713691419943,17.893908264690193
3.12,0.0,33.12796804199958,26.38026136825269,18.0038062774919
3.13,0.0,29.37134377289083,25.7782875059501,20.450756171341265
3.14,0.0,28.75746557809644,26.844066962422247,21.026796876486767
3.15,0.0,29.72305084941197,27.82484332253208,21.527384953802812
3.16,0.0,33.52533658124638,26.435192007311116,19.976125008215053
3.17,0.0,29.788599200075463,26.467323094976596,14.38110150825281
3.18,0.0,29.246126440922968,26.599425462466407,18.118834431721123
3.19,0.0,30.26417254844541,25.50141986213126,20.48490354469971
3.2,0.0,27.315981188366194,25.401573905498594,17.81663123787433
3.21,0.0,33.04924698687323,24.023335059464898,19.235229342897718
3.22,0.0,32.42097689561779,25.93062686849124,18.622099681790935
3.23,0.0,31.286822747265845,26.764374152888806,20.966943981605652
3.24,0.0,27.982445361815273,26.35337078385497,17.485251917793978
3.25,0.0,29.758227867692156,27.620820533821533,16.794474121408633
3.26,0.0,29.920783269896386,27.902183304777907,16.8018989719476
3.27,0.0,27.094695058328004,26.941455477048965,21.840578595502443
3.28,0.0,29.735644058356147,25.540021826392184,20.44305746669456
3.29,0.0,30.532096174355747,27.315220578071795,19.37541420232603
3.3,0.0,31.563011661450908,28.362926851029158,17.994405467850328
3.31,0.0,30.39932726451932,29.90366999451419,20.864948756116696
3.32,0.0,28.682559677813046,27.562912789900242,23.047689873587696
3.33,0.0,29.650505828892786,28.023441825669348,17.711295327963658
3.34,0.0,29.38901004252656,25.140453718573166,19.81458433073727
3.35,0.0,30.866000896674535,28.007278994705043,18.06873529759378
3.36,0.0,29.750629172089372,26.75589367298046,20.64527166120491
3.37,0.0,30.192651219269663,29.900962222063672,22.649317069100142
3.38,0.0,30.335324832405927,27.266007108624976,16.83282872179395
3.39,0.0,31.496488888690237,24.489308244754987,20.404631595815946
3.4,0.0,35.66037767575737,24.769883029972235,20.907133130364656
3.41,0.0,30.599333060041296,27.935672253203805,19.67002043719885
3.42,0.0,34.175116499311024,26.220748956428654,19.660425299154756
3.43,0.0,27.5952075839255,27.877233700414944,22.811225856860442
3.44,0.0,33.783991449087424,26.65833974723653,19.058190126452512
3.45,0.0,29.78921638421976,25.773771240495343,20.72870299529142
3.46,0.0,33.22462680352874,25.185805484326576,19.38305066335136
3.47,0.0,26.745289084948155,29.65046127016492,23.591295890841685
3.48,0.0,32.07143780182053,27.75889766466721,17.786846774421292
3.49,0.0,35.45590998696123,30.323052993041514,20.82891214575552
3.5,0.0,32.254872249700114,27.611670065935566,21.67297852448626
3.51,0.0,29.375408192084567,29.649605167793343,22.009482430943315
3.52,0.0,30.125218511377827,27.715385525616647,23.872124024919852
3.53,0.0,33.12165742395849,30.56516222528562,22.010708892886026
3.54,0.0,29.9780604020193,31.67825747072851,19.336049683167946
3.55,0.0,36.25379952153205,26.195392350193284,20.609423657309538
3.56,0.0,29.300257157205035,31.67725290175397,20.92024946358702
3.57,0.0,30.27704229765005,27.057900648403855,22.962448424562687
3.58,0.0,33.892871831374464,28.23771894644662,20.42629645839441
3.59,0.0,30.07632085029043,29.72370597489101,20.878722028236922
3.6,0.0,28.997603631749417,26.73960391258739,20.78636385874866
3.61,0.0,30.455982596593476,27.64615885749769,18.716368909677215
3.62,0.0,34.92953328343966,28.463488865109298,18.513045807760598
3.63,0.0,31.218450490800308,29.39994988033764,20.69897559171992
3.64,0.0,30.532422544383433,30.251987364864245,25.202973425830614
3.65,0.0,30.404434504543396,30.142623724411735,22.306890963617235
3.66,0.0,30.316048639008997,29.693709990740444,18.087285602764638
3.67,0.0,32.91207732282407,31.0616158871869,20.602449399073084
3.68,0.0,36.791354086309475,29.227383020018795,24.04904925204131
3.69,0.0,33.1197528274882,29.647561101849927,24.519397748139053
3.7,0.0,36.125776100322966,27.333320608519323,17.79336054390056
3.71,0.0,30.648660938847236,30.643427330858692,21.472000978132954
3.72,0.0,32.52186219030033,29.98500669239419,21.608870208577358
3.73,0.0,31.640776705606083,28.60366930707604,22.150759876888394
3.74,0.0,34.00305539394286,29.953128284333086,20.93769621016629
3.75,0.0,32.863110766261066,23.829653109367126,20.592561146295893
3.76,0.0,33.71707992900456,29.04778600823152,20.853603250981756
3.77,0.0,29.51010054760877,30.835613530486032,16.864565797210663
3.78,0.0,31.544541989621102,27.911085091467424,18.488943392014647
3.79,0.0,33.62123553435035,28.970409170046448,23.440965912696583
3.8,0.0,32.821999139142356,31.428152381875872,19.11505113732544
3.81,0.0,33.420355375120245,30.946398362770424,16.76707831722466
3.82,0.0,33.44097075672573,33.27535282545001,20.076044949108105
3.83,0.0,33.8978222358904,30.075794332690734,17.13338937291131
3.84,0.0,31.617616923064446,26.768311834376455,23.138151676612438
3.85,0.0,35.15041343808552,25.762958919762482,22.19180860226088
3.86,0.0,30.437473714355825,25.562106420548556,22.100203519008122
3.87,0.0,34.09329765596432,29.581997425533785,22.132269420462563
3.88,0.0,33.79471068151664,30.184035432763743,23.26473419182127
3.89,0.0,36.31751595489639,21.524744786358774,20.121153868022713
3.9,0.0,33.22683433766378,25.94050751103631,21.243228028429645
3.91,0.0,35.24548289079988,27.9654184279752,18.64984237754885
3.92,0.0,34.888764148926164,28.37505178037815,21.776866064911236
3.93,0.0,30.435194328616426,30.867295785556678,20.534527047241475
3.94,0.0,35.74892590161901,29.241027568278472,21.10756968365841
3.95,0.0,35.2907089945047,28.3862827353875,19.15465550028525
3.96,0.0,34.78319758228635,28.838100993958406,24.50735154392609
3.97,0.0,32.86697091955846,24.98804657263947,21.367764024730064
3.98,0.0,32.13837844219399,30.933441280328132,19.370119448223665
3.99,0.0,33.60158170175217,29.684599996026115,23.205585809668293
4.0,0.0,32.19399581917042,26.662640296059642,20.677556130149167
4.01,0.0,35.26989610705892,29.2756881060984,22.35700370753767
4.02,0.0,32.541131129948795,27.630296714468226,20.321714788519973
4.03,0.0,32.185618206759585,33.26903165474832,17.909222133510163
4.04,0.0,32.13139973896105,30.917345996167615,19.790111799415513
4.05,0.0,33.39719984342536,29.190794826924954,22.136814951592015
4.06,0.0,34.45908812946817,29.77328959941083,22.38181710657298
4.07,0.0,35.71955507215129,31.825117393162817,22.711703515442466
4.08,0.0,36.227996327612765,26.85845307110613,22.21009898413779
4.09,0.0,31.766826161661996,31.460151017966336,24.40237055320005
4.1,0.0,31.522960430882236,30.070060479175957,19.854487330006762
4.11,0.0,33.109040172410005,29.399130421536427,20.699473926195385
4.12,0.0,35.478807540134966,32.512331448231905,18.868825602915532
4.13,0.0,33.159620280777865,28.182966298213113,18.609752159072272
4.14,0.0,34.49927095560855,27.99715703609542,18.083483180961405
4.15,0.0,34.22603863089192,28.49727252981281,23.238282697798255
4.16,0.0,32.91081762444909,31.625703842468685,24.48172615290956
4.17,0.0,33.97533271243779,29.36676642944628,19.121969039004988
4.18,0.0,35.18715127108113,27.932064190873866,22.892091132230313
4.19,0.0,31.377991968592813,29.330790583389362,17.36247768201785
4.2,0.0,33.9088172592556,25.973871353642032,24.622460766396195
4.21,0.0,34.19452144522623,29.09744334355071,19.115288589999842
4.22,0.0,34.12001304222249,28.657371936789335,23.07269131965325
4.23,0.0,34.105722093230824,26.214344150795608,22.656084452051445
4.24,0.0,33.78387097521665,29.756196027584632,20.34608744091068
4.25,0.0,34.14909878758434,30.780916010569275,23.009058051208193
4.26,0.0,32.22780734524068,31.167591850226202,18.862643671522708
4.27,0.0,33.22827422332296,30.75844401351741,21.2528872695504
4.28,0.0,33.65790954951591,30.030076644676598,22.027895316164237
4.29,0.0,34.91830379560735,30.843775601703577,22.205348755515104
4.3,0.0,34.4105853394195,28.18540336348907,19.091741859411904
4.31,0.0,32.017539624380355,29.445300708140955,19.402155139068405
4.32,0.0,34.09081320964127,27.592128736897024,20.07549834039485
4.33,0.0,34.83580275355871,27.42915899449596,19.63506111457437
4.34,0.0,31.701464515805565,29.493397818617854,22.466188140275122
4.35,0.0,36.01388975842468,29.189148239047558,19.875647345346813
4.36,0.0,32.99076826083688,30.303724847204684,20.518999024016495
4.37,0.0,33.43843169735287,27.297692825138707,21.933793899853054
4.38,0.0,34.357190574318615,31.130466270531237,22.5151727897059
4.39,0.0,32.786734997828994,29.91831297418723,19.65224122268366
4.4,0.0,32.686382951515476,29.282512731512956,21.35025044055846
4.41,0.0,33.692244173892334,26.63997993461797,19.3213613976269
4.42,0.0,35.21889075255063,27.436636997971863,19.169817366583768
4.43,0.0,32.675055711144886,28.264729635942082,19.945129016688533
4.44,0.0,32.738321920583516,28.55688578372956,18.516992506649977
4.45,0.0,32.640774306569554,26.84212700906232,21.63056279973225
4.46,0.0,30.709761965709625,28.62244128103151,21.320925042427394
4.47,0.0,38.48849507599668,29.522935439062405,22.20800375922602
4.48,0.0,29.489728743406133,27.77564941687307,21.477207979890395
4.49,0.0,36.95633942472889,28.333850662482252,18.201529345117187
4.5,0.0,33.363395554277375,31.491363026649964,22.178923123646534
4.51,0.0,31.68297778872791,31.224293925139804,18.83319501408848
4.52,0.0,32.99472888594961,29.286567996597526,20.91590272053784
4.53,0.0,33.177424328055075,27.338376293239076,21.336490320961374
4.54,0.0,32.080953776668345,29.123216200248045,21.513146098306716
4.55,0.0,34.56428489619082,30.071155346142525,22.232290555697144
4.56,0.0,35.12700204298789,26.959644499855038,19.81012432679289
4.57,0.0,31.063560447965727,30.984606492501662,19.635307173248087
4.58,0.0,37.72152375061518,27.746541967962536,20.957111158237133
4.59,0.0,32.82421086284722,30.832588769026597,20.203858553876522
4.6,0.0,30.339824891050466,28.136320510566875,15.885700439069465
4.61,0.0,33.0411268939263,25.594903494947758,21.55024243376949
4.62,0.0,34.22030728087594,26.597761047388026,18.328150017159906
4.63,0.0,35.877756213575445,26.81788011855114,21.96447962288338
4.64,0.0,34.78621776488795,28.058359976090294,23.33300008920788
4.65,0.0,36.27802183011848,27.882981564100422,20.612843809830533
4.66,0.0,33.42801334896966,30.45795577219506,20.054753114401077
4.67,0.0,32.65982601761257,29.135707874848514,20.827076597679536
4.68,0.0,31.170367063318572,27.453795747670128,20.005752338328453
4.69,0.0,30.718511182327838,28.423762124815884,22.620800209602095
4.7,0.0,31.713019908731038,27.09973254169931,19.597669457915107
4.71,0.0,35.765225372185995,29.217172968251163,23.06308124940952
4.72,0.0,35.06317650610247,27.75370902002038,19.58890949268427
4.73,0.0,25.237959454136448,27.44783083467576,21.530573287141852
4.74,0.0,36.28677704030931,31.29355884184728,20.060449454113886
4.75,0.0,34.17157340654112,29.55774699592217,21.635118060501455
4.76,0.0,31.580744086225234,28.93685887761278,20.727095445033626
4.77,0.0,32.266221222352996,24.864049305565292,19.505279793735497
4.78,0.0,36.03551962246972,28.1830956226113,19.293416917311255
4.79,0.0,32.03406840470761,28.567557276993075,20.802701438084675
4.8,0.0,31.722730299521384,29.315157192923852,19.21251122306229
4.81,0.0,37.49180915303812,25.86905515381978,19.40219045278674
4.82,0.0,31.471121937722856,21.62061787999418,23.569749258059634
4.83,0.0,33.988001821038736,24.29777181504455,26.034949632689884
4.84,0.0,28.154943082056434,23.6423990667049,21.396035704330426
4.85,0.0,32.645653934408806,29.739768055468524,21.235967263259436
4.86,0.0,34.515227564787196,27.544466645039787,21.598776128585772
4.87,0.0,34.19661609252583,28.973109183198492,22.19075373956362
4.88,0.0,38.46502837604081,27.239190307962595,22.673706950937323
4.89,0.0,29.909698379085743,27.760638086468774,22.576466691617732
4.9,0.0,38.22924476203195,26.894989780102563,21.77935318591434
4.91,0.0,32.32322050445058,30.074072231943877,22.32506457463244
4.92,0.0,32.968301259996494,28.688096623443077,18.682210567635465
4.93,0.0,34.45008894395486,30.617602478317473,20.720035755162513
4.94,0.0,31.490932574188715,26.78514895259296,20.017405511991104
4.95,0.0,36.74029369868445,29.817002102101128,22.7043046656502
4.96,0.0,37.29218690463226,28.925955293135118,23.412110985819915
4.97,0.0,34.65212670449114,31.65215995996451,20.766688152497842
4.98,0.0,35.06450820460341,23.112548254023793,20.313658667183404
4.99,0.0,34.292518942816145,29.68540760125249,23.047208794797392
5.0,0.0,35.28556163461885,29.518253639687945,18.22544521128152
5.01,0.0,34.983230825417074,28.157878109921484,23.06044434909198
5.02,0.0,33.86542860146909,26.981278679569073,21.575656391914016
5.03,0.0,34.57596155631468,26.681320872563962,20.140136389714513
5.04,0.0,35.81479003645269,30.06643999344166,21.949036937092153
5.05,0.0,33.974417743738044,29.066219050855878,21.556358907039
5.06,0.0,38.23835664315858,32.28331372425516,21.652553238820584
5.07,0.0,37.33308025979823,29.67700924220193,23.2059748836954
5.08,0.0,33.79279550795346,28.19880396720594,20.361478813604855
5.09,0.0,30.79348599799301,28.831261836871313,20.432220914376444
5.1,0.0,35.56728564303651,32.28091639255502,21.944732536443297
5.11,0.0,36.71130727529905,27.936671687112344,21.28022218275627
5.12,0.0,31.998794337188624,26.693119111378326,22.466105316458645
5.13,0.0,33.823217707609814,30.691103892494493,17.954471925690868
5.14,0.0,34.020163656929746,30.039305862376334,21.612412123247957
5.15,0.0,36.23878887265851,28.707513012564487,21.44031314110279
5.16,0.0,38.29336642089994,29.843153555977672,22.36787845527729
5.17,0.0,35.464318194883724,30.96499397418427,21.95649212287218
5.18,0.0,32.62585171685779,29.054487155644132,22.89133158300362
5.19,0.0,37.88340156175416,28.809109332755977,20.12186693218523
5.2,0.0,36.39647489421398,28.36290266967709,22.895712879739254
5.21,0.0,37.72246275200246,32.35939124894715,21.192951060836016
5.22,0.0,34.281602941972345,29.685953321241016,22.29437977842278
5.23,0.0,32.96703786660275,30.91941700852391,23.146772135040912
5.24,0.0,36.43748819455701,32.893389482263984,18.613137997881633
5.25,0.0,32.21586326494136,28.731783685619515,20.482215490937303
5.26,0.0,34.43406947690203,30.240946291490303,24.5092770902561
5.27,0.0,36.66178151874535,28.925060397254605,23.874991746819116
5.28,0.0,38.065120685559705,27.019084935777073,19.884690852179713
5.29,0.0,31.866383297458903,29.149771624762014,22.235470072990935
5.3,0.0,32.969794823214656,26.795426842663957,25.46696387800268
5.31,0.0,35.70720689099842,31.078720006125124,24.119769104688697
5.32,0.0,36.95285058381572,27.215448624040732,25.872128710309465
5.33,0.0,37.54461483949442,31.341939013521113,23.243364722397523
5.34,0.0,38.397326789694105,30.847317678213408,20.97853985632473
5.35,0.0,34.707541633119746,28.133399891364476,24.603512030545886
5.36,0.0,35.27540580359171,26.260131837661085,24.377658041386187
5.37,0.0,34.79222340475116,33.3942673106211,27.6181451812445
5.38,0.0,35.07572094383999,30.529143914690152,20.39243766547414
5.39,0.0,39.6353248877879,30.16947603668505,25.491547868893544
5.4,0.0,39.173652886358845,33.15615584452185,24.00980887334173
5.41,0.0,35.96494434240672,28.8317318585765,26.254481314686856
5.42,0.0,37.42620511844629,32.663564980608335,24.81208487556832
5.43,0.0,30.133027311926426,30.537641307880758,25.540443993431197
5.44,0.0,35.552295285829565,28.543020774154666,20.112671382266324
5.45,0.0,32.094705533614,30.528160250435064,24.156530012675717
5.46,0.0,35.99018637864674,34.04650703715494,23.88443665138021
5.47,0.0,37.65847655401802,32.30566185412172,23.07234933609271
5.48,0.0,36.28156270088838,28.67285322880066,23.347325158202963
5.49,0.0,37.80929673051235,30.9794092133823,25.930009789643066
5.5,0.0,36.76071291205536,31.162727555396636,23.49594697442907
5.51,0.0,35.222043506422345,29.0156938850375,24.560864504361504
5.52,0.0,40.563258022855656,33.13734374837227,24.44251177071728
5.53,0.0,38.74312813338903,30.20517164703746,22.972971929292694
5.54,0.0,39.86433712220816,30.580079841852484,26.943587614849292
5.55,0.0,37.87698149415293,31.568329305801054,24.486294368525243
5.56,0.0,39.93083793908906,30.355821941048806,21.436832195134613
5.57,0.0,40.62049845775011,32.62815855639341,23.786159607133197
5.58,0.0,38.04728452006656,31.72760056040249,24.07567480741872
5.59,0.0,37.48666707525946,30.040325454602865,26.236638720118762
5.6,0.0,36.14934197551849,28.658784781121323,25.505880748005684
5.61,0.0,36.1345129109426,34.33154022221432,27.46352287477253
5.62,0.0,38.964221711557215,35.064200463517054,26.81795317625913
5.63,0.0,36.36611403739506,33.323934152430915,27.722443341431124
5.64,0.0,36.985406724811796,29.29431935946014,25.01913287809066
5.65,0.0,34.62110894271149,33.31592109052926,26.868050108786697
5.66,0.0,40.10768242582885,29.301683534067514,23.79779369035942
5.67,0.0,36.5860068800954,32.62849064425395,22.551129156831863
5.68,0.0,36.957791570020426,30.330892184285105,24.14337044407264
5.69,0.0,36.39777838661084,33.20271231061892,26.681748641761107
5.7,0.0,34.95530230730819,32.893949404710206,25.087228438708635
5.71,0.0,37.58722765662141,32.54193026407814,25.34721999762835
5.72,0.0,37.323553866118026,32.63095149167563,25.436837283722998
5.73,0.0,40.42414952698275,36.65933598596216,23.55837295249583
5.74,0.0,38.31283861929231,31.027575126074886,23.854903602238473
5.75,0.0,39.599125177731324,30.661465865550902,27.16772290436271
5.76,0.0,31.75347401587275,30.472830658043872,22.143352420318752
5.77,0.0,39.72700907933207,29.650707792059514,29.580917902062975
5.78,0.0,35.91876777763259,30.93826379102241,25.291053884740606
5.79,0.0,38.73768002722002,34.12036013392272,23.573739982511746
5.8,0.0,38.78145323074751,30.514213944454838,24.117616089589923
5.81,0.0,37.125370369501354,32.45636567485396,27.129327009025697
5.82,0.0,34.840709839754666,33.185907535446184,25.426830571745462
5.83,0.0,38.79995519946423,35.47832631079154,26.273757528481983
5.84,0.0,40.173193113837314,28.89402090381695,25.986881798097254
5.85,0.0,39.5779044746949,34.00252451066043,25.34833845895757
5.86,0.0,41.726271303134205,32.11591660930304,23.784978817720976
5.87,0.0,37.40106613852897,35.74225310901692,25.9712557721797
5.88,0.0,42.762691047318214,31.480887659045937,22.98830343446435
5.89,0.0,38.58892918598427,32.820636694999884,26.585727031876427
5.9,0.0,42.915713488777016,33.720295573067915,27.934237531839965
5.91,0.0,40.85241896344558,33.50109808595438,27.485692705786462
5.92,0.0,38.65298115593793,33.37103021265494,24.292670230368692
5.93,0.0,37.51583063157326,33.84732561363006,26.782081914515977
5.94,0.0,45.525830636451445,31.711500077987157,26.17271477864423
5.95,0.0,39.82522925398862,31.729629550847438,26.528558891910535
5.96,0.0,39.45281919586864,35.42581772664094,25.931502893004733
5.97,0.0,38.716114236182655,30.71867623434292,26.02840974511648
5.98,0.0,40.04970483551645,34.18456729528122,21.988127405686292
5.99,0.0,42.10596210078462,35.28597349731243,26.382245708156365
6.0,0.0,37.16755203545399,34.59374990740377,26.94738614796107
6.01,0.0,42.03225387323671,36.072986464712,27.472904455082695
6.02,0.0,42.7087998120995,34.370669009846544,22.251658371810024
6.03,0.0,40.18002004545168,31.88215227312168,30.537566938239905
6.04,0.0,41.45484429065716,35.66503073531563,27.809480019955867
6.05,0.0,40.12931577674584,31.58519876722289,27.228308358000255
6.06,0.0,40.08210743628101,34.539536603012486,25.470501237010456
6.07,0.0,41.84358658932332,30.722426784259618,24.01963567813433
6.08,0.0,41.536650982050325,32.399741554725665,24.766314609652316
6.09,0.0,40.86052496995673,35.58059018049853,25.394085578453904
6.1,0.0,39.94219224139721,36.555538828637076,28.477419896117354
6.11,0.0,39.637572600779045,32.05718463050835,30.266354706851438
6.12,0.0,41.792322273759744,33.8762241379369,32.774917395596525
6.13,0.0,38.468943469434166,34.49914916212634,25.74908113917114
6.14,0.0,36.841397878334654,32.27996143092139,26.338840782108115
6.15,0.0,43.74667738137489,35.79214711289062,29.95579752856195
6.16,0.0,40.5227142211378,34.77748402941715,28.48193568220673
6.17,0.0,42.26167481830621,34.09731295007033,30.2328671223732
6.18,0.0,41.020051210943556,30.521908713494,26.383866676641013
6.19,0.0,41.28427760348808,36.12644273208616,26.46504067022935
6.2,0.0,39.26846641982184,36.550284151014814,26.28026273907173
6.21,0.0,43.84849612119901,34.20582713177368,27.72487103259643
6.22,0.0,41.71182685693354,32.953957105311495,27.717545833545497
6.23,0.0,41.41241170316772,36.44553202487505,28.278389981507175
6.24,0.0,44.559776424400255,35.59290302606199,28.18337119399128
6.25,0.0,40.67367977848043,35.737785976323565,27.993030514616823
6.26,0.0,39.33400630934246,35.88046155563166,28.718466829703093
6.27,0.0,41.52523006587449,38.93477683970979,27.612825335207184
6.28,0.0,39.39371689675871,34.18187164566578,28.52549747224521
6.29,0.0,42.4314617971173,37.59274626467622,28.44429197473943
6.3,0.0,41.424648640587435,33.792395935036105,26.76656345919196
6.31,0.0,41.52534428284273,36.34874521546569,27.30920854816301
6.32,0.0,40.39703102407084,35.91055577576652,30.026909272582103
6.33,0.0,42.49440435443181,33.075065131496494,30.74715802413663
6.34,0.0,41.568395994088355,33.67419094552573,29.455818948814187
6.35,0.0,38.477210053562054,39.09829676682504,28.462748709558365
6.36,0.0,41.40672915907732,36.36917682479274,27.063966967468463
6.37,0.0,39.5142655631985,34.4284523491438,32.21315290784468
6.38,0.0,36.82565192883739,33.36534252502813,28.257341707934504
6.39,0.0,41.705318431291296,38.34914447590031,30.887709972690537
6.4,0.0,43.66095322160677,36.50671134451787,30.70265170819778
6.41,0.0,41.19104390626756,37.35348635308809,33.024151587837764
6.42,0.0,39.885404801603634,34.150565113417315,29.702817079757
6.43,0.0,43.49273760231285,34.37095906854069,28.369634994551493
6.44,0.0,43.205358746131154,36.789926602120005,31.965226070994103
6.45,0.0,41.98630260286585,34.912371098982916,29.49604979475429
6.46,0.0,41.19416393900089,35.96317909112644,29.413181725437745
6.47,0.0,42.09808590973248,34.995541853685054,28.863888850536664
6.48,0.0,44.71917032562602,37.80941320715572,29.81326018150922
6.49,0.0,42.44660761174032,37.47858069784326,29.863770737677626
6.5,0.0,45.294985569525615,34.77795889495695,30.676524865546547
6.51,0.0,40.7846042081301,36.21325831641962,30.139929816853417
6.52,0.0,43.166266972781635,35.04140664329358,31.727289123856906
6.53,0.0,43.62116722921791,39.91814811037425,30.14142773526749
6.54,0.0,41.81506199662083,34.20606530141164,29.05400717728189
6.55,0.0,44.12717346812971,35.93610140458214,31.59018162995139
6.56,0.0,43.9889887008863,38.53188202715614,30.019419098447656
6.57,0.0,41.06193792935082,39.053683026766215,30.10729520227611
6.58,0.0,43.20323616617313,34.26057781648894,34.074145703503746
6.59,0.0,39.39591694257721,36.615654684143394,34.02067960456997
6.6,0.0,43.46847606045349,34.69882869826057,33.566895350647115
6.61,0.0,42.37235013091968,35.749882869698325,32.21217026399819
6.62,0.0,41.958476083971924,39.00915192117834,31.187932770609663
6.63,0.0,42.55222391479186,35.40420569587074,34.16101693730724
6.64,0.0,42.595903650349065,36.04999700868207,31.548167648850008
6.65,0.0,45.05981574637673,35.71560295533577,29.14602059721218
6.66,0.0,46.9530120459785,36.20064447169059,34.053647779869834
6.67,0.0,41.34342109353558,33.91130331278596,31.097553376737363
6.68,0.0,40.991329298378794,37.41075644902549,32.269834022055164
6.69,0.0,43.22089753392939,37.38243740337829,33.71892775887986
6.7,0.0,42.57913789766288,36.557162227911775,31.544299805675255
6.71,0.0,43.030975853796754,37.39237152700358,31.939251750922377
6.72,0.0,41.83589663434968,36.92918671966661,32.05737521883426
6.73,0.0,41.913167131672246,36.39061172124448,32.93564035385243
6.74,0.0,43.11092836718111,36.67424305449663,35.91489251024472
6.75,0.0,39.80115524936889,36.805712879365416,35.623723167256216
6.76,0.0,40.933292590408776,36.70962965962291,35.49715351791143
6.77,0.0,42.24182752833635,34.53321682840533,33.110231655156255
6.78,0.0,42.39357218613437,41.97976472176331,31.547501239643303
6.79,0.0,42.059140438865136,37.761458358588854,31.33234883547694
6.8,0.0,45.32110562688526,36.41671852888534,31.257505736480468
6.81,0.0,42.93755851318289,38.20436387574698,30.697956267999047
6.82,0.0,42.90922700561675,38.12909035717365,33.95418201349709
6.83,0.0,44.78418155654729,39.10107735731618,31.653093929077006
6.84,0.0,39.334895492100856,36.6077680941322,37.3810582485275
6.85,0.0,41.16916638085389,42.52147326420726,33.42958508284478
6.86,0.0,40.5819965476984,37.9331153944198,33.031599887612046
6.87,0.0,44.06547323262198,37.53271922931878,34.568201984344775
6.88,0.0,46.26640374997091,35.223180202185276,34.31245902137549
6.89,0.0,43.24360860229835,39.58949191233408,33.030472295554375
6.9,0.0,45.101047289579654,33.9554854080463,33.830157839666285
6.91,0.0,40.73824650748567,36.8517702702104,32.54961459609774
6.92,0.0,41.52572012739531,35.3156537455961,35.21887591827709
6.93,0.0,43.28349597496568,39.280906282546766,35.86337702643388
6.94,0.0,39.8793757090362,39.46406683020474,38.63913355404182
6.95,0.0,40.74580065090363,36.15922340535836,35.4385050918987
6.96,0.0,44.30311654997541,40.3498892476812,35.52498542720564
6.97,0.0,44.27871275537324,37.8975048972186,35.42603426382627
6.98,0.0,42.31896063337365,37.982928393961494,33.51478607792532
6.99,0.0,41.109664712927476,36.935155276963464,31.894331754346425
7.0,0.0,41.22578098101087,39.191553488465885,33.33910849125058
7.01,0.0,38.6827968706761,38.454338534001614,36.57924923836145
7.02,0.0,45.07153926220897,37.291995473766455,30.990801426179317
7.03,0.0,44.3726311749769,36.63890618841968,34.82533780421712
7.04,0.0,45.77002947886037,36.40887390738061,35.307827924983684
7.05,0.0,38.62488374109103,39.33194025078265,34.13300778561682
7.06,0.0,43.02940086522055,37.50427049684528,34.50713851867712
7.07,0.0,39.991384302683386,39.42987826397394,34.571158029158504
7.08,0.0,39.57470185539113,33.910410446594085,33.78766875726877
7.09,0.0,42.13508701317733,37.59863510623142,33.272598738556184
7.1,0.0,45.393884016845384,34.10011437118686,32.72461809419511
7.11,0.0,41.976150684786234,38.66907823953556,39.47542283150773
7.12,0.0,45.7166794522263,36.58766878091648,33.71391415206628
7.13,0.0,41.4829049280882,38.15043779294091,36.260725220512775
7.14,0.0,43.145614126988235,37.183562274826734,31.25876233331614
7.15,0.0,40.66613332362866,38.824493152232904,37.70529958831331
7.16,0.0,41.660126388860036,33.92047674506183,34.83528000768191
7.17,0.0,36.650476257018184,39.29524195076955,35.046931302296386
7.18,0.0,45.16652083190088,36.53364054264702,31.19372860787216
7.19,0.0,41.58325947131866,37.566719527822954,35.99894724423617
7.2,0.0,38.23857780438426,42.163052707107205,35.130136283064004
7.21,0.0,39.965639730803645,38.63170273802229,31.84273269357431
7.22,0.0,41.42230842306449,37.637705210040124,35.073225207706095
7.23,0.0,39.69786117737022,35.127966663985724,33.40146298199802
7.24,0.0,41.43938807339555,37.141425469600584,33.405908798775044
7.25,0.0,40.336843243115624,38.00133992157931,36.863776946743045
7.26,0.0,43.62386085246936,37.78503473072278,32.683827320387984
7.27,0.0,38.40767613698263,39.67128448836709,33.88866762340242
7.28,0.0,40.90318070748467,36.97451282361858,33.06798278246438
7.29,0.0,42.90831770501217,33.648496043951134,32.525017111886704
7.3,0.0,42.85272652512705,38.502576636537725,33.86472202288918
7.31,0.0,41.207284754273566,39.522091499096234,34.26542735618371
7.32,0.0,38.96490798772568,35.381424810978366,33.762006524408186
7.33,0.0,39.59346533349463,36.85824256550499,37.11875941042767
7.34,0.0,39.44115245385845,38.39864623529018,37.50054065726489
7.35,0.0,41.5241186976691,38.492718936197065,35.19012273663529
7.36,0.0,44.2089040203846,37.508132913127795,33.96474980616061
7.37,0.0,40.51221027815535,38.65552075793165,37.86207109828992
7.38,0.0,39.03618691120567,37.081252355084544,35.62440200727812
7.39,0.0,39.61060876190013,37.32579534413509,37.73717595969128
7.4,0.0,42.390845725531584,38.42573454253736,37.473698749848424
7.41,0.0,38.873180718234046,38.774017877267596,34.078690539146876
7.42,0.0,38.23229124420665,39.24125045518562,34.706737382456595
7.43,0.0,40.71251321712669,36.24703040300152,36.96634392456579
7.44,0.0,41.02578798777227,35.698215800195086,37.44296985444053
7.45,0.0,40.908272425713164,34.258675662084485,35.99356511924792
7.46,0.0,36.79928160040611,36.51802890122821,37.00461591116182
7.47,0.0,40.472937569109064,38.9620703392531,36.4199261767068
7.48,0.0,39.82624592371007,33.58414239089913,33.52178898459498
7.49,0.0,41.32693542771856,37.5162230016194,35.78761015487853
7.5,0.0,43.929918389755635,37.25024158241299,35.756830795716525
7.51,0.0,40.36858935361906,38.93162500807812,35.49626421284476
7.52,0.0,40.63553488595718,36.70993457892098,32.153559826521004
7.53,0.0,40.32515262220279,38.23079984635027,33.91044411159211
7.54,0.0,41.89553012888044,37.97064994115943,37.31874242486755
7.55,0.0,40.57117209345125,36.75889359831526,33.80090866000802
7.56,0.0,36.949238942382415,34.91406029205523,35.549565974230546
7.57,0.0,44.70625487422675,38.44193671679295,35.20504290402614
7.58,0.0,44.171327007527026,32.08812355581883,37.10811884438285
7.59,0.0,39.03351326846223,35.23004679881165,36.36678822064545
7.6,0.0,40.49185262378602,38.12584518339484,36.12010606565671
7.61,0.0,43.12060589808014,37.1762547311654,32.928136767100355
7.62,0.0,39.728100623035104,36.56082583400576,35.38405241981417
7.63,0.0,38.12880311004414,36.99647067883136,35.67909205910834
7.64,0.0,39.49050654637718,38.24420384817554,37.41209540723758
7.65,0.0,41.07012761690791,39.922394504799925,40.709184810254214
7.66,0.0,38.346975051114,36.991621001558535,37.16375212036137
7.67,0.0,41.84098786542632,38.015022896189045,35.776452210646696
7.68,0.0,43.74772265271142,37.718729973253836,30.85885530036284
7.69,0.0,39.795864500879034,36.46901902759791,33.77446910309018
7.7,0.0,41.145786907309294,38.479259350659014,35.2824890227793
7.71,0.0,39.59114814556247,39.414669705654724,36.592972715764944
7.72,0.0,40.61895987982489,37.972372729814296,37.19544836521001
7.73,0.0,38.29826400894587,39.168821287789264,40.332017840496846
7.74,0.0,40.26476056594155,39.36290270405525,36.927294799585
7.75,0.0,37.308267330103504,38.394257327819076,40.21242532379049
7.76,0.0,41.5713317990915,38.53437061673508,34.68275086632733
7.77,0.0,39.050457621588315,36.916354270846,35.464881228288185
7.78,0.0,39.66352232083757,38.2656742096427,36.341711299546624
7.79,0.0,38.51261222501309,40.95859777188283,34.262056979286875
7.8,0.0,39.25911279222693,39.400249836111904,36.985505689784034
7.81,0.0,38.443073457564466,40.55616882037297,33.407976119644765
7.82,0.0,39.06817018872331,38.19732203665907,33.520062544340576
7.83,0.0,38.72754199427811,40.0380610524349,34.58656991412189
7.84,0.0,37.183649299872364,34.72387505295481,36.53427200198904
7.85,0.0,38.60902110856405,34.97351311769481,35.41489584289769
7.86,0.0,41.727351717750246,36.136413655810706,37.72792114424807
7.87,0.0,39.13035341482652,39.14260959660125,39.506456229334695
7.88,0.0,42.4864093926374,38.474087063906794,37.17921630437637
7.89,0.0,40.76590907509335,38.040781905880756,38.23445405331689
7.9,0.0,43.283098723813,38.358105680055736,35.17300312013021
7.91,0.0,40.33213781788863,38.985555699108254,36.863715378796414
7.92,0.0,40.60124443173795,33.689244061686466,34.893144885966336
7.93,0.0,43.360969851650815,35.105822335594425,35.55298695730424
7.94,0.0,40.297225825583794,36.54396372354737,36.69182300089604
7.95,0.0,43.3695697803048,37.769719693692984,38.654488190798524
7.96,0.0,39.91451653734694,39.30763512545117,38.39940859439812
7.97,0.0,40.268554035720754,38.151626747122634,35.44988215079815
7.98,0.0,43.59122402631911,39.07482883032784,37.21279925389906
7.99,0.0,41.08033553401744,37.218677723310115,35.82380686420827
8.0,0.0,42.28822349639617,37.09122280894144,36.97663374273153
8.01,0.0,40.240340906035506,38.72618461143349,39.49874224420563
8.02,0.0,40.0464489525376,38.869738648251406,32.624355515002165
8.03,0.0,40.91813787748026,39.49259953432193,39.85616753592505
8.04,0.0,37.371950093683395,36.77367019489822,40.50207588589005
8.05,0.0,43.283193476693505,39.38917456946696,34.52062022986097
8.06,0.0,41.46896998602611,37.12067832878942,37.16684837706708
8.07,0.0,40.25777014310914,35.962892491497385,37.532079402671776
8.08,0.0,39.680425869463484,37.65756615279787,40.35512950184864
8.09,0.0,42.24366691148752,42.36110716880362,36.256763839762726
8.1,0.0,42.34098787285964,38.32707415977482,36.89245730288149
8.11,0.0,36.81906728334947,39.13228703357369,37.2588920334299
8.12,0.0,38.07204826192793,34.863238391209975,37.54716432241858
8.13,0.0,38.78711585767001,36.46382362584992,33.610067245448796
8.14,0.0,38.67159215532007,35.926179283323826,36.88785987511602
8.15,0.0,39.510927167062675,38.79297051040892,39.62319284690963
8.16,0.0,40.28254365775796,40.59663302719943,38.13568571409806
8.17,0.0,39.90557801621292,36.623267176535826,41.253821236663015
8.18,0.0,41.08461811204397,38.49634124845957,37.957675395778715
8.19,0.0,39.91948646399992,34.0142937990506,39.43410267312829
8.2,0.0,36.61257153298621,40.29756625946519,38.55247318293607
8.21,0.0,38.79291748915721,33.69496345443732,34.760395763319444
8.22,0.0,37.81555866443777,37.97696617470562,35.46696208628088
8.23,0.0,41.497035694822024,38.124458716544346,33.599179474706645
8.24,0.0,39.02907267629588,37.980050936632495,33.51084284993929
8.25,0.0,41.38292530972223,38.5107883609221,35.13453161496148
8.26,0.0,42.07200153347673,38.8909735457726,41.308749696267256
8.27,0.0,41.188023920816576,42.695341731825174,41.300027494856636
8.28,0.0,40.93647926283869,32.96719922400802,40.95871480284486
8.29,0.0,41.257195485475485,37.53302418637548,38.86046738864093
8.3,0.0,41.98139032982994,38.27554370374724,39.27260054884624
8.31,0.0,39.9727262774089,41.62581315337755,35.67669838865016
8.32,0.0,35.330974371580716,36.8522838500729,33.9959134320875
8.33,0.0,38.68976246823146,40.347789152500056,35.29683684262551
8.34,0.0,38.44083740460295,38.21910417318308,35.53632046589206
8.35,0.0,36.79905996657978,38.624304188257085,37.06889499684948
8.36,0.0,36.103848132701266,37.48398340560621,37.764779788041345
8.37,0.0,41.40621713063254,37.56059131816154,37.905458211883165
8.38,0.0,39.38581946964384,39.14902906412518,36.61998049050973
8.39,0.0,42.008471660984554,39.5350896782428,33.96772282020425
8.4,0.0,36.60712610092264,37.958085741006954,36.56607632020896
8.41,0.0,40.58127355345646,35.30675230304932,36.52338623186997
8.42,0.0,38.264128667171576,35.7293726611762,42.04515612655881
8.43,0.0,42.25194115141171,40.77063817497233,39.83001719344613
8.44,0.0,39.688630827358686,35.60717237265103,36.142192098810256
8.45,0.0,39.768615777207295,36.165382818935534,38.6081836631949
8.46,0.0,38.68963633861231,36.89067068904513,35.48647769415733
8.47,0.0,38.9125971469072,38.52439801919094,36.759398648254425
8.48,0.0,40.72018270158028,38.06294474276176,36.59753719277011
8.49,0.0,39.875056118203005,35.58453297677892,36.069724004584245
8.5,0.0,35.23648000554065,34.50110359930957,39.776646059539075
8.51,0.0,40.31650847167137,36.13459745551253,37.70767535099693
8.52,0.0,40.87553788599772,38.053183914254944,38.025898211921486
8.53,0.0,41.89903768929409,37.06106652659458,35.18818526048045
8.54,0.0,41.749724402855435,35.85933708027528,36.39457958694456
8.55,0.0,40.33101862399319,40.35555558356141,37.72934891679582
8.56,0.0,39.758546746186234,37.82511847594059,36.804572995418354
8.57,0.0,38.83155554487496,40.11341878387917,39.21779523977053
8.58,0.0,41.040117712753236,40.67045857234016,35.554403367937645
8.59,0.0,41.9382169697,35.31659174145038,36.72228534894321
8.6,0.0,37.552035609351364,36.74814811750616,38.43386108081191
8.61,0.0,41.71135990432016,39.47112441378263,41.409768611862674
8.62,0.0,35.76556712568614,37.53681913685789,37.187685392230904
8.63,0.0,40.434514605007585,38.887386029466924,36.575847433832564
8.64,0.0,42.89339301868674,41.395676210850425,38.12270732623954
8.65,0.0,40.05174952050555,32.499026009087004,37.807874149263114
8.66,0.0,40.41112414022301,36.99030460144272,37.561239661976835
8.67,0.0,39.42057673214345,38.07238250101501,38.208707084933266
8.68,0.0,43.20235438707378,40.11365651322685,35.80490393081194
8.69,0.0,38.79764232813306,40.405362115419436,37.99861432688686
8.7,0.0,39.916266311726645,39.30938304935456,41.83768311549403
8.71,0.0,37.895562680963685,41.384790354913605,35.639801819184505
8.72,0.0,40.171998310065284,44.01845638440824,40.29250103263229
8.73,0.0,42.63479480236765,40.00270061807399,38.0796705203844
8.74,0.0,38.55248268801093,37.920737452866696,37.1997284606124
8.75,0.0,40.603608293656784,40.06870206774672,36.94009333555764
8.76,0.0,40.79842458972168,39.1987520794317,39.39118311428789
8.77,0.0,45.61730403128231,38.44584111237723,39.633568206945874
8.78,0.0,44.86834205753146,37.783650080378756,38.0398908063565
8.79,0.0,38.13099274185079,39.7482354958082,37.79778308422693
8.8,0.0,42.054661419665315,39.553506497000456,37.08817311004447
8.81,0.0,43.757033520226216,36.30412084532073,38.128844999470864
8.82,0.0,40.17795501694761,39.62381747710691,39.4133777272085
8.83,0.0,39.2348206753294,36.8322446276245,39.601473718953045
8.84,0.0,42.57482086344252,38.49935871736298,34.67171086090073
8.85,0.0,40.131071482063625,38.7249878270092,32.0089138576224
8.86,0.0,39.639201456155774,34.05955268400065,39.94479454961394
8.87,0.0,42.18763440722323,37.80323105672929,33.6461484966884
8.88,0.0,39.568432282980034,39.53031042784504,37.41515322606966
8.89,0.0,43.99527238460997,36.52463930385458,40.10861609571133
8.9,0.0,42.76217215168457,39.671011851275466,41.86086394596901
8.91,0.0,41.91790886863348,38.363219564810784,34.72056424300116
8.92,0.0,43.45462435912866,38.0153188571728,39.91628223135851
8.93,0.0,42.57687769875421,40.99108427733217,40.81028787308428
8.94,0.0,40.88241332863511,37.50959363158305,35.642726190785794
8.95,0.0,40.46480481758303,38.44628278359211,36.581217310766135
8.96,0.0,39.744092947137126,38.08384130313972,39.444288865607184
8.97,0.0,43.53563358613418,38.295672473334925,38.07949604377467
8.98,0.0,38.22048917837424,36.59895197767575,37.28027710617929
8.99,0.0,41.82375811145075,37.881655945072794,39.714658878464135
9.0,0.0,43.42488675853959,42.52651801099466,41.647065374750305
9.01,0.0,41.104285905413406,40.48381811700326,34.344604762834734
9.02,0.0,43.7333476284225,39.63649042179443,35.90456714531487
9.03,0.0,41.44502482237428,36.578401359269435,38.503913576364155
9.04,0.0,41.96966950321336,39.50312529398835,34.91345100022077
9.05,0.0,43.22451624626348,34.644153560387274,37.30084082311614
9.06,0.0,43.434133831943136,37.30826272668395,35.9207052450532
9.07,0.0,40.738185787605474,37.831220207847295,37.66442189469613
9.08,0.0,44.55090409750386,40.23566752356542,38.25914467408712
9.09,0.0,42.64603282555904,35.67851336547366,32.790500063537266
9.1,0.0,42.58525245988671,40.92476620961839,35.372197164565996
9.11,0.0,41.0665408950306,34.740772855928725,37.043930154782956
9.12,0.0,39.00325845972342,38.849450347225144,39.513300992703556
9.13,0.0,43.05840251563176,37.517017600154944,36.0119548748392
9.14,0.0,41.86968126846843,39.529835208612056,35.478383103660214
9.15,0.0,41.77196534967247,42.396858049030264,38.108141603041766
9.16,0.0,42.11030372243393,38.09005595055391,38.55814966860941
9.17,0.0,45.76213543500435,38.07850325023404,38.258396437089175
9.18,0.0,44.380630692345875,37.36777260456792,38.26909275539019
9.19,0.0,39.75380640485053,42.08213516737949,34.02651832487156
9.2,0.0,45.02421930828454,39.52362950230131,33.1968889243221
9.21,0.0,38.35379483821716,37.029181496407936,36.125833576398364
9.22,0.0,49.268213909255934,39.24128494107041,37.944258306603714
9.23,0.0,43.69199556239235,37.12460847106915,33.440301469507936
9.24,0.0,41.36871820500056,37.165394615777544,34.68905531386721
9.25,0.0,45.265994024693335,37.65775111394777,38.809710115510555
9.26,0.0,40.1146629795776,34.45976999636058,34.399459178610385
9.27,0.0,40.89866328349966,38.59154058521891,38.03830704463096
9.28,0.0,41.537387460274154,37.477363117118315,32.478228266547646
9.29,0.0,44.55018752101076,36.16047601306578,36.24293083539654
9.3,0.0,42.42806265908833,38.99039556574456,35.65604265345115
9.31,0.0,44.6937374751585,38.925710313376804,37.105526284239055
9.32,0.0,43.396811809490764,37.46313711789908,34.031617881407875
9.33,0.0,44.262456030522124,36.94269314720639,37.133093128632275
9.34,0.0,41.34037893044226,39.40594667051882,35.599333108643066
9.35,0.0,45.54034370546752,37.48729020839166,35.340985531345055
9.36,0.0,43.02963609151982,44.825303983342884,37.08515160193348
9.37,0.0,43.546817464914916,38.065409226560924,36.35583788248408
9.38,0.0,40.356371144358306,38.01706848587134,35.114363670441875
9.39,0.0,44.66415086634584,41.593529687846775,35.52278806981274
9.4,0.0,43.820781163106545,37.456649591910114,37.228582978959494
9.41,0.0,47.72913204366767,43.46298617040521,35.19491807373436
9.42,0.0,41.766330889508026,38.33768767149784,34.94967277129346
9.43,0.0,43.975505266403694,41.187570854828635,33.314236494109274
9.44,0.0,43.13846523650334,39.195256614800265,34.4359285775268
9.45,0.0,46.8578459661616,36.47020052988505,32.992418435470455
9.46,0.0,44.316069223984165,37.834237750208,33.624454278955604
9.47,0.0,44.19199398059157,37.033430464383066,36.66192114501
9.48,0.0,43.00714539690601,38.73722058722381,34.5959020344537
9.49,0.0,43.74734704414824,36.63634826825308,35.52145628732323
9.5,0.0,43.13820290976053,35.875310592805924,32.204583041755534
9.51,0.0,46.560893060830416,39.45585888321076,36.52042120770489
9.52,0.0,43.93016821313573,35.736858390633174,33.84307975977441
9.53,0.0,40.19046810640943,34.34091247193938,31.81272953575602
9.54,0.0,42.086358395669734,36.419209024327905,33.05704963177914
9.55,0.0,43.81335756651615,41.007324254243926,36.32006624113142
9.56,0.0,42.264278451204284,38.30118419579371,33.54800741853318
9.57,0.0,40.90178289113356,38.687315405620396,31.745119168921228
9.58,0.0,40.05952248128833,37.24136504745923,34.24384088883438
9.59,0.0,42.620281607232954,40.013844819188954,31.482341826473235
9.6,0.0,40.20768836797264,34.981070456591475,32.45328296736148
9.61,0.0,44.69264528920769,36.6937107856997,34.96839992685438
9.62,0.0,41.04139736575756,40.11478761584219,33.81509740683266
9.63,0.0,45.25036376861324,32.7892413317811,35.95808991170679
9.64,0.0,41.63576492525606,39.54709104027922,31.215239876200705
9.65,0.0,44.55079893317981,38.116599715252285,33.025800541837505
9.66,0.0,46.00631007466596,40.336314327562626,32.003167793282785
9.67,0.0,45.78760446321476,38.28417085737915,32.4134288437198
9.68,0.0,42.14815404807732,34.38786001757636,31.232213542700723
9.69,0.0,40.17440774330841,38.33854664758751,31.280083327802092
9.7,0.0,44.641091673983865,33.308527095176025,32.8833384089963
9.71,0.0,43.29485009602983,37.99757847174607,32.44448819667979
9.72,0.0,40.560636433751505,35.29992284775527,32.98474767592189
9.73,0.0,43.42412883036771,35.7732677088429,33.203554677310635
9.74,0.0,46.2696233299448,37.797372976248894,30.607747096648207
9.75,0.0,40.047543517384085,34.41419709080738,32.2528474215239
9.76,0.0,40.31537886635428,35.95399911038832,28.71207247346922
9.77,0.0,42.535002255220014,39.15018993560854,32.20706447838428
9.78,0.0,43.85972145660175,35.31074385814422,29.398938899062937
9.79,0.0,43.715545677727185,38.52385109683933,30.522567895000044
9.8,0.0,42.13364072183448,40.310737495932145,34.66384652864487
9.81,0.0,46.138642934707114,36.563426118391135,30.86454143439745
9.82,0.0,41.08100797574629,35.53007526688697,29.549015026472144
9.83,0.0,44.544940612022955,37.332096078856786,30.61809060311706
9.84,0.0,40.411601192946925,36.599321846995664,29.545795286818745
9.85,0.0,40.395956891283355,36.62030164760473,32.898950529151186
9.86,0.0,41.8930894002774,36.59950190490848,34.58628728092585
9.87,0.0,42.047999969907764,43.4102591564899,33.60285450881767
9.88,0.0,43.63233146901913,33.88848107404996,33.63671356888058
9.89,0.0,45.701918050306254,34.802472239279524,30.140233807008013
9.9,0.0,40.200685839260395,36.33604222256723,30.291269961734653
9.91,0.0,42.112713956417046,36.67843029342113,33.336221223819315
9.92,0.0,40.392566846892144,36.534696387802114,28.810679164562302
9.93,0.0,44.06275468474995,38.34195500811801,27.264502180012673
9.94,0.0,41.210031973009535,35.521910000045196,30.572445388482983
9.95,0.0,41.6956381658527,33.16111318897605,29.81564452698761
9.96,0.0,42.17905067352838,37.57331631279635,33.298656830854355
9.97,0.0,40.44737937965003,35.050160237745956,28.353236345369922
9.98,0.0,39.58522862440138,35.85409728841564,29.41457611863081
9.99,0.0,43.17455560061587,35.58627759884631,28.66045929273415
10.0,0.0,41.78643553404366,33.76845088983997,27.623593798088812
10.01,0.0,43.45884199720652,35.90305931624853,32.041088010859625
10.02,0.0,40.90280860911106,35.14459020068293,31.851081538835725
10.03,0.0,41.04685599880349,38.033702657936274,27.932137399538245
10.04,0.0,44.961158208926534,33.06541740253778,28.235282860563306
10.05,0.0,43.90260447675381,35.59934103597904,31.048948127763694
10.06,0.0,40.49474008095556,36.50386671560816,25.010585705102233
10.07,0.0,41.46141615350631,34.458508337088624,27.907477293764487
10.08,0.0,41.12989168303534,34.909885617708824,25.478259334744116
10.09,0.0,39.4860807747029,34.54195262829171,25.82981084451336
10.1,0.0,44.86805784763068,37.066750866345686,27.542681952090007
10.11,0.0,41.58859081446505,35.0398914952535,27.088421737571725
10.12,0.0,38.0781622318164,37.3000879194805,29.494268538224954
10.13,0.0,43.60415303664102,35.06762332624303,29.43787444572649
10.14,0.0,42.43859307089096,36.90722236649446,25.562087233882828
10.15,0.0,39.437957570494305,35.48464531296551,33.17212065367169
10.16,0.0,40.16475042383801,30.463865952515306,26.71800762090341
10.17,0.0,36.59267881765442,35.0732484929685,27.39849187890065
10.18,0.0,42.32847079244266,36.20725537352316,31.546847660227424
10.19,0.0,44.21431267556979,33.50223230675964,27.352622904768268
10.2,0.0,42.511846021536016,34.4490341684401,26.37322883318993
10.21,0.0,41.950775071145486,34.684428428065964,27.085865469614212
10.22,0.0,40.77730989358842,36.73944312298654,27.670393540692835
10.23,0.0,39.72021499900402,33.9848891481728,28.513714970806657
10.24,0.0,39.96898697729984,32.510574800869115,29.45778634449534
10.25,0.0,40.361059297329795,36.767971438722654,28.87863202262088
10.26,0.0,40.75197289832296,30.490212824802025,23.773657874788963
10.27,0.0,37.153434563291086,33.51097542418101,25.46540515062111
10.28,0.0,40.658704747700824,36.64781237721075,26.803912043844793
10.29,0.0,38.0502095451029,32.6556789891065,27.3282807060075
10.3,0.0,39.7847446339697,29.653967894384664,26.26537995529329
10.31,0.0,39.255883411247204,37.950727855339565,29.50706878398879
10.32,0.0,41.943817538639465,32.093584375726124,23.726176146084125
10.33,0.0,39.992686144901,28.40010540434114,27.202789686979013
10.34,0.0,41.82325605603994,32.16470566254744,30.95961297573759
10.35,0.0,40.140582512233436,36.61787769655622,26.7773393537744
10.36,0.0,42.89442310811603,35.22543995645183,23.74783304856556
10.37,0.0,42.43878742339772,33.42918839296986,29.86097898338083
10.38,0.0,39.22606891739636,32.73642052021169,24.30604312416401
10.39,0.0,41.44044296021385,33.097385943987625,23.505141115953187
10.4,0.0,37.9160837128013,32.429580813858216,26.365233728534964
10.41,0.0,39.45620549308711,33.70401942375929,27.355826876822626
10.42,0.0,37.67404003797158,32.197803001582685,23.51983682935857
10.43,0.0,35.17954007287213,32.66643391930448,26.413328990670404
10.44,0.0,36.02406218799908,27.64560292471532,21.891069792360202
10.45,0.0,38.25673675781996,34.5694261467838,21.935481542975218
10.46,0.0,39.33714289388212,33.837389332346596,23.78160884186567
10.47,0.0,40.36997121446505,33.310888415247376,30.3440376344467
10.48,0.0,36.52890890304308,34.536118284256965,21.190866639620644
10.49,0.0,34.024403371658124,33.458527650419676,27.158229492691788
10.5,0.0,41.910233810552455,31.13434030102399,23.761038829666596
10.51,0.0,36.58510629490514,34.463301378765664,23.907643122198863
10.52,0.0,39.441433981420346,33.06729980131019,24.369475125665534
10.53,0.0,38.00353823599546,33.16854162047788,23.600631944498126
10.54,0.0,38.50733747362095,33.46480360254247,25.12639111156434
10.55,0.0,32.60946875902196,31.908091865232816,27.151314793440466
10.56,0.0,38.29280069413386,34.19849534748357,25.728332123980554
10.57,0.0,35.02679384134154,32.48689506265882,25.04764861677709
10.58,0.0,35.69552915212292,34.1880590393336,23.79116179579855
10.59,0.0,37.99975943683175,30.72876904708521,23.565304515000598
10.6,0.0,33.667917740802864,32.115537191135516,25.669266893491294
10.61,0.0,36.476693455522266,31.722556416053365,24.087961905613042
10.62,0.0,36.514145237351336,33.14845661103982,23.44609945629235
10.63,0.0,35.52887415372042,30.252361683746884,22.662282992426782
10.64,0.0,37.81548423326376,34.709102067009034,26.649124520145385
10.65,0.0,37.17241421535418,30.16769743169808,21.162493909881213
10.66,0.0,38.489376151792875,34.30670218072146,24.52220663850065
10.67,0.0,39.3941102951738,33.936841948739314,22.486778354141453
10.68,0.0,37.56366720439515,26.638002872107787,24.89379278974861
10.69,0.0,35.1796473549397,29.946079092581282,19.82804878502315
10.7,0.0,40.38945030006536,31.292304873593576,24.154476114168254
10.71,0.0,35.100460761724754,31.652522897541843,21.348514187543625
10.72,0.0,37.625443734642445,30.9296672739106,23.869086673732298
10.73,0.0,32.50742033924329,31.70168868801897,24.928973062443067
10.74,0.0,37.64413260535432,33.82973800293218,18.237221116710977
10.75,0.0,39.18595003560842,30.937117992167508,19.687171530299175
10.76,0.0,39.39985847244992,26.68975633216198,20.878471734710693
10.77,0.0,37.68257283966063,29.545658658760416,19.82257774270511
10.78,0.0,34.53884089953593,29.101975599035317,23.35555914812826
10.79,0.0,35.29117441106884,29.642723871424955,25.814099746909797
10.8,0.0,37.461213495554546,30.440986662712742,21.39734424892894
10.81,0.0,34.468351665210335,32.6090675690537,22.077547780879705
10.82,0.0,32.0404634192866,30.134758749068055,24.59843816923618
10.83,0.0,33.21049357038271,30.50304694643628,25.05695104108527
10.84,0.0,35.16544126638804,28.471588060111184,25.404351032436175
10.85,0.0,35.59241795520601,29.744572250186483,22.935952385133728
10.86,0.0,34.80373518620605,29.204690340793405,19.252378213025068
10.87,0.0,32.11619560489643,26.754852489580234,22.433240953520222
10.88,0.0,35.873458416642656,29.28164070376834,22.882441506328007
10.89,0.0,35.59863631362927,35.030434817142904,23.1281872608429
10.9,0.0,32.70126279555571,30.103111813883704,22.82997292077201
10.91,0.0,37.85555534600249,28.21582031198737,21.516155200004466
10.92,0.0,36.29520707002579,29.416764320827035,20.903686427201713
10.93,0.0,35.34494767977414,29.02249988003148,17.900386824782743
10.94,0.0,37.016749766732715,25.86014490311613,22.865732400417386
10.95,0.0,36.38706524782821,28.01070503785141,19.157890483484728
10.96,0.0,31.892905259676915,22.446733772047754,21.09592468602008
10.97,0.0,34.88922216105095,31.716473743599195,19.110308744917166
10.98,0.0,35.99648022997623,28.052281330815738,23.264067596931685
10.99,0.0,34.20245964862256,30.203594283111094,22.714467993876568
11.0,0.0,30.431293878831397,26.754587030841297,29.624522817578644
11.01,0.0,32.35608602941019,23.927020312626542,21.341365644978296
11.02,0.0,32.3723462507762,28.192725675442613,19.803376110455446
11.03,0.0,32.39084126120324,27.06310785379053,19.483252554527258
11.04,0.0,35.52091247888314,31.38125403211071,22.60173079578844
11.05,0.0,32.72304646023119,29.521107653137104,20.490137404880528
11.06,0.0,33.41016684562373,29.338526565350428,21.559850892335465
11.07,0.0,35.616796307425126,28.19145056780718,24.846967384738953
11.08,0.0,32.88566147728304,29.78706695336055,17.859250501848486
11.09,0.0,34.065366285489425,30.424069620161426,21.83667465167362
11.1,0.0,34.048769357543776,29.899584675614285,21.061875960745237
11.11,0.0,37.77453165477293,29.103017013312602,18.36217436069258
11.12,0.0,32.952452211344216,28.02684074659794,21.97827479193462
11.13,0.0,34.71184407468019,25.59073118062183,21.222990241533324
11.14,0.0,29.51296165865564,25.57351800281011,17.784540615170243
11.15,0.0,33.26300722328586,28.600270542990852,23.592684617080234
11.16,0.0,34.638760579025025,28.004481093873565,21.446895714920682
11.17,0.0,34.593339071253006,28.443053476358603,19.745933782507404
11.18,0.0,32.69960368856868,28.386839826655812,22.63920993704627
11.19,0.0,31.984941017737423,30.083190231416467,21.96076955766386
11.2,0.0,32.134375701494506,30.354252628702465,20.146254168459773
11.21,0.0,34.49394354145322,31.267060759202035,21.474499477042276
11.22,0.0,33.60977457561052,30.16974219354855,23.474770300723236
11.23,0.0,30.584165547193862,23.652590209731112,23.374592615087984
11.24,0.0,30.905482702937988,25.830702143818392,18.061068255123743
11.25,0.0,28.892217892651534,28.840979496224655,20.888258459817518
11.26,0.0,34.414614782014276,28.14060711969727,23.68997372325824
11.27,0.0,34.31318351173329,30.930945294625594,23.017777043169595
11.28,0.0,32.416313084677235,25.228245972790337,17.659425214102747
11.29,0.0,31.181806595849043,26.384146561886087,20.80589578263583
11.3,0.0,37.45497729438603,30.664622905569292,20.319337821621193
11.31,0.0,33.61645419459227,26.776389850475194,19.273984006038077
11.32,0.0,32.07013579108184,28.283858240568925,22.30012796959655
11.33,0.0,30.156579898812975,23.479966523206258,18.982155793329092
11.34,0.0,33.290451623984815,26.15714292007356,16.11114263296185
11.35,0.0,32.19669654979211,21.97150383858352,19.83421324727777
11.36,0.0,31.93068095183116,23.45390114271426,21.408216440866934
11.37,0.0,32.810282286105924,27.276601131705434,20.629842768555793
11.38,0.0,33.684490922486866,31.168079913005023,17.977684017227702
11.39,0.0,32.121457639426986,27.63514200492256,21.126628333681097
11.4,0.0,32.584915426179855,27.493806780029683,19.622516883834546
11.41,0.0,30.55511437489175,29.70499208625764,17.975378864143252
11.42,0.0,31.18809990626801,29.719471519024246,22.98613657921175
11.43,0.0,32.809132377024895,26.31544665763514,19.70579878637147
11.44,0.0,35.63400514385357,28.60703808226428,17.4971256791136
11.45,0.0,32.11286409755334,30.458884463952913,24.83977563356102
11.46,0.0,30.305084070990596,27.376006368620565,17.20719370351604
11.47,0.0,32.73007026224216,24.550936952183925,23.54126692614448
11.48,0.0,33.38750411435142,26.104808979566638,19.58752056725778
11.49,0.0,30.144965887638705,30.125841983102315,18.173571660935206
11.5,0.0,34.67254558383297,26.368011297360162,15.122686303867656
11.51,0.0,30.536829083804033,26.02173056841418,17.15223075990206
11.52,0.0,31.81478733830173,32.868801667591036,19.823445212507046
11.53,0.0,31.201186228124268,27.538316846579974,19.184874706136036
11.54,0.0,31.002602554402063,25.901984766331893,19.983014286621913
11.55,0.0,31.813320849604484,23.063483050689673,16.0718220354605
11.56,0.0,31.630888410293142,27.8231422307626,16.122297871611135
11.57,0.0,25.82575672206865,26.458897777960882,18.536851469664043
11.58,0.0,35.73183623296027,27.21581412268556,20.616221080339486
11.59,0.0,33.791190042556515,26.082882307640688,21.082105337720705
11.6,0.0,30.17853162111159,26.864372621029123,18.22473152135454
11.61,0.0,34.67109930507624,28.54054756809837,21.925883166665507
11.62,0.0,32.75171015744281,29.441622660118785,20.526535514204937
11.63,0.0,33.09005416026414,25.73480099251612,19.655241744711535
11.64,0.0,33.23655087311509,25.752642867164536,22.223269055354308
11.65,0.0,33.12380763867114,31.756546090592273,19.18961215310333
11.66,0.0,32.186526006140305,31.8870580197443,23.137411939384254
11.67,0.0,33.500337859008454,28.81049483380935,17.368020149020044
11.68,0.0,33.35665014748424,29.43105068314386,22.251607121847105
11.69,0.0,31.216121739120254,26.426706709272658,22.941465229113284
11.7,0.0,33.69079234981423,25.251272008303776,18.42259601428095
11.71,0.0,31.571634750587087,28.415495279201142,25.193310989780844
11.72,0.0,32.80936217649589,26.833228145270013,19.671138653952088
11.73,0.0,32.03701008112643,28.482099585847266,22.01039537814933
11.74,0.0,33.82179101125224,28.155420997795297,24.200394745129866
11.75,0.0,32.424550645071754,29.939000392329998,23.369783789652793
11.76,0.0,32.37454981352348,27.978296456456746,23.605147805600346
11.77,0.0,33.757562033092896,30.18971233879657,21.605730660097173
11.78,0.0,31.374225813142655,27.283563628611866,25.798477550766133
11.79,0.0,32.982424167538866,29.575843416289437,24.760401493234063
11.8,0.0,31.373240813635995,29.273572795572488,19.863236019119423
11.81,0.0,30.852128348860415,28.44715945251657,22.439114681798337
11.82,0.0,32.00564646429781,29.129798963934046,20.712080867827108
11.83,0.0,34.0492146743556,26.93595283251359,17.435573764786596
11.84,0.0,30.566776708831867,29.16938819034124,18.73409131259168
11.85,0.0,35.619022678872646,27.63141395168356,16.29455070519294
11.86,0.0,31.26802794455307,27.563391637916553,22.89864095496933
11.87,0.0,30.753532316942675,27.49966827445942,21.439287847550084
11.88,0.0,34.341035185439424,26.779102309484177,17.431733732391915
11.89,0.0,34.19339440794555,31.711677614224737,20.191723707086673
11.9,0.0,33.11388060758013,27.006355984825817,20.151432660548977
11.91,0.0,34.59355661238009,30.507089349239738,22.46871791033796
11.92,0.0,39.163415874484,27.94580573299611,20.54333819968554
11.93,0.0,31.8149580812983,32.74290441053181,20.75553618207621
11.94,0.0,35.06881369514717,26.720910597587405,19.796496229284475
11.95,0.0,30.025883452182438,24.295361134620066,25.294292865041637
11.96,0.0,34.54810085851386,25.485206199957297,16.818808461546308
11.97,0.0,32.65875665139455,34.9179722457941,21.610178605199025
11.98,0.0,36.294469796607935,28.56373223950289,23.114720268691233
11.99,0.0,37.308656484919766,28.514538564704942,22.032757579680258
12.0,0.0,30.377822609406444,30.601207086070648,20.379721415779642
12.01,0.0,31.071541341049716,30.44147074281784,24.189630720317687
12.02,0.0,35.66884168613685,32.64237826935511,19.733184508791147
12.03,0.0,32.12493883466999,27.236981289188765,22.800703895339133
12.04,0.0,32.74361510398312,27.2178176310111,23.104772793990776
12.05,0.0,35.94367337558787,30.46622568192219,21.612736700890494
12.06,0.0,36.72466403322574,28.594416795467176,20.782452113825972
12.07,0.0,33.09508160692724,32.53173966096359,21.243177767567786
12.08,0.0,34.973537182158935,30.329659994456744,22.748906515859353
12.09,0.0,34.766907513900776,31.119598069592797,22.379029579977082
12.1,0.0,39.462111434832444,29.696082366741877,20.01151032342841
12.11,0.0,32.57669969441663,29.378142295478458,22.518307181146728
12.12,0.0,34.53334151421877,27.275308738022062,24.626239680427016
12.13,0.0,37.647082141418686,28.711526811142452,22.155935311306294
12.14,0.0,37.09392950454031,30.265771992663577,22.411889610102843
12.15,0.0,33.934601695746544,31.39654646989669,20.56155868465406
12.16,0.0,36.17880857910358,32.77244450386112,21.84951064099027
12.17,0.0,39.014656285240655,32.51142038921701,20.847338570585926
12.18,0.0,31.41976100533699,30.744185945069358,22.59429486554117
12.19,0.0,36.872126557651235,33.47056290446331,25.20826232553185
12.2,0.0,35.049782298828454,29.83743445707417,24.88644408557477
12.21,0.0,37.21262155577581,30.817371758171838,20.015607277936045
12.22,0.0,40.117901220153094,27.437150595622164,18.71908543776211
12.23,0.0,37.233706814553784,27.501553527805523,27.693348189041878
12.24,0.0,40.02543740907845,30.703072401048487,22.922982398621077
12.25,0.0,38.15625990971005,30.50291546736475,23.59891336132002
12.26,0.0,35.17754867550385,28.59914807722971,23.48229780338445
12.27,0.0,37.7529013363565,33.51274886555767,23.470489459042156
12.28,0.0,37.68078034917191,31.65369405271209,24.202606534896322
12.29,0.0,40.18161407247693,31.218033600904675,25.22266341711752
12.3,0.0,39.142600380952175,31.16314660534831,21.570200336086074
12.31,0.0,36.873404875615854,31.407237108737046,20.74918948139013
12.32,0.0,38.62039515205601,32.10133800556368,23.138659573068278
12.33,0.0,42.688249011356646,28.585192534246417,23.187452850127364
12.34,0.0,36.33795336538323,33.629385174542165,25.240539143598504
12.35,0.0,38.96406802702671,32.93451559800152,23.025366356002138
12.36,0.0,40.08834812639303,31.53530972791194,26.772750479416537
12.37,0.0,37.71408161331933,29.481938075792097,22.975649203860044
12.38,0.0,39.209656935953134,36.43555723714337,26.154329959010447
12.39,0.0,39.47375947647112,34.259176307164395,26.23685302295386
12.4,0.0,38.479249096539796,34.81282888688394,23.78260714008769
12.41,0.0,37.40674160890232,33.47902981648105,29.44529572836155
12.42,0.0,39.17659384311093,32.72935289871633,26.288690946618562
12.43,0.0,40.49321403802192,32.51069839574347,28.33286466007109
12.44,0.0,37.21514676887283,33.88204745572695,31.05363006780623
12.45,0.0,40.066307349769176,34.56687193865621,25.271652041230176
12.46,0.0,40.90844534480626,33.05209922797066,28.307889655922367
12.47,0.0,39.729992921016,33.81204445253012,24.68875199563712
12.48,0.0,39.223030386523035,35.53286804057386,28.138485387532533
12.49,0.0,40.936871839249264,31.18781346117685,26.23959420687358
12.5,0.0,38.086064779958726,36.02319471586998,25.721703731408724
12.51,0.0,37.999055108080775,33.04916222772249,28.24559126403128
12.52,0.0,40.63445573451429,36.06780350633467,28.541624936506174
12.53,0.0,40.04623221765234,32.56435383823694,25.949835993509033
12.54,0.0,39.85464768147265,34.003874646423064,29.61176923991367
12.55,0.0,42.60766640833171,29.113381972705973,24.996200481946794
12.56,0.0,41.30859277988161,32.67754193648956,24.23051535995924
12.57,0.0,41.958216947179096,34.91878655245562,28.88777941454741
12.58,0.0,38.5706680439202,32.760278551358006,26.417311218276815
12.59,0.0,41.25748869961442,34.43271246921599,28.726823162738214
12.6,0.0,39.79949384198265,38.520186697500534,21.87615518366049
12.61,0.0,41.80752817121446,38.793365240353936,27.263603540132806
12.62,0.0,37.29775717315088,36.79020522059824,32.212831200801276
12.63,0.0,42.758735749233445,36.24616060070524,29.90825204629914
12.64,0.0,40.01103897586233,35.47557410982398,26.681417491512338
12.65,0.0,41.63520236761283,35.488265877976,27.55403931698238
12.66,0.0,41.192663392972236,36.97779337158872,28.534215441138507
12.67,0.0,43.84243654966742,32.52745636323974,28.976940690393157
12.68,0.0,40.89814693072277,35.41144006696507,27.2106670231521
12.69,0.0,40.812834219885715,36.78106691141419,25.693385635579777
12.7,0.0,43.616905252174284,36.65853219461953,29.48796176283246
12.71,0.0,44.297098599013715,38.54531996928724,31.213547372922775
12.72,0.0,42.753496807196136,34.6081193394714,30.224495755020943
12.73,0.0,42.386776437323235,34.3876291215341,28.357298476418723
12.74,0.0,43.04123415597625,36.434568404070774,30.51646693342249
12.75,0.0,41.315126044216385,36.40900613559834,28.87712403386269
12.76,0.0,44.504400753717285,34.83653965868165,28.836306615497165
12.77,0.0,41.411932099325995,33.90530271135788,27.251787015057644
12.78,0.0,42.673102775900794,39.36357684527581,27.96544267975639
12.79,0.0,44.06844539158059,38.14299071303555,28.870451031945155
12.8,0.0,40.15436487019141,39.037765185481746,31.471614969693405
12.81,0.0,44.400537726435466,38.470848738130535,30.6310051477272
12.82,0.0,44.76813119750146,38.62295226910255,30.514869034649763
12.83,0.0,43.078059511210775,33.84271076522446,28.675009995629416
12.84,0.0,38.551254614284915,40.31121539865926,31.850701338638903
12.85,0.0,40.67707121542891,38.30051487287382,33.971531757087845
12.86,0.0,42.918500827131865,34.52701187862966,28.287091544996173
12.87,0.0,40.23398256176416,36.594161637399864,28.82882760367751
12.88,0.0,42.34866535798714,36.31439254107673,29.150177095361602
12.89,0.0,45.443609115123536,37.605115950110765,31.4852160859663
12.9,0.0,44.61445166724752,38.26212555315824,32.976033402238755
12.91,0.0,44.1135961029532,38.82510682899496,31.883359200661342
12.92,0.0,45.39059108479081,36.810262264856604,31.425991593276596
12.93,0.0,42.690914646789395,37.45211065079892,28.065129809177776
12.94,0.0,42.91134993789223,37.44931013608006,30.612359678180976
12.95,0.0,42.77852970602535,36.68952776322277,28.912934205670737
12.96,0.0,45.887077918677505,36.19814080227916,31.359487487935382
12.97,0.0,43.45892211998645,38.268577350528496,29.96001386992545
12.98,0.0,43.905276770536084,37.11833094741649,31.59136090516692
12.99,0.0,44.261658231153,37.82284266422769,31.315431273885896
13.0,0.0,42.045631869274196,38.71038923233745,32.04911356004754
13.01,0.0,41.89682531631487,31.44039076684049,32.12011066513003
13.02,0.0,43.947511611315704,34.78538440621221,33.89851092941115
13.03,0.0,45.8181677928806,39.9598262879737,30.029797831973994
13.04,0.0,44.746842502472425,34.025602627679,29.625751456788553
13.05,0.0,41.62073554050647,36.81447345562683,32.36123637636126
13.06,0.0,45.89412675345757,35.51579790899778,31.689533301720594
13.07,0.0,44.61361040624286,38.58698673662683,32.691852153136175
13.08,0.0,42.18863774009804,35.68332934258626,35.54705772581341
13.09,0.0,44.11891102456247,35.442876204859836,30.493368380623203
13.1,0.0,41.02000538659891,36.14594347626733,34.76639884281235
13.11,0.0,42.04432023620183,41.088515932208225,32.33826053538532
13.12,0.0,39.63497337708667,38.93735955515156,34.628323869174416
13.13,0.0,45.02705077342499,34.99250821442463,31.1563488543863
13.14,0.0,42.5977497486382,37.701656562295355,30.881386010643148
13.15,0.0,48.57010843670318,38.67138687375215,31.031970252710575
13.16,0.0,43.746851598923264,37.31546246037239,34.56149141105766
13.17,0.0,42.213918135989644,37.13835288784042,34.72816875648646
13.18,0.0,45.81769728373357,36.621297688935414,34.44262662213453
13.19,0.0,43.52977540630712,38.33639633920522,36.50662647195405
13.2,0.0,47.065046993080706,36.95393599165412,35.35098535522761
13.21,0.0,49.0757043110208,39.57476071695592,34.48742229546918
13.22,0.0,45.74821313313507,38.1456279945449,33.44042544781496
13.23,0.0,43.12164013956858,37.780145613695396,33.84374766607255
13.24,0.0,41.13966722096091,37.15875706373021,32.02107150185665
13.25,0.0,42.59934948837108,36.11220239439409,32.31927122402222
13.26,0.0,43.4982718080341,39.05811281441488,34.68074161429794
13.27,0.0,45.21053948987786,35.52560075434602,33.386188984665466
13.28,0.0,40.74652575201934,42.11398370862342,35.55639157022135
13.29,0.0,40.22895718526871,33.66462662726159,33.453772136268825
13.3,0.0,45.8165559047225,36.54458321164756,33.00951543328315
13.31,0.0,41.85123844774766,38.92093322622642,37.11014426387365
13.32,0.0,40.74629393760277,38.23211718533351,35.917690734263445
13.33,0.0,42.339927645291844,37.35516742305745,34.15689402110463
13.34,0.0,42.8358865561365,41.8785630955707,35.44185198112157
13.35,0.0,43.11213234233126,38.561310308952855,32.89445330062371
13.36,0.0,44.91342662667135,38.82738496658876,35.009411026993455
13.37,0.0,41.59531490390516,38.02787500718612,34.69886885355457
13.38,0.0,40.12575749557497,41.32979488615979,34.96262788222748
13.39,0.0,41.743448691173,37.705519126485505,33.28921765823779
13.4,0.0,41.975172440356836,39.062039828169176,35.38570800443455
13.41,0.0,43.025037468605355,37.5853856411869,38.8673388116186
13.42,0.0,43.99240911346878,37.449414680443454,33.70242259670318
13.43,0.0,44.734606476241304,39.20811036480665,35.62320240341071
13.44,0.0,40.84217545283547,37.43499879166895,37.49628659953309
13.45,0.0,43.52369110989143,38.04360260055851,35.169758910117906
13.46,0.0,43.91277515535497,36.856367796097345,35.66055843106105
13.47,0.0,40.45271139233773,36.40441112878803,32.61634792664514
13.48,0.0,45.37799841798911,35.85163046024546,36.250525853980186
13.49,0.0,44.65025106542299,34.951157544632345,35.083932817841365
13.5,0.0,38.521792190749494,35.918812887465776,37.010797826707474
13.51,0.0,41.73524398096646,38.216273967391025,31.885703701435034
13.52,0.0,38.608342065355906,38.70802098071857,39.00946256007721
13.53,0.0,42.30947246877156,39.36105851627576,34.08982476050054
13.54,0.0,43.261136128053224,39.471472743106965,34.7404815431667
13.55,0.0,40.70499036727486,38.239398843940165,32.66994335280008
13.56,0.0,42.08248983402198,33.88851723341835,36.84217845847201
13.57,0.0,41.36389345672354,37.20684437033258,31.98638660558744
13.58,0.0,43.47497641209985,38.21302847922126,38.31858275452126
13.59,0.0,40.31778321205951,36.619566804547915,34.63501776854871
13.6,0.0,40.917522084257065,37.94505378885874,34.50781901384375
13.61,0.0,44.21750945547008,37.57932063585765,34.53835110202561
13.62,0.0,41.84883941937058,37.46396305431128,32.46725101956465
13.63,0.0,40.32776160355476,36.12032432098609,33.42297601944012
13.64,0.0,43.97593844393718,36.672425983424915,35.973758857587484
13.65,0.0,43.28852237541779,36.8030704582343,34.82835593026783
13.66,0.0,46.17368909578248,35.00909016323048,34.92110079055196
13.67,0.0,41.40195776857513,39.487491151199265,34.274753269798154
13.68,0.0,40.56060957719243,40.51720022777,32.53632771210781
13.69,0.0,42.35427176275767,39.4873697073248,37.695817366558195
13.7,0.0,38.02981110421915,36.629178288552716,38.278006754525954
13.71,0.0,41.9990777140894,36.654720043809874,34.602516537525126
13.72,0.0,41.15606365903038,38.75725306034035,34.794758649177055
13.73,0.0,41.42218984065301,37.834389885938734,38.49570335281272
13.74,0.0,42.00719346646659,35.65622420636704,32.65541455338129
13.75,0.0,40.38389683351553,39.883491518610406,37.42164557015145
13.76,0.0,38.204126094755686,38.65406052251999,37.0160815954955
13.77,0.0,41.12357577581926,39.030722401411474,33.959083856452295
13.78,0.0,42.89388968118266,38.25067488549564,34.922074361805976
13.79,0.0,38.177588658262,37.39186869928011,32.76087203948307
13.8,0.0,39.477500405877656,34.996700013778714,36.415789874633695
13.81,0.0,44.53326990951945,38.86593673128267,37.43618662883921
13.82,0.0,43.38747510318244,35.33422685586848,32.623977337637534
13.83,0.0,43.128622641767656,36.62366923047433,38.81045015758565
13.84,0.0,35.72131337082428,37.4714469242318,34.094978898759734
13.85,0.0,40.332022451537476,41.96925890602305,35.69506974617769
13.86,0.0,40.7468067067425,40.33273008939816,37.100247075163054
13.87,0.0,40.909997861495484,34.91591817970229,34.90341246071821
13.88,0.0,40.488207963690826,37.259166954039465,38.339001702874036
13.89,0.0,43.9196019938079,36.789291094105565,41.10432778695017
13.9,0.0,36.91629971355434,37.46021432148777,33.06331240748239
13.91,0.0,42.61348190469733,40.35430428613531,36.49386335872373
13.92,0.0,43.11206753915232,36.62956181442016,38.878175198595144
13.93,0.0,43.729245874118234,34.87271565360484,36.70883502029097
13.94,0.0,40.64465703539882,40.01479902541503,36.03506174006535
13.95,0.0,42.881232227260234,36.63134713275768,39.65258437880801
13.96,0.0,42.79118969381611,37.38569335969327,39.25508638130105
13.97,0.0,39.59700844041248,37.92150124086577,37.23922581107222
13.98,0.0,42.04504146734081,38.1417566346255,37.12927256408529
13.99,0.0,40.73182359390076,38.74361790975455,33.927136826840325
14.0,0.0,42.63495413818682,41.49256756327044,34.65766154979825
14.01,0.0,39.382892373023594,41.403975589692564,37.73761409375806
14.02,0.0,44.89790970047848,36.58982610864602,34.886623103725356
14.03,0.0,40.238364640234344,40.09781693870759,34.356857512224146
14.04,0.0,37.43913900416883,38.29930399774691,33.90277606194454
14.05,0.0,38.95841987057256,38.0649526858822,38.39860020582214
14.06,0.0,41.73842139621064,39.09177363333383,38.0090725017034
14.07,0.0,37.24739034993681,36.68119279750924,34.74333535418114
14.08,0.0,39.589041644015026,37.452455425298474,35.07833017550381
14.09,0.0,43.26103653000017,36.578353445252326,39.38548623621754
14.1,0.0,38.97786125297091,37.62923779056345,36.10869423685537
14.11,0.0,39.619969283480025,36.378479267588396,36.62117631908832
14.12,0.0,39.1764549561451,37.22498966133642,40.771278945451456
14.13,0.0,42.98675367510327,37.97051390213837,37.639359789340276
14.14,0.0,44.2952326339923,39.21156897542578,37.70270586989327
14.15,0.0,39.08005620516128,38.99784353253795,35.653110747213155
14.16,0.0,46.336445063585636,36.224825838894105,34.6191584473489
14.17,0.0,41.02846654708558,38.06985524069716,35.07704429479357
14.18,0.0,41.70845975435879,36.626652916861374,38.61344222636006
14.19,0.0,41.29016152182393,38.81829108795126,36.74591110986713
14.2,0.0,40.89533487225378,36.53085548440758,33.737081839827866
14.21,0.0,40.0380258402808,38.138796813005264,39.394926459133835
14.22,0.0,40.15088072166785,38.472215689476435,34.91976893573151
14.23,0.0,44.53280977109505,40.639312327670915,35.757631925412674
14.24,0.0,37.956634277480006,37.79582614596837,36.1537831420726
14.25,0.0,41.42490363528753,35.220718644477664,36.671293945679544
14.26,0.0,41.32232810110154,41.00001473151467,37.00334864771931
14.27,0.0,42.22415889319563,36.27915148767136,37.4876658354137
14.28,0.0,40.50208898345639,37.910072457823965,40.44351549072389
14.29,0.0,44.23494502486577,38.717122185554906,35.7406835113069
14.3,0.0,41.424243822902376,36.88559118119035,38.100518487641295
14.31,0.0,36.98870645370926,40.67565185362606,33.83315264804145
14.32,0.0,40.41093933349465,39.31416221592328,40.84071227143322
14.33,0.0,37.55999145888122,38.789615497731816,37.994144826651244
14.34,0.0,38.73539036705007,39.1412129987434,39.281911383881024
14.35,0.0,37.44197122993526,33.3499331881967,38.504859947172804
14.36,0.0,39.69535342250565,39.38295157886996,36.169874820789296
14.37,0.0,36.178059321231046,39.516912091488784,37.24017428714545
14.38,0.0,35.820256946707914,37.60560219757605,39.67146376156138
14.39,0.0,44.06129607627116,37.63634839704253,37.763752947331014
14.4,0.0,38.31456581477382,38.02073784233475,34.33248212752712
14.41,0.0,37.62312342637133,42.90450766904079,33.76450926899503
14.42,0.0,38.68569208378771,34.75103877302298,36.42180537586007
14.43,0.0,39.002874376045625,39.601170751075585,37.2662305522191
14.44,0.0,39.91972659762895,37.27569056605786,36.95265853959723
14.45,0.0,37.15344485585672,40.05857304904887,36.59335266289245
14.46,0.0,38.0698948465494,36.940539421254044,40.81638027836872
14.47,0.0,41.62876626060367,37.099785663406756,35.42926999598111
14.48,0.0,42.34878238787721,33.92487828280161,34.30657009404548
14.49,0.0,42.71173350650918,38.384400240263645,38.54106863938929
14.5,0.0,40.75510057034808,38.41706699019891,34.32716397605026
14.51,0.0,37.95626945776996,37.7483504486047,37.480183725412985
14.52,0.0,43.74209479434438,38.181216198667315,37.55966391069812
14.53,0.0,44.050909435990775,35.46852650831481,39.40670412870448
14.54,0.0,38.53084316967382,37.40747861955702,39.65153904152873
14.55,0.0,37.429468295352414,37.273746104113336,35.92661639847121
14.56,0.0,41.81027150905707,39.67759464986711,36.557743297774486
14.57,0.0,37.586393455575596,37.958359109267484,38.09127338179597
14.58,0.0,36.36037466872472,35.0859140160433,37.86451513791523
14.59,0.0,41.053617435501174,37.4467051272973,37.41938570849345
14.6,0.0,42.872196128967055,41.09015217031986,36.028026064221706
14.61,0.0,40.41475136185657,39.99782676776487,38.205789821207155
14.62,0.0,39.73821604863603,34.407363922320634,39.12008447159953
14.63,0.0,39.05891541437418,38.88078669873625,39.720050371286575
14.64,0.0,42.887671733815004,40.85083079174157,39.32731072765964
14.65,0.0,43.92481143424284,35.41477525912528,39.14148941098055
14.66,0.0,37.81400826156509,36.0394226515973,39.2299622143821
14.67,0.0,36.77886084486511,36.78838677448064,35.692479558235625
14.68,0.0,37.69085354119629,40.84947990721552,36.33389267822081
14.69,0.0,36.489775579923005,35.53635074284591,34.999781812293456
14.7,0.0,41.335388618443304,39.983045640590255,35.854176458545275
14.71,0.0,37.51612370148385,35.857843386414864,37.32736743296702
14.72,0.0,39.381575706699934,40.03389803925352,34.273820785701005
14.73,0.0,41.03153701373462,37.53509877077163,41.45160797385462
14.74,0.0,39.98530747484825,34.32626434411631,35.919800983041966
14.75,0.0,39.46256781152642,38.14039397087701,39.63682028592064
14.76,0.0,40.35540982430548,40.20922407559537,36.421200422999306
14.77,0.0,34.279593663067466,38.61249491901887,43.85792344508123
14.78,0.0,37.010435161207496,38.458391798333295,36.63594466062627
14.79,0.0,36.09879013180682,35.5634857687554,36.920576367356624
14.8,0.0,40.88169650900653,34.39239363265518,36.97577260089063
14.81,0.0,39.512475990281935,38.58314530889153,42.14720386057483
14.82,0.0,41.543971472914244,40.996165901720964,38.191165219517465
14.83,0.0,36.441225705829964,38.04221445662018,38.18209376047362
14.84,0.0,40.82862176677359,39.07111281355721,37.366527265285306
14.85,0.0,38.393362349942535,34.31425290313397,34.64163121663566
14.86,0.0,38.7483847972287,36.41412447204655,36.493926118161085
14.87,0.0,40.40616617978929,39.075713568834495,38.87033504338434
14.88,0.0,43.756562302574274,38.37281714977316,37.284022396235564
14.89,0.0,41.571046581858404,37.59746763690525,33.92123932377786
14.9,0.0,39.90751614482761,32.40350604715826,37.61381995013095
14.91,0.0,39.3616816868383,40.10970923182133,39.63509110569599
14.92,0.0,35.419442139321106,34.187057551600894,38.24197987506926
14.93,0.0,37.75641233647047,38.81336863685807,37.69453962777611
14.94,0.0,39.65810627040676,35.92813868165375,39.48643174212345
14.95,0.0,38.45494331033437,37.67778500903412,34.07804187603635
14.96,0.0,37.915895936826765,37.452608450213575,39.86556556148177
14.97,0.0,38.164067332512474,37.59991253628334,35.871078680792856
14.98,0.0,41.70430429297256,35.86079121825346,36.935814599114494
14.99,0.0,37.9447392473965,34.61457908325055,36.20477614646567
15.0,0.0,37.71840254337186,35.15808728428448,39.13036127161674
15.01,0.0,43.390652675462064,36.82093102685558,38.72555742278889
15.02,0.0,41.63497912149469,37.48351664618813,37.64778724042524
15.03,0.0,40.64571215290487,40.29486904494548,36.71283943019786
15.04,0.0,36.482469731239675,39.0330857140712,37.325352372527526
15.05,0.0,37.368069148522366,40.186136880601815,39.27389882812744
15.06,0.0,39.28546388077661,35.96173586192221,38.57739981545661
15.07,0.0,37.900253507595274,37.39826897869677,32.93157222046067
15.08,0.0,35.83026611631692,39.45832903409755,37.443860650579154
15.09,0.0,37.94185524949366,38.846667991264574,37.08264488563461
15.1,0.0,36.659918777207814,37.60173253570317,40.056490053954214
15.11,0.0,39.606509319617274,36.14982910943385,38.26879306408865
15.12,0.0,39.57785069259358,39.22470079049916,36.93725089254531
15.13,0.0,41.127437284489446,35.330462980810644,37.156190606740424
15.14,0.0,41.30035031092334,37.25166987968049,35.97564759001452
15.15,0.0,37.975971264451616,36.57596230530913,38.36960963469185
15.16,0.0,43.35533871581612,40.01386598695878,38.54652527803609
15.17,0.0,39.652464821994066,37.27504997602151,35.71971609697448
15.18,0.0,41.40311245230361,33.44042298087661,37.522967260846265
15.19,0.0,38.48860130176114,39.51748133750787,34.3246620847298
15.2,0.0,37.594937821311824,39.24566526270407,38.55666075279011
15.21,0.0,40.01477721024944,40.37324709587618,37.640336289180816
15.22,0.0,40.72372856619058,37.331625268966164,40.033512282341576
15.23,0.0,40.20024892427137,38.5080361384247,44.63113351510027
15.24,0.0,37.41756343434143,33.7142181862067,36.15686356822084
15.25,0.0,37.62955041743474,37.28325472262897,40.32204306315736
15.26,0.0,37.05993626886943,39.154783000511394,37.652394534538146
15.27,0.0,44.77350854562449,39.263810049588294,36.223007127686664
15.28,0.0,39.045539597667485,39.47051410275795,40.0547767640409
15.29,0.0,40.21735907356286,37.07982485004352,41.69420705060841
15.3,0.0,40.465982306368495,39.65769880982808,36.46553458703134
15.31,0.0,41.89588735447774,37.00400556203264,35.83560785894305
15.32,0.0,35.86586929175781,40.173642328787416,39.62999401122447
15.33,0.0,39.13685818091449,36.857679162105114,32.99078680516238
15.34,0.0,38.26368711054696,40.651155092919126,37.10044545557978
15.35,0.0,38.73504077023615,42.39999037904639,37.65537027601136
15.36,0.0,39.7313925239273,39.16535415404448,35.16253466762514
15.37,0.0,42.20515291706335,39.654367221167135,35.890304955637134
15.38,0.0,40.169613805963905,40.35346125094456,38.00998956264992
15.39,0.0,42.480437596138806,40.758858573336724,36.75934846518806
15.4,0.0,42.353162640393684,36.16362497763901,42.894115434506446
15.41,0.0,42.392988795943154,39.90390054421788,37.23899674106464
15.42,0.0,41.31369908772329,37.2476827332533,37.99431394583587
15.43,0.0,36.901280830865474,39.425455978336,38.357718826465614
15.44,0.0,40.4563171074568,38.51203256565163,36.4831312160285
15.45,0.0,39.62872406915307,38.034859161157264,37.722445040442366
15.46,0.0,39.97639097938082,39.05808265518492,34.02577182303443
15.47,0.0,39.040071009148086,41.58131726362208,32.8942739135547
15.48,0.0,41.407594357178944,38.56674224082514,34.42413470634287
15.49,0.0,43.19858160722136,39.403005663506086,39.254107599635944
15.5,0.0,39.81215515110207,39.86433279234283,37.232651497884184
15.51,0.0,42.68278760488923,39.2400921701366,34.85803521031381
15.52,0.0,43.52905848605728,37.77410234777913,39.9500527012042
15.53,0.0,42.37494027813554,40.54943173919897,41.69091072042875
15.54,0.0,44.44722512728481,37.951027436817185,38.954831724901474
15.55,0.0,42.21014842998766,38.221026871007616,40.690928395201986
15.56,0.0,39.60818543929567,40.12249959985835,36.676519537814244
15.57,0.0,37.91440318202981,38.350162938107125,36.81448953262702
15.58,0.0,43.748671923217636,39.547828310295216,35.303785174325206
15.59,0.0,38.06721607345084,39.86633963141731,40.415241816445665
15.6,0.0,41.71845106120542,41.03015580107957,35.20366455586952
15.61,0.0,40.61421377852959,35.750693819276385,37.13829993480866
15.62,0.0,41.31410327884673,41.03918390631032,35.87334617891936
15.63,0.0,43.372736491908064,40.68260415741295,36.53583777683703
15.64,0.0,41.053440602876265,38.461692061898326,35.52790468151973
15.65,0.0,35.980095379477426,41.37811780152079,37.94258393768212
15.66,0.0,40.01114775297804,40.836259762072125,35.286289860241105
15.67,0.0,41.99894238604651,37.990416342776506,39.271954980924846
15.68,0.0,40.32528066439184,42.77486017752545,38.875696518865034
15.69,0.0,39.99999138402674,38.47289807756322,38.138294862905795
15.7,0.0,39.70599885600995,37.972585199562566,34.514483943933755
15.71,0.0,43.01328007846147,39.418345088023734,39.52342913569675
15.72,0.0,43.56442981362679,41.71056358673569,38.26434103834095
15.73,0.0,44.25248587085867,37.02666858811567,35.037385519148245
15.74,0.0,37.352810535246995,40.633214274974904,33.48056054796771
15.75,0.0,42.56306033141507,36.421527289034415,36.93077731714518
15.76,0.0,44.21841609550801,40.08673595996663,35.06319248555407
15.77,0.0,40.63135835792438,39.090571745354595,36.240317198150976
15.78,0.0,41.461400688388856,41.95040956075954,36.76063162274945
15.79,0.0,44.76044287643784,37.52846708012636,38.42265100957272
15.8,0.0,42.7877977391663,41.18390553356026,36.78651494679603
15.81,0.0,41.16274626439552,36.61117976014955,33.810198135838256
15.82,0.0,42.565714043837175,36.78884477172389,32.702583985717894
15.83,0.0,40.60341705340165,35.37355058620698,38.467653471476716
15.84,0.0,39.361668525671796,42.54765181603748,33.08466528514311
15.85,0.0,40.958111631808706,39.82739141226754,33.912006397245456
15.86,0.0,38.902406998605734,37.19227092196126,35.80356532229384
15.87,0.0,43.500010587750104,39.540782642030116,37.88034391423762
15.88,0.0,42.0904401698648,38.72030590292222,37.745928609381
15.89,0.0,42.98889517089771,39.619875281405065,34.75170903456742
15.9,0.0,39.60458663625839,38.279978173595524,36.104282892326104
15.91,0.0,41.763299125393296,36.073686718222824,35.126684398829525
15.92,0.0,45.316618155774016,37.55788880869482,35.665060103600545
15.93,0.0,45.040432962825186,36.183723864063126,30.296098983558466
15.94,0.0,42.3689988457356,36.591541890836524,36.305446638300374
15.95,0.0,44.04691064070517,38.96891952631511,31.603056581581164
15.96,0.0,45.816965041516994,35.63604687101084,31.74258648845725
15.97,0.0,44.272487838284064,41.80094068048797,35.72014855691706
15.98,0.0,42.97692154271447,36.94358280827022,38.096110012899395
15.99,0.0,40.908436705919435,38.22306866874762,37.434813047242514
16.0,0.0,46.54557735263141,39.47995993276987,34.26630206048861
16.01,0.0,43.96815692798887,42.34523110903677,36.530704974532185
16.02,0.0,44.28045182351564,37.52746457848911,36.19914247449875
16.03,0.0,39.96567691257111,37.9716785779302,34.519109777033535
16.04,0.0,40.42102271011301,40.35850950442064,34.22714611593512
16.05,0.0,42.200863521178334,40.43076693695902,35.89958528825778
16.06,0.0,42.34738389233435,37.0520106215381,38.33043442112689
16.07,0.0,41.39939854933718,37.99268169841685,34.7424361861165
16.08,0.0,44.960343792170654,38.72357285676011,34.425846409261965
16.09,0.0,39.51728847445417,36.961905821025525,37.179159315836074
16.1,0.0,40.88497590257455,35.527459149736615,33.062453979338535
16.11,0.0,42.981243898900296,39.61835713575081,36.309156011354396
16.12,0.0,41.28939969310421,36.31292315193255,33.17620037082561
16.13,0.0,38.80486510478731,39.285423551508394,35.32713589125596
16.14,0.0,43.165569687488876,37.50102867387951,36.38573734804665
16.15,0.0,43.49970998327516,36.088461186256424,33.088454424602475
16.16,0.0,40.07028843334799,33.511697004352854,37.47322626354622
16.17,0.0,41.25814359461716,41.900222932324795,34.97913042610711
16.18,0.0,39.69121130294256,38.31989985261548,36.243488181737426
16.19,0.0,42.29654990242535,41.20822900479693,33.98574233643362
16.2,0.0,43.189523669210075,42.061006805332354,36.05805225277078
16.21,0.0,41.988240141981805,38.974790980969246,35.98568499090147
16.22,0.0,43.27500881894046,39.52629152873647,36.88008262482389
16.23,0.0,42.8142583975577,38.210199909316685,33.44130477915338
16.24,0.0,43.92525247913709,36.85376854912969,37.984341729189325
16.25,0.0,41.70089984699263,37.040137886539036,31.840065164431532
16.26,0.0,44.877444543125506,41.31110987235489,32.18723003773776
16.27,0.0,43.27909163153091,37.759027564150934,33.40870747785909
16.28,0.0,43.430143051362705,34.15451583690835,36.422309102405414
16.29,0.0,41.774395763166915,38.680906528315944,35.42056044994007
16.3,0.0,43.76269308034299,35.65358334000365,35.33626623435841
16.31,0.0,40.630528441985355,37.256673453514445,32.50943712709113
16.32,0.0,39.52273430110647,35.67123567149337,34.435621215946334
16.33,0.0,44.26427921092277,36.81298547887239,38.468812358212645
16.34,0.0,39.215790257416195,36.507159380337335,32.546581634882045
16.35,0.0,42.409262688878925,37.58222601083569,33.7208606830233
16.36,0.0,41.91642916471942,32.64359065708443,32.62007620989588
16.37,0.0,42.4132669336132,36.32561313131728,35.422285721229784
16.38,0.0,43.32445901189443,40.373634279055835,33.72502788304228
16.39,0.0,44.51541906027369,39.227199347306566,36.05341875435774
16.4,0.0,43.37895560564549,37.42660398583499,35.94148718481877
16.41,0.0,46.08111907785258,36.30279630706529,34.34340195888639
16.42,0.0,37.54807091956972,35.11849818634469,33.00900374363231
16.43,0.0,42.81544426328921,35.32749657594702,31.882936111183756
16.44,0.0,40.949982615751864,34.011550877956644,31.53428083265823
16.45,0.0,41.4989005866992,39.13788861605076,33.33203246506191
16.46,0.0,39.46945391675966,34.55574257965396,32.21863131287154
16.47,0.0,41.32664833681202,39.063760434137244,32.86767658486815
16.48,0.0,43.126596515740935,36.84333325112645,30.467285046321855
16.49,0.0,47.74064267216344,37.26661975275896,31.26248179141899
16.5,0.0,41.957442365164034,37.10931649690958,30.39123197236768
16.51,0.0,44.429570805484275,37.937258285757245,32.60930499073666
16.52,0.0,42.08019266678193,37.009154162999195,38.32906033985121
16.53,0.0,45.298388131596155,36.545655818086836,32.04027010655162
16.54,0.0,41.67015206352592,39.75888590839787,29.58128147427386
16.55,0.0,42.00009934607736,33.68866981369259,33.36192371733673
16.56,0.0,44.754482277483,36.63294517613607,35.21886488352618
16.57,0.0,44.93965929514437,37.36434846775812,35.97723603143902
16.58,0.0,45.34457804129761,40.42098517405164,32.3148966990483
16.59,0.0,47.34177017611772,34.910895633778125,31.210171101259384
16.6,0.0,46.2412173116856,37.15728117110915,31.87497888796183
16.61,0.0,46.627480339408535,34.5424773536348,32.50637255244855
16.62,0.0,42.69891424497858,38.628083453520446,29.155238742885476
16.63,0.0,43.98891487722144,36.15354468180635,34.906494729105056
16.64,0.0,42.322919866614725,33.292868752078554,33.84718106924712
16.65,0.0,40.93687730567047,38.83709330591289,31.543773000567853
16.66,0.0,41.51294312614768,36.6104404511829,35.84237030686849
16.67,0.0,40.654395067698886,39.49535412654323,34.03883246056691
16.68,0.0,42.17239800928006,35.75475302698099,33.26629829146156
16.69,0.0,42.689005277467615,40.56699694627155,28.953967353663923
16.7,0.0,41.41486028228272,35.347750444323,30.444330882636642
16.71,0.0,42.97734848453821,31.63933964802241,30.328485663161963
16.72,0.0,44.39582465158418,35.89776765841309,29.58241387456078
16.73,0.0,44.603468416237114,36.05450568471827,34.71219250268795
16.74,0.0,40.92210852997951,37.46112229318509,29.455070851044468
16.75,0.0,44.96107612513024,33.7679449767796,33.05734094657818
16.76,0.0,43.007958409397276,35.24081580507017,32.050067466263215
16.77,0.0,44.827428427539516,33.03675882106335,26.225350701278728
16.78,0.0,44.976955151913266,37.21978108609861,32.09356756769622
16.79,0.0,44.1539481036322,36.263235337829975,31.015959653552326
16.8,0.0,44.72463859951634,32.379906113188866,28.031183428192428
16.81,0.0,42.92160085487242,35.68841719025433,31.95575009622009
16.82,0.0,42.21674837801515,34.530543615092185,29.125236172483017
16.83,0.0,45.6925292677761,30.7720936399192,30.434354574823367
16.84,0.0,43.99660182004081,32.75779053451402,31.06475034030541
16.85,0.0,39.0426005044311,36.166792840669245,29.975437939968764
16.86,0.0,43.52061617893831,33.643823898963255,28.013726982812067
16.87,0.0,41.04316302037285,35.18308789181512,29.756308870908
16.88,0.0,40.90519711041143,38.006457060083264,28.9817975213222
16.89,0.0,40.09188063834556,35.01145989330445,30.16633319524663
16.9,0.0,48.492154939593306,31.37409783511365,31.429051782934902
16.91,0.0,46.35698815839962,39.58272673940823,31.563757421540288
16.92,0.0,41.13188727367497,35.378562025156874,26.909937729960543
16.93,0.0,40.98596006840962,35.94477391639472,28.84415987695622
16.94,0.0,45.19357525409404,37.48235520397379,31.029738552939055
16.95,0.0,41.26150795463736,37.962809537172916,29.83579069407348
16.96,0.0,41.62747090948562,33.40143873269269,32.04155706806598
16.97,0.0,40.81282462877392,33.806945275579004,30.392513789903393
16.98,0.0,41.53250374352624,31.52767093904188,29.14373001351804
16.99,0.0,41.74025890902668,34.32785432316084,26.413062210790365
17.0,0.0,43.782241940421414,38.55310846347826,31.942873246503904
17.01,0.0,42.130409422837,35.34442804381219,25.77308665314988
17.02,0.0,37.671830482943236,34.86547055502656,29.386443470853465
17.03,0.0,44.01601078689928,34.12118106017283,31.57426541947013
17.04,0.0,39.79664722040966,35.92972030206744,27.90179549155486
17.05,0.0,42.11458044715745,33.07248347454834,30.698163878872794
17.06,0.0,40.76837735831754,34.49559705168878,30.727404195951724
17.07,0.0,43.5644766435622,37.1476009006989,27.856161462687485
17.08,0.0,45.07818303024571,36.677222891954145,27.897447443687184
17.09,0.0,42.19100386130801,34.53533769198445,27.237790449909003
17.1,0.0,38.02863039579844,37.82759501852454,29.963244068641757
17.11,0.0,42.03041986363315,34.507345738477184,28.060799921513443
17.12,0.0,40.64830361251924,30.598539691211098,29.79920084587955
17.13,0.0,42.86780594788583,30.51121758502156,29.794716580121076
17.14,0.0,39.18654244466992,35.754017814262525,29.231404761275343
17.15,0.0,45.61250171172792,32.76995583643085,30.188479566760964
17.16,0.0,40.456199288781164,34.93383567914381,27.248089454561992
17.17,0.0,41.15919026606615,31.093975575712495,28.021994566979366
17.18,0.0,41.37039188481154,34.71494959114689,29.82328467189882
17.19,0.0,37.67179992493075,33.049181083147644,27.87368387223046
17.2,0.0,41.56779900182408,33.78053343501529,26.096873103867324
17.21,0.0,41.085624628521835,36.10609383859528,27.25305924220768
17.22,0.0,38.572088896516355,35.26164243337293,28.272344143346043
17.23,0.0,35.20216740833657,33.473071052459126,26.50583462493433
17.24,0.0,39.28325544493026,35.68502264603948,28.471368302523317
17.25,0.0,40.35734748815271,34.14152563940781,28.357705777499152
17.26,0.0,39.106000734561846,35.36503443555961,27.54224155784787
17.27,0.0,38.275063352553595,31.194682111781677,29.3866646811069
17.28,0.0,40.6466172132442,30.30587848523619,27.447824276175602
17.29,0.0,40.27135284252158,32.262764802514916,23.895201050840416
17.3,0.0,37.41759047459135,38.45578447254031,26.097102990636316
17.31,0.0,40.261901404648256,27.862456179605935,29.68957855679571
17.32,0.0,39.91926599108298,31.230729391606754,26.69108456446116
17.33,0.0,38.222625346610734,33.06047618070332,27.68169918004947
17.34,0.0,41.521381254752825,30.416848483969012,27.81265116857427
17.35,0.0,36.42616115758254,35.772275816529614,23.76336618806212
17.36,0.0,37.31235031037933,33.19570844417455,25.615797443141712
17.37,0.0,39.6383583914515,31.199940474942316,22.82409855860492
17.38,0.0,39.96367591326527,34.3971551797945,26.44290869427089
17.39,0.0,38.42449356622143,34.54215111258355,24.743038517832808
17.4,0.0,38.3934544091065,32.84708409803602,26.39119399979896
17.41,0.0,39.15376843043752,38.36747945231238,23.8710287979303
17.42,0.0,36.48228056307889,29.05985222901463,23.723435669999542
17.43,0.0,38.06651338233059,32.262137181235,26.159525647607616
17.44,0.0,39.426492485945445,34.45251510555218,24.20643624217701
17.45,0.0,39.254988870342885,34.55846348631996,21.89742318010951
17.46,0.0,38.59154636280799,34.37077393283958,26.110027519252643
17.47,0.0,37.06576301204504,32.19013696587064,28.492677717001484
17.48,0.0,36.24190266341375,31.42382875288454,28.155386851782595
17.49,0.0,39.42963814767097,30.07685048737002,25.887466318320342
17.5,0.0,40.81214637580888,33.06798588287273,23.475883604076692
17.51,0.0,38.42876239909622,31.186841484101965,25.426144869792648
17.52,0.0,35.76657176740335,32.031740272359855,28.349118195128707
17.53,0.0,36.97590089500654,32.728164601086206,29.0224867219254
17.54,0.0,42.35689842608265,33.745937008036385,27.900893576076268
17.55,0.0,37.85543936937117,32.04139539289491,25.494326295021416
17.56,0.0,39.642491413170625,32.63431885763328,26.280990658430326
17.57,0.0,38.89135029432278,33.16709714388383,25.860052243039053
17.58,0.0,34.88101720946011,31.435286040297246,27.017512612921543
17.59,0.0,37.25108224700605,29.493825640778375,28.798821309628
17.6,0.0,35.538705057294216,32.26080752877204,25.53043886967447
17.61,0.0,34.73519653608669,34.958676717240735,25.420397266242507
17.62,0.0,36.34722446410479,32.33409914754679,22.391171002430568
17.63,0.0,38.39060327925942,30.233829686367326,24.956927917893307
17.64,0.0,38.028980517183236,31.662683309880958,19.650688236174457
17.65,0.0,33.88331671533931,34.2944084162826,21.842522765219055
17.66,0.0,37.95531362250756,28.595331445332086,25.112094204286876
17.67,0.0,40.78640099408628,33.11877387160341,23.538988986496555
17.68,0.0,39.29478311410841,35.023052210890484,25.245123079059937
17.69,0.0,35.96689153306031,31.254474328480505,23.429041198234366
17.7,0.0,34.26616735354561,29.553992742689836,26.56683809239768
17.71,0.0,34.80994610945444,33.16171259049906,25.52301518247805
17.72,0.0,36.2891930412308,29.478076333310717,21.17529300646095
17.73,0.0,36.59375232264823,32.42035088765109,26.25093955204014
17.74,0.0,35.61152485025343,30.002239499257808,20.412785315423477
17.75,0.0,37.81324958177508,33.5547629636993,26.663259016455083
17.76,0.0,37.069946343538795,30.447550791059232,27.00485461624278
17.77,0.0,38.74180924735548,30.98734809490175,24.82775875987314
17.78,0.0,38.840188735419034,28.854706755488785,24.352829558242608
17.79,0.0,33.706730899353346,31.75918441049264,23.396317959634093
17.8,0.0,35.83049618273393,30.564416206937704,22.834400910801936
17.81,0.0,38.660729180570165,31.912714798342947,21.893170085498152
17.82,0.0,35.738852317423415,33.52847705749315,24.60968860815726
17.83,0.0,34.31231686932065,28.957658946482088,22.44144074943989
17.84,0.0,38.593093079506026,28.77750317769994,20.477212221454945
17.85,0.0,39.659742687531185,30.71080842012512,23.397022792572084
17.86,0.0,34.501046590192374,27.402771824559302,18.83588184273652
17.87,0.0,37.13829900231412,31.792381813168507,21.531159508482954
17.88,0.0,38.14696240125937,27.842009388120722,22.944975117723693
17.89,0.0,33.24503563381158,29.325961624492567,23.009020258610597
17.9,0.0,38.44881112150734,33.72425065841749,19.381358495502383
17.91,0.0,37.090995673180196,30.35193593655694,21.10132759168695
17.92,0.0,36.43088204866066,30.203164746815446,22.09103154653304
17.93,0.0,36.59400960480633,30.229290178651965,20.216178928602965
17.94,0.0,35.39573644298609,30.762650504260094,23.016573987010624
17.95,0.0,35.30153518172596,28.54684658126102,19.558276761256437
17.96,0.0,34.98325833027141,27.60392684973783,24.776296160142333
17.97,0.0,34.06764558846507,31.26834360604375,22.249855367950506
17.98,0.0,36.916774369702516,29.28463128344692,21.80028967953222
17.99,0.0,34.659205072997786,28.883684455253082,21.86198881577694
18.0,0.0,32.84241002703087,29.741124190565284,21.541014962434616
18.01,0.0,32.42688561786806,30.00048033694902,24.288916907728133
18.02,0.0,36.23914295217581,32.53464888315368,20.014941073006945
18.03,0.0,36.047669365378084,32.54296246599479,23.734646872114126
18.04,0.0,32.897184177671924,28.826816691128005,21.159096949061112
18.05,0.0,33.894340276881366,28.2145423028607,23.746136829530347
18.06,0.0,33.91857754086027,28.42131770661289,17.808038951751115
18.07,0.0,33.98963168811197,30.104906575804897,24.531888589168627
18.08,0.0,37.42582315978808,29.259470718070368,19.63463276337052
18.09,0.0,36.366182242090844,22.14988255167638,24.63953619353895
18.1,0.0,32.261706238394645,26.776467522216638,22.323773130260108
18.11,0.0,34.324497311914065,28.844896462460714,17.26108478482061
18.12,0.0,31.8400073181879,29.541039677905655,24.297969855518573
18.13,0.0,33.89149165487404,31.6762733997998,22.96862644435002
18.14,0.0,37.80004712708832,28.351006547460262,20.130387998578524
18.15,0.0,35.5342339956962,30.79155926561405,19.82795371974602
18.16,0.0,33.612431855596434,32.65628654888869,19.81318229695769
18.17,0.0,33.341143641744566,29.63693868314437,24.359632183880368
18.18,0.0,31.957102111249633,31.847157918856514,22.89438594623462
18.19,0.0,34.874584196009096,29.870244668931363,20.506841588297274
18.2,0.0,32.238585907897544,29.202595166974994,23.142405473684665
18.21,0.0,31.069261352188825,26.878758601519888,19.76294187380676
18.22,0.0,34.56673166986485,26.636392622422793,21.714085467294225
18.23,0.0,34.640481872604866,29.845792011380304,23.244870845382838
18.24,0.0,33.35854001496105,30.890665582532787,19.16917209267023
18.25,0.0,31.08067143231381,29.592901982149222,24.077045665925812
18.26,0.0,36.69763777812329,25.90284285983018,20.48597091470741
18.27,0.0,33.20048923353101,28.411654966046598,19.017349229698244
18.28,0.0,33.79600110820249,30.07280051359967,23.948421091933653
18.29,0.0,32.69126083592611,27.92484809304681,19.26375745704837
18.3,0.0,35.07630399038857,27.567035352208627,19.37612851162023
18.31,0.0,34.597157102673734,29.374735468561674,18.563296862048986
18.32,0.0,32.573599528685946,30.764485281944935,21.86909238666628
18.33,0.0,32.19605498797273,29.29158382642829,19.796083198108168
18.34,0.0,32.49045059253644,27.79699369030056,19.225978927766576
18.35,0.0,31.242335939338584,29.66370829952939,19.373841099558042
18.36,0.0,34.470978646893506,23.75323222543797,22.215305505385654
18.37,0.0,32.13158061339333,27.414436282309197,20.619064556917557
18.38,0.0,30.56372335638315,26.982722246312928,21.989917823666406
18.39,0.0,32.95162003874088,28.569417777286127,20.239628723085296
18.4,0.0,28.66893879893429,27.336931719469288,21.51962495519247
18.41,0.0,34.61356378737677,30.610443485782383,19.18898388550031
18.42,0.0,32.13998047505032,28.09300943151685,24.214267187473933
18.43,0.0,33.00523773383531,33.68931575369155,19.4868965200975
18.44,0.0,32.66644940996116,28.788603303493648,20.86340919146264
18.45,0.0,33.35346755687732,27.354445877308848,19.35962112521439
18.46,0.0,31.222701750464417,23.95560365923172,19.87744175811447
18.47,0.0,34.68697366174333,26.038696365589438,20.36725298138518
18.48,0.0,32.373258755643725,26.41754059065682,19.098508072565362
18.49,0.0,32.598195428693174,28.177226833685065,20.73432234271047
18.5,0.0,33.48516935391399,25.667546198159602,19.87402108071345
18.51,0.0,29.650336093899696,28.370485155395286,18.764575410950826
18.52,0.0,33.293162575564374,30.23135772708315,19.979612084505455
18.53,0.0,34.01227614254555,28.86899097163502,19.52621033700926
18.54,0.0,30.136795766319835,29.390408881585575,20.784882051623594
18.55,0.0,31.725343983056412,31.02691568762323,20.181530781216377
18.56,0.0,33.31562877681535,29.568354010737263,19.38368574941971
18.57,0.0,28.72297075327364,28.788063254216667,18.65205627018473
18.58,0.0,32.959679179603334,27.22735700876968,20.73598117581607
18.59,0.0,31.024229411082146,27.281261177415992,18.142011592387526
18.6,0.0,32.36860323277802,27.619213942563377,21.11130502563881
18.61,0.0,28.78902742161973,28.51293476659436,21.831968747385105
18.62,0.0,30.20185886988871,33.59287414860514,20.34992591974002
18.63,0.0,31.57313072319515,21.473370055065505,19.755474773546624
18.64,0.0,31.999126287035857,27.829804352917883,18.022871944219922
18.65,0.0,33.60168702045589,28.127498920510458,22.270739764030825
18.66,0.0,31.239588261539964,30.35359837012192,20.878471002313535
18.67,0.0,34.25136864155692,28.314818148065328,19.421769979375437
18.68,0.0,33.04295902112898,27.724095774499023,19.15356750924584
18.69,0.0,34.17679090863755,26.31213086031708,19.714106729390764
18.7,0.0,31.09998507310491,25.369946201970713,23.08794656489972
18.71,0.0,32.7067435800839,24.561868291436543,18.65528250554087
18.72,0.0,30.933238373686105,22.67659528088783,18.55260179600571
18.73,0.0,31.53417741013969,25.729948338444384,19.26927738246981
18.74,0.0,34.3197964090357,28.05897589574638,20.501247647212413
18.75,0.0,31.032219147682955,28.443326891001263,19.00801218851641
18.76,0.0,30.56709517334503,27.08116068042653,20.660562861405246
18.77,0.0,34.202710699268906,25.023648741188886,18.44631128692216
18.78,0.0,32.65637849580044,29.604032974228822,19.19577195543344
18.79,0.0,32.39091580617227,29.555839493313883,17.037462984129796
18.8,0.0,33.855090001250225,26.453125092147353,20.76543516728343
18.81,0.0,30.895010766747745,31.2344509390194,22.72006599039499
18.82,0.0,30.52714909126145,25.766030783000893,22.487847410058286
18.83,0.0,34.40818421331096,29.08348761654172,20.24638966167794
18.84,0.0,30.019232063913993,30.82976362078701,21.80774817398424
18.85,0.0,33.624800275727495,26.835307032389935,19.795472381018943
18.86,0.0,32.002193946537275,29.08489506047437,24.32336927807628
18.87,0.0,34.01578392588829,27.447955604459693,20.17252727053287
18.88,0.0,31.39712088768626,30.230916818778358,19.393792828906513
18.89,0.0,32.56865514709112,27.801889039213478,19.198949285970997
18.9,0.0,35.72059669509098,25.679569619688504,22.026462079246702
18.91,0.0,32.71666754450947,26.901119529601225,22.004727328720247
18.92,0.0,30.94243380869232,27.241770242704877,20.590683043607296
18.93,0.0,30.16585821819728,27.80319136351143,23.83755182047763
18.94,0.0,32.188639008250256,29.118661933820007,19.985536560407283
18.95,0.0,33.42791823599931,27.618730021199138,21.61673137167472
18.96,0.0,30.397254820151442,25.21480094770913,19.718838537323084
18.97,0.0,33.03387586919125,26.824007890982184,23.46353145879491
18.98,0.0,34.51140591778204,32.710754310627564,18.557201883859705
18.99,0.0,34.09667653904592,25.439195540293532,21.38406664929264
19.0,0.0,35.18888441661478,34.68162034885849,19.39452133480914
19.01,0.0,32.87766077811535,27.911054823237237,24.182990414716567
19.02,0.0,32.656385289221774,27.492871700679345,19.681737165576774
19.03,0.0,34.240837692355555,25.242233937149994,25.599524993456882
19.04,0.0,32.42957314872458,29.39497690446785,20.98393698124549
19.05,0.0,36.87317698490465,29.18649859677137,19.51069117737962
19.06,0.0,34.34871132535718,28.83287364569389,19.346351339569644
19.07,0.0,32.62278743965547,28.17593414273011,18.807686884706314
19.08,0.0,34.579296219956504,29.786083914343315,17.814870255598198
19.09,0.0,33.59026764956544,30.037388852525496,21.20464900433264
19.1,0.0,33.575831075726846,27.740105241193785,24.569809744336105
19.11,0.0,36.208090321509985,28.032810162657885,22.69065419163715
19.12,0.0,35.69049204281688,28.595844231419328,22.540696557276178
19.13,0.0,35.0375901767077,26.262089409047782,24.06960159524974
19.14,0.0,31.725165234482628,28.559296471220403,23.65970307842334
19.15,0.0,36.64006528805327,28.947259409745016,19.1648091423106
19.16,0.0,33.46242850002988,27.48568138599567,19.946584726349474
19.17,0.0,34.05797403884218,27.70781319909451,23.509508820810076
19.18,0.0,31.904427317579565,26.821995228261144,20.25646863035947
19.19,0.0,31.96742174037838,32.844950480288766,19.887977525638558
19.2,0.0,33.728603877855726,33.6242933565069,21.42556861638003
19.21,0.0,34.498354181181895,32.372373667486926,19.683051995199353
19.22,0.0,34.90202436307933,31.260925108148115,22.33201014186669
19.23,0.0,36.42280139486451,30.10765834672719,22.301656224542416
19.24,0.0,32.92989818390061,32.2201602153418,23.123541181276682
19.25,0.0,35.85952849811928,30.056337893316094,20.11443874394258
19.26,0.0,39.35032349979199,30.526653346406437,22.362105627776085
19.27,0.0,39.786994157005154,32.07816647786118,27.610683052908758
19.28,0.0,33.7307657150693,28.12920824537457,20.45044758187543
19.29,0.0,36.93224230031464,33.02632102625454,24.198347596794523
19.3,0.0,32.6882888919304,30.49991282990248,20.717488385148773
19.31,0.0,36.425145594820435,30.37987425572199,21.195740896545956
19.32,0.0,36.60349621671449,31.329537597315174,25.481168457765364
19.33,0.0,36.44738728321948,27.757733927599496,26.736145405581652
19.34,0.0,34.33851194747128,34.15791712625719,22.424982484934354
19.35,0.0,34.94328180689954,31.31714868486745,20.44576194284034
19.36,0.0,36.29344184181821,28.718109999507586,23.717447412609925
19.37,0.0,32.207480215369216,34.03589982829398,24.76146365075365
19.38,0.0,40.30420556724274,33.99882016956536,22.695912343252438
19.39,0.0,40.378802820794164,31.97933360264973,24.534374188593294
19.4,0.0,37.64088911454174,30.912958145196118,25.32386491747317
19.41,0.0,35.68263237131986,32.02306433555815,21.570555411199653
19.42,0.0,35.05158890934203,28.05282527228143,27.79636018553499
19.43,0.0,36.722246429467994,32.91763012589445,23.11435669430815
19.44,0.0,39.85886746984587,30.940672827256517,22.54239279420753
19.45,0.0,36.96176217720947,27.726637461200998,26.237591323495277
19.46,0.0,35.18803200396638,30.33563465849751,20.071771329636732
19.47,0.0,35.69347125871585,32.733484401069475,25.629248931359697
19.48,0.0,37.9455946634277,31.770014261402313,25.292160335592577
19.49,0.0,35.917929823905006,30.610330511261214,25.693504500914166
19.5,0.0,39.94225618264872,34.33088758600714,26.820609232050895
19.51,0.0,39.69707278679905,30.550009346475893,23.748637701847155
19.52,0.0,40.42439034959328,33.6737812278572,20.782095536338655
19.53,0.0,40.80366921985605,32.27702941139355,24.27395454900344
19.54,0.0,34.651453574247526,33.698231322011246,27.5732493270275
19.55,0.0,37.62307940111539,34.802646291786246,27.944772887680802
19.56,0.0,37.744530326278216,31.82523246569316,24.408145637702955
19.57,0.0,37.07930005613166,31.96529382923274,22.049261260619293
19.58,0.0,41.198332023557136,30.98066011251518,23.38718574804894
19.59,0.0,37.61041262525755,35.20205385612614,26.88167903707979
19.6,0.0,37.586257538385006,33.654505208464585,27.322726776554948
19.61,0.0,38.18782055256704,30.354739101159065,28.458654006924636
19.62,0.0,38.25453514995568,32.51774513198511,26.877162211835962
19.63,0.0,39.51415413791089,33.107241854676694,21.901322381299774
19.64,0.0,39.9057361378641,33.51371999400475,24.718679942221964
19.65,0.0,41.094445044637745,33.916849676060245,24.15016907085568
19.66,0.0,38.299025281847996,36.0863153176349,28.836454040841126
19.67,0.0,43.337292308048845,30.482232268335576,24.81866215340543
19.68,0.0,39.5962915257149,34.58845264181453,27.615371018601355
19.69,0.0,42.276011373461664,35.96336309968135,28.488650523268777
19.7,0.0,37.923619329175715,34.72782722203758,24.7504644221464
19.71,0.0,37.41979987071278,36.230395644463115,23.1188286189817
19.72,0.0,41.42277270092039,34.24534940938813,25.08338894472584
19.73,0.0,39.187462832638374,32.819752516271244,27.54679268922996
19.74,0.0,38.683814763451245,31.763705782430716,25.882364718741428
19.75,0.0,40.209662500301704,34.88766338798589,28.39441031423528
19.76,0.0,39.858056307133225,36.36268836511681,28.58097871540839
19.77,0.0,40.102288454356994,37.348610609767746,25.81248648868052
19.78,0.0,41.27780429989269,35.97205140132947,27.174348849562573
19.79,0.0,40.857397339607736,37.30204966738539,29.60461136513365
19.8,0.0,40.503491750248116,33.25905514068374,29.502941518098737
19.81,0.0,41.07142071161627,33.20999914829599,27.025953340572837
19.82,0.0,43.59854087784012,35.271976816120194,24.799496168849398
19.83,0.0,44.807061322722085,36.7581552522535,25.55872802378602
19.84,0.0,42.33635312531295,33.28871508436813,26.629868845775913
19.85,0.0,43.69225383986392,34.12818485862825,28.952739515942262
19.86,0.0,41.96021589893122,36.71537186370944,30.260580281990695
19.87,0.0,42.44803279162014,35.61255033604392,31.740257752630217
19.88,0.0,44.538940995886364,39.84486548434559,28.556970898965737
19.89,0.0,38.87632528166677,36.521900876478156,25.58791960583548
19.9,0.0,43.32490017632143,37.23543021457392,28.84619590615533
19.91,0.0,40.110278652815886,34.7380825131717,28.170805748891453
19.92,0.0,38.781389882345174,32.12686239288716,28.658253666715286
19.93,0.0,37.292232163252415,35.806036673727995,28.161944039252678
19.94,0.0,42.14312793417343,34.097875098848085,28.63050667538459
19.95,0.0,41.19046770894732,31.3266761395707,29.531445388763665
19.96,0.0,45.77750584189246,39.93820456749771,28.489009788554196
19.97,0.0,40.79739398985385,34.04103990920296,34.39412301285514
19.98,0.0,43.399647677511275,35.990864500169124,30.728961011343912
19.99,0.0,43.895205532985884,37.641233832295114,32.60675214202602
20.0,0.0,40.43811744492828,38.33996231191835,28.86833883099192
20.01,0.0,45.07761072257436,33.861440039522016,30.089904023187504
20.02,0.0,39.417208533673744,34.729227249215405,31.91634559867232
20.03,0.0,42.27441723741241,33.7888358534924,32.218930224072906
20.04,0.0,38.31718971242918,34.52724670957074,29.408206354925454
20.05,0.0,45.313743676618515,33.79133276608551,29.070906109495596
20.06,0.0,43.822767300011094,36.38226918878373,30.27046688418063
20.07,0.0,37.837164517745954,35.748278054689145,29.544727200654233
20.08,0.0,40.12166651980264,37.91574110620141,32.82660666784015
20.09,0.0,41.42353783996908,30.402968440272197,30.208279282545263
20.1,0.0,40.29047941881597,36.92762588639354,31.39069824475261
20.11,0.0,44.873034332016566,37.34304148416943,31.06486123935083
20.12,0.0,46.24455793034049,37.8780510177181,27.777690877951194
20.13,0.0,41.08001615003451,35.11494029052895,31.317623827078563
20.14,0.0,45.98194409483219,36.926383605034445,29.00831634336349
20.15,0.0,41.210278020043994,34.26183487751168,35.36884421908082
20.16,0.0,43.89196901285807,34.27314580128464,27.906418629211583
20.17,0.0,42.131734207261296,37.869028655155866,32.32100418355512
20.18,0.0,41.36024518170526,36.04049900510128,29.583504736684976
20.19,0.0,43.01605565181193,39.8457883514139,31.517094138421633
20.2,0.0,39.830964522743855,39.24324848985688,31.53293909969721
20.21,0.0,41.963689120705325,35.02376920751072,32.72259202674544
20.22,0.0,41.94869156502842,37.53791485605883,33.18534702803178
20.23,0.0,42.52533330643645,34.958498417366734,34.32887991055617
20.24,0.0,41.428139228147195,35.24442784567741,32.47007187047209
20.25,0.0,41.01520121289143,36.644119416286095,29.8515455152765
20.26,0.0,42.256824877747235,38.3734101316457,29.403314339296813
20.27,0.0,43.07328873357537,37.80080620618254,32.26447319956197
20.28,0.0,45.089584031101396,35.61425570566116,30.581817406611776
20.29,0.0,40.97894477463617,37.558233440343955,34.403663640498266
20.3,0.0,40.753687166519875,37.311536045259565,29.84309401174551
20.31,0.0,47.191711946093015,36.00607973299252,30.58741762871612
20.32,0.0,45.55604575399793,37.65380001933591,32.18235498256576
20.33,0.0,41.016667617654946,36.40264073905021,31.458929447411382
20.34,0.0,42.54379772099413,37.95874600859799,28.771396371169548
20.35,0.0,44.65188538732304,38.084541996129396,29.162317744472738
20.36,0.0,43.26750091902328,37.65889047692346,29.941122629130483
20.37,0.0,43.16922025899263,37.03653270636135,31.155615627324888
20.38,0.0,43.8731217822386,37.000510916458325,30.3489946587551
20.39,0.0,44.22938727181124,38.54139189498983,30.710839771174005
20.4,0.0,43.60653154360374,37.59618577029504,33.55963390605451
20.41,0.0,43.06319806025039,36.98387751137854,29.539263267497972
20.42,0.0,42.979251242974165,39.67585772717304,34.276296437517736
20.43,0.0,45.532428705684445,33.99130697619061,33.80282540690767
20.44,0.0,47.53330792313092,36.34677251001035,33.55885664959093
20.45,0.0,45.47755048454928,38.04992133716803,34.309637229168246
20.46,0.0,40.93163057463447,34.94093022567341,33.350414946519095
20.47,0.0,41.343592092029546,37.2646582002857,32.657596584023985
20.48,0.0,40.57694632468873,35.68211544095345,26.708006282150226
20.49,0.0,44.87228551960463,39.30361056420924,36.00155108258297
20.5,0.0,40.56787198676842,37.561614061402466,33.71518019445867
20.51,0.0,43.720184250082305,38.2571029770349,30.59742736596403
20.52,0.0,43.71492040896246,40.39284661138839,33.37490343396214
20.53,0.0,40.08641142410568,38.241445505527544,34.68808379846625
20.54,0.0,40.296879299270195,38.413026407451255,33.921043079513055
20.55,0.0,40.17386525224678,38.604426246024516,31.18151895350475
20.56,0.0,43.09790573824379,37.850334637191864,34.04160364016452
20.57,0.0,42.398171951740935,36.22708078509764,36.18009606811422
20.58,0.0,42.10223705564092,37.313531217689864,34.230469662104255
20.59,0.0,43.46367289449142,35.36798747153196,33.327006000828234
20.6,0.0,45.206886653121906,38.786108832184816,32.59519994663338
20.61,0.0,43.02518536499146,37.16441560061271,32.6469170799494
20.62,0.0,41.34757747128715,36.90424798998348,36.26239681714268
20.63,0.0,45.101826283634765,43.00850443969458,35.04346117109466
20.64,0.0,42.05618058687063,38.53771062504203,37.04802179415216
20.65,0.0,42.86024628508675,38.01953454679659,34.10697230385514
20.66,0.0,41.80328871838925,38.10314739057346,35.37616859859
20.67,0.0,46.29093439068395,34.81527351797109,35.69442081457358
20.68,0.0,40.82763926982135,37.21490870405614,33.70830787769311
20.69,0.0,41.75655124068294,37.370059494069785,33.011117216304285
20.7,0.0,41.74664232848362,34.258827824383786,33.49610041095446
20.71,0.0,45.14161330109267,38.70651367333259,35.20165206828716
20.72,0.0,43.69046875521372,39.11628387435986,34.99121069873078
20.73,0.0,41.69526905089709,38.649230342626474,33.57649623447994
20.74,0.0,41.69515229524413,35.96867951548688,33.567548095344776
20.75,0.0,45.47069994726332,40.014393250752946,34.854499060817254
20.76,0.0,39.40582633592783,38.2727881300156,34.42761140159707
20.77,0.0,40.57801006093489,36.05193706551192,36.248583449995664
20.78,0.0,45.963275339098345,37.04580959442116,34.76295342557679
20.79,0.0,43.041469074614334,40.06201324952549,35.154554529226274
20.8,0.0,42.45960666373871,40.11332789969274,36.32749081910779
20.81,0.0,39.79082112628159,34.558936767842646,35.03476101942261
20.82,0.0,43.745804073427585,37.29465092294488,33.87564306392146
20.83,0.0,43.80047035319122,38.975916453894534,36.300176910016646
20.84,0.0,44.21908419326408,39.638201192619114,37.061234958061675
20.85,0.0,42.02226731521476,37.78694489187377,34.18097009703879
20.86,0.0,44.19633502276739,36.84870670289648,36.551839782124404
20.87,0.0,39.63478020225464,38.66430698358771,38.163731928478455
20.88,0.0,42.24678676864796,36.88965410643656,34.07453206707813
20.89,0.0,40.97086156692337,37.20592286856726,35.67489164008814
20.9,0.0,42.791725731586276,39.74950083170213,35.48863652282688
20.91,0.0,38.505053730192756,41.394750493437066,37.44635838934592
20.92,0.0,41.25823412810608,41.90720612969005,35.72577692314755
20.93,0.0,39.851269517339915,39.361566467212306,37.64424492268049
20.94,0.0,44.527721464728586,38.88541217036271,34.15107676843905
20.95,0.0,38.85836101923103,37.14179586994013,37.203256283668836
20.96,0.0,39.46482610723227,39.21298518249205,35.43327563169886
20.97,0.0,40.58848006459725,38.37881415099979,37.51710386948187
20.98,0.0,41.21957268042991,41.05808372571316,37.22787587942851
20.99,0.0,41.26292007926079,36.823443034905885,32.12456028749445
21.0,0.0,41.87413262453368,36.84206448200313,34.8642127114234
21.01,0.0,41.85526183477641,41.238441345141624,38.86104570327083
21.02,0.0,39.85131780221028,38.03893059384398,35.49773141748213
21.03,0.0,41.551979524734634,41.001597019270385,36.061977724769605
21.04,0.0,38.77210038041871,38.222146942146615,38.363173553475114
21.05,0.0,41.57066886274488,38.813567341601114,37.636430783427784
21.06,0.0,41.745824364446094,32.81633806372938,35.21410087311736
21.07,0.0,43.93711569586908,38.35653060634597,32.604722154401436
21.08,0.0,38.078024364304234,42.31738744282897,38.54834897554512
21.09,0.0,40.69735658004397,34.711817700714775,38.38197529689199
21.1,0.0,44.43876294622305,37.94188878873608,35.57313059750257
21.11,0.0,39.825911246273,37.60761560020754,35.548085907018795
21.12,0.0,39.04890083365029,38.7228944285289,38.92535282033951
21.13,0.0,44.565765384680496,38.71014772598331,36.63356705490606
21.14,0.0,46.13067456747403,37.33945997742065,33.12102732979646
21.15,0.0,43.71951951381226,37.25914575765449,37.28248045383309
21.16,0.0,40.11893666750044,39.8712316787027,35.88778742395106
21.17,0.0,42.443921188106124,38.205872512843634,34.49775059985688
21.18,0.0,39.70302218964287,34.66256915446757,37.38943255588003
21.19,0.0,41.02896080144222,35.4624924348938,34.329070008058316
21.2,0.0,45.120013027907916,38.21854028694916,37.31642809057218
21.21,0.0,41.4638517540828,39.607268455991445,38.81431046030933
21.22,0.0,41.52891783020876,38.461741735132776,40.04294470979575
21.23,0.0,41.89417883674106,41.24209327406947,35.513870676732125
21.24,0.0,38.96695512275938,39.885928599656644,34.16287688020227
21.25,0.0,42.757654510211744,38.92912491770017,35.926997206418825
21.26,0.0,43.08166465389539,36.469984281120084,37.83996485113312
21.27,0.0,40.35446984664734,35.49413560204053,35.006374476852926
21.28,0.0,40.37732144417911,34.590843004426425,35.81267096638941
21.29,0.0,41.20019456632927,37.007301527294636,36.24253408520804
21.3,0.0,40.874317988097026,40.33583660212461,36.32831211300356
21.31,0.0,38.57325071356903,40.20685210605621,36.974630161917545
21.32,0.0,41.04096730758592,39.47780057539187,35.16179781664241
21.33,0.0,39.74906575736161,35.052038208725406,34.655834727369765
21.34,0.0,40.60037580185885,37.90383974386761,37.81247405697225
21.35,0.0,42.34105555560625,40.17570675292982,37.00172812265038
21.36,0.0,40.88918236786711,38.130707124072856,34.286311485200756
21.37,0.0,42.960528907166704,40.04053195430657,38.94847026227043
21.38,0.0,39.606649247841865,38.21763641033246,37.46811749492676
21.39,0.0,37.68878911600901,35.825158450080274,37.333898323545455
21.4,0.0,38.57876976999229,38.09892336567455,38.23848689637378
21.41,0.0,36.63559255013222,38.258456238858315,35.49695515867174
21.42,0.0,41.486210824154455,38.977814531766974,39.04744479854274
21.43,0.0,41.18025730666868,41.28301240518316,37.18454641209027
21.44,0.0,42.21815731182696,37.65737414427366,37.40244844402952
21.45,0.0,44.18331275784876,35.459286486698616,37.89252622188073
21.46,0.0,40.51893985659402,36.26960315989789,34.13862128283789
21.47,0.0,39.53984687396793,35.43861209073393,36.11482608350672
21.48,0.0,43.053891328216515,40.66149999029869,39.24775245037715
21.49,0.0,39.7673827252236,38.291855250227755,39.641478178204416
21.5,0.0,39.45611413817778,36.80383038002553,33.846842403072515
21.51,0.0,39.66065544366212,38.72860718248921,37.00159982437704
21.52,0.0,39.98845588392235,39.97758740432086,38.77135419306844
21.53,0.0,40.77134941572474,39.74167298619413,35.68392931848278
21.54,0.0,36.346905278732635,38.06099631427336,38.49240190240736
21.55,0.0,41.604559638359945,38.57747656270804,39.427627038498315
21.56,0.0,43.83083248378148,38.26081225697235,36.9771062307535
21.57,0.0,38.34993949496203,39.30028967504015,40.39020105053196
21.58,0.0,39.114149588805134,36.24711223662119,36.99316374207253
21.59,0.0,43.30438084616873,37.49284856920035,37.720953023560355
21.6,0.0,41.92958686999383,39.54391377649884,36.663712683870756
21.61,0.0,40.001588769316406,42.14803288993487,38.97907083225607
21.62,0.0,39.40686677831806,38.765418959992616,36.06620456406267
21.63,0.0,38.4922721213377,38.184827132228165,34.82469040148217
21.64,0.0,35.57625144193385,38.41140001407862,34.955742600927614
21.65,0.0,41.86011981142907,38.258352918111896,39.93142154162115
21.66,0.0,39.81839640102734,39.280152080518484,36.55582918885004
21.67,0.0,42.30245403678158,40.092629224810274,35.51272561089364
21.68,0.0,38.64027229740311,38.14931423203575,35.06567112591347
21.69,0.0,36.05475040181301,39.79955707056332,33.862569579812664
21.7,0.0,38.79556815627607,39.21401184939034,36.94853929927394
21.71,0.0,38.85950379661459,36.46733114805129,37.655229686734195
21.72,0.0,37.02941853423167,38.91570030284366,37.77972128224909
21.73,0.0,39.68491222877043,37.30677588753849,33.37935647308292
21.74,0.0,38.87971462855705,35.38882219369807,32.78481596912763
21.75,0.0,43.5552646338074,42.282459877661175,36.66007387645612
21.76,0.0,40.57828419165467,33.46958516371874,36.83370075613829
21.77,0.0,42.7552622702905,39.07733582652003,36.42750891572302
21.78,0.0,39.05496675921588,37.4470517990902,37.417197121220795
21.79,0.0,40.34757937824086,36.83591221550649,37.274362524289714
21.8,0.0,38.87295913768921,36.960546704485196,36.531461273129054
21.81,0.0,42.307403571987756,39.425863149134635,36.98484970009294
21.82,0.0,37.75971188526007,34.90142673121198,37.06676404016495
21.83,0.0,41.79421742430089,43.563934042315864,38.24694272051891
21.84,0.0,40.1443100317628,35.4858492069818,40.88327870354693
21.85,0.0,44.40176222840839,38.96162132482631,35.33169249522282
21.86,0.0,37.98698007506247,35.76236846730435,35.03812925017738
21.87,0.0,37.9122404059388,37.9518402913719,39.86924045079681
21.88,0.0,40.59632457716808,35.02116358434402,32.00128559056572
21.89,0.0,42.90751136952793,37.840541761401,34.98125895033219
21.9,0.0,37.29683791474018,37.69157928935269,37.01544844728575
21.91,0.0,35.7090086904171,39.01706449483545,36.19897257426636
21.92,0.0,37.715485367053006,36.894184705255206,34.813305335759104
21.93,0.0,41.25825423333202,35.924800418403656,39.496107743441485
21.94,0.0,37.95609898996695,34.02573930818706,37.83420036268674
21.95,0.0,38.80927816312038,39.064966335125305,35.872480239425634
21.96,0.0,38.84007914439441,41.20875804298825,39.5338454823339
21.97,0.0,40.758930042152635,38.52253650956375,36.59495669700862
21.98,0.0,39.989224951165006,32.256497300972924,38.62675398153041
21.99,0.0,38.05401709865252,38.71396114567963,36.19298703044231
22.0,0.0,38.13110986662246,35.399745234318566,32.4932537363405
22.01,0.0,37.70403258948414,40.63655601955485,42.009124703132045
22.02,0.0,40.16068665427222,36.452577754284306,37.300737485501436
22.03,0.0,38.13339807512012,37.52648003953526,33.92157055791359
22.04,0.0,43.57037087143458,41.09706435109433,34.650400863465336
22.05,0.0,40.063098778620564,34.912447639822574,41.214847739069654
22.06,0.0,36.66777845344881,36.5427873035005,38.13750002688732
22.07,0.0,39.03471594374238,40.370764132640836,36.930956295742
22.08,0.0,42.86137270823815,38.65189107449931,37.689957840493435
22.09,0.0,40.98370440296804,37.00492484476998,35.767192184126415
22.1,0.0,37.24022140612396,38.032854884121264,35.78991451025091
22.11,0.0,39.786125868122774,37.101961496220355,36.7692110984349
22.12,0.0,40.094468433135035,37.48062271405071,35.30280801400429
22.13,0.0,40.8245853262366,36.96050342093091,37.674525528033776
22.14,0.0,43.2673363531269,39.37470397853973,33.61953982659258
22.15,0.0,39.68600799195763,36.50584607696446,35.78887603750526
22.16,0.0,39.555206764056294,39.397300171558335,35.70290791020107
22.17,0.0,39.4388429926779,39.52505452471623,36.14460795842504
22.18,0.0,39.705569210871765,35.45149694433604,37.18122250036805
22.19,0.0,42.29160814673084,41.33113101604397,38.42082441116462
22.2,0.0,38.50590629716316,38.46835018944893,39.427279879411074
22.21,0.0,43.38891587649786,39.9879214417873,36.21418170371425
22.22,0.0,42.32502160523394,39.23065773957734,33.70192456389528
22.23,0.0,39.77789633664943,37.60892863071967,36.66695496191741
22.24,0.0,42.772023983885816,37.535316841175806,37.524131285921314
22.25,0.0,41.71588608347996,36.60360126049724,36.67952593358016
22.26,0.0,42.74328466466861,38.24799814532103,40.140341480367915
22.27,0.0,36.354699827336965,38.97323658726382,38.692217378792854
22.28,0.0,41.00045425443541,39.79087825611609,37.64909835928434
22.29,0.0,40.70555963089398,38.06563858512031,37.30308979985234
22.3,0.0,44.23911074336768,35.517240677959514,35.42143080282045
22.31,0.0,41.42650706387435,41.054380530213784,37.516258358320975
22.32,0.0,39.475567789201754,35.43174620659369,37.34368527369826
22.33,0.0,42.40731075565403,34.81681646174355,34.462135400927785
22.34,0.0,39.82488979691207,38.55312034423889,40.968692386476334
22.35,0.0,44.56708565721364,39.78764805328834,35.72781001863033
22.36,0.0,41.911903452834636,38.95455241491396,35.555057363111985
22.37,0.0,39.9931817196006,34.74809341687368,34.730341534935626
22.38,0.0,38.61924990907257,35.5233212453176,33.070847728943775
22.39,0.0,38.86838110102455,35.67922913295481,35.434193313460646
22.4,0.0,45.14688016863204,35.0187695282412,40.21093160831034
22.41,0.0,38.29443332263984,40.30411189965075,37.888482747116775
22.42,0.0,41.97608123085086,37.098857063653355,34.292130287390805
22.43,0.0,39.729617398311575,33.626187800684086,37.446208898281164
22.44,0.0,42.458679254247606,34.9359113140577,40.10518561660101
22.45,0.0,39.09986721490638,39.47699168636409,36.51258701291257
22.46,0.0,38.8328645110785,39.0517022725818,37.0126464123804
22.47,0.0,40.242796569101394,36.42432864957035,34.05169548016533
22.48,0.0,38.37593999486284,34.59372325129329,38.992188219972576
22.49,0.0,40.451063643121515,42.049826201257645,37.53908453617145
22.5,0.0,42.723384757973996,38.3541691919369,38.79809246927423
22.51,0.0,42.48460250031426,40.64597423700614,36.81337160588874
22.52,0.0,38.43820032088351,36.33611979023013,35.107933717135595
22.53,0.0,43.803438753160755,38.24515072831721,39.83841105707367
22.54,0.0,39.67261047468094,38.22097743014044,42.5865002046244
22.55,0.0,37.27933848369895,34.447018626914115,36.61110931661508
22.56,0.0,38.697874604533254,36.715692941196906,34.88929902169063
22.57,0.0,45.87551268975517,40.55252580459616,37.9823274891194
22.58,0.0,44.63895671900407,38.631818821701515,35.48566181178848
22.59,0.0,41.14305940338221,37.84680153006277,37.249009898643685
22.6,0.0,40.34283173480777,36.80783173260795,37.27524366522002
22.61,0.0,41.377093306222925,38.674418568501686,36.81943205199985
22.62,0.0,40.10306622646868,39.482033162317606,33.938222002420815
22.63,0.0,42.64714461464447,36.14219208015552,37.166984846525466
22.64,0.0,40.11898653264594,37.543870126554744,37.595939147832176
22.65,0.0,41.605630475812355,39.371322569750554,34.869500470273216
22.66,0.0,40.193264216205044,36.880700311453495,34.24186875297644
22.67,0.0,42.11983223562508,38.58817778440654,36.95786300426888
22.68,0.0,39.86420210537658,43.26474901643353,34.8804235027173
22.69,0.0,40.64202964109941,43.20346799772482,35.97977493998479
22.7,0.0,42.59781631570282,38.499936547492446,34.05052611892487
22.71,0.0,46.25027162373348,35.028731666943074,34.577201051935695
22.72,0.0,41.08367367696462,40.635433098082125,36.25477550930227
22.73,0.0,41.97696991668027,36.55980454869077,33.8325328545897
22.74,0.0,40.387843603479105,39.4977523738754,36.12251198608245
22.75,0.0,38.45287299952021,38.45542254631955,37.008749619435584
22.76,0.0,41.09034479565306,39.392037491809816,34.80026030512313
22.77,0.0,40.12671180322831,39.75798893962212,36.87326759030973
22.78,0.0,42.51147210920049,40.46954193219039,36.55051446936004
22.79,0.0,43.0946516752025,39.63736926771471,35.94590273987397
22.8,0.0,38.55256455175686,34.92113303953667,37.71456664063586
22.81,0.0,44.86408916102104,37.067861752616025,34.43738392359235
22.82,0.0,42.81556539189996,41.98323893970691,35.26297847050973
22.83,0.0,41.0792520194807,39.36090644899667,36.16556804767475
22.84,0.0,42.62921210199626,38.20065365376781,36.76426770917969
22.85,0.0,41.6684879473595,38.20286622246455,32.636747365247416
22.86,0.0,43.51340586219472,37.7042382608251,35.31045457280486
22.87,0.0,40.99859726648977,37.93315209740046,41.58937514317626
22.88,0.0,43.723672578873696,42.19021626851305,38.101033617118446
22.89,0.0,42.39560157689541,39.30703554830373,35.37247741241943
22.9,0.0,40.004727985732025,37.626744734434475,35.882231996204325
22.91,0.0,42.33259115001022,36.69339168217705,37.507991863646296
22.92,0.0,41.79804313450267,36.13285925922995,36.46448990865816
22.93,0.0,42.74257742732029,37.83145135141289,36.25758803336672
22.94,0.0,42.97747058531999,37.08239633345871,33.74637908365984
22.95,0.0,46.02825801329499,37.29437515868289,35.318750311009225
22.96,0.0,39.81958423602792,38.035616332067384,34.73475829346365
22.97,0.0,43.85635971555601,37.12143686867247,36.984202429253216
22.98,0.0,44.09271460343328,35.21560247331995,33.612049217560134
22.99,0.0,40.79794930646652,40.256692050636865,33.472160449049085
23.0,0.0,40.00633701853292,40.98410637589538,38.31517834454251
23.01,0.0,41.95169725222884,38.92108159463448,34.566182064321424
23.02,0.0,38.45903262153669,40.348174910713816,31.43317797552675
23.03,0.0,43.61096306655524,37.779027300531894,34.32472748231341
23.04,0.0,41.20960820111587,35.06800192871344,37.109342765344245
23.05,0.0,43.43036642381492,40.999473353032,31.40862540632282
23.06,0.0,45.221228451893076,38.41848002164923,34.885076272544865
23.07,0.0,40.344187402232265,40.288726563329654,36.864812673768135
23.08,0.0,42.823530579684956,38.52981084527207,32.85486037664614
23.09,0.0,42.4074115403749,41.841547891714136,35.74229921999841
23.1,0.0,44.45897343176496,39.10862541206343,31.567127339986214
23.11,0.0,43.34921425256946,39.05455030957301,34.02882108922483
23.12,0.0,42.56304245249801,40.65713402739635,35.376629137098675
23.13,0.0,43.41496129816185,35.72575214174266,34.29931375520341
23.14,0.0,44.18406752858026,39.64826591488213,33.80631438013159
23.15,0.0,42.58844746785077,34.40812862050401,29.866899032977216
23.16,0.0,44.31866798352152,39.194744108175875,36.193728457815695
23.17,0.0,39.04402220699733,36.375890199365436,30.358096977982648
23.18,0.0,42.97666992458673,37.75493395515434,34.14262448123434
23.19,0.0,45.41102743254042,37.91208847844535,33.74716112745333
23.2,0.0,41.43724239057425,38.24023544635294,32.963811587556336
23.21,0.0,44.2282333703561,40.11115061904187,36.14349287672055
23.22,0.0,43.527224776266735,40.973912973925295,31.459198790832872
23.23,0.0,45.407543758043765,37.18426633954034,35.57913141436678
23.24,0.0,44.511118637324586,37.40079080329947,35.11247016695185
23.25,0.0,43.97563228053538,37.55564615363621,32.68164506126174
23.26,0.0,42.13994873989425,36.35681512308128,32.313381126860556
23.27,0.0,42.44974674476593,38.43641697328796,30.27878195497701
23.28,0.0,44.85434659522233,34.690947835506456,33.0473989386923
23.29,0.0,43.041357797438266,36.77912711708206,34.34320684883542
23.3,0.0,41.293084627282404,36.29766457795099,32.42421911429978
23.31,0.0,42.93779825358591,37.79421579073599,32.832140004040525
23.32,0.0,42.45896759717759,38.67777603629151,30.794139727613256
23.33,0.0,41.69010891824935,38.9933922993402,31.848610071184158
23.34,0.0,41.65476763590251,38.7128781577467,33.10863523036177
23.35,0.0,44.04095549450347,34.76444195116137,33.855410847209725
23.36,0.0,41.37345222683758,35.25852787820412,36.57018099941302
23.37,0.0,43.74150135623108,40.07903035201219,33.54742249965696
23.38,0.0,39.63778180813651,36.34329444866782,32.40161811954809
23.39,0.0,45.30376228287706,38.86734188178116,31.86452739799342
23.4,0.0,40.659243036761744,36.780800626785556,33.13557030429128
23.41,0.0,43.01488940727087,35.33160940043754,30.64616151294041
23.42,0.0,40.64931054173234,38.3778072445771,26.430346980069828
23.43,0.0,42.90643214015327,34.71419861227403,32.0894454355978
23.44,0.0,43.02655650113876,33.34972491067959,31.97342007050536
23.45,0.0,40.03927435037474,33.78229922938847,34.47893602486745
23.46,0.0,40.39745978677673,33.67183652198003,30.95188894181572
23.47,0.0,40.10227709305539,36.59650280690381,33.33694854131352
23.48,0.0,42.74636771619604,32.378405104959754,32.93601790423439
23.49,0.0,38.760106121299785,37.193024440190705,27.55898689049479
23.5,0.0,43.48047785711184,36.046467536550594,34.373276279240415
23.51,0.0,42.770519795043235,34.37759599675326,31.419405532855333
23.52,0.0,40.75912246509175,37.72578799734708,35.31766780598711
23.53,0.0,38.294894047075516,38.24677426640625,32.4710003352572
23.54,0.0,39.43362466450676,37.32377710383152,30.571119876244694
23.55,0.0,43.003808766369744,38.53985502501948,33.58240967717755
23.56,0.0,42.795228629130534,37.294867825146035,29.87959307255104
23.57,0.0,40.914847738888504,38.15609662411894,31.646656111513945
23.58,0.0,42.01936430182555,36.720227515506075,32.998911489632924
23.59,0.0,44.38026954963905,38.22246942030415,31.320032032301878
23.6,0.0,42.956394205600006,34.735886968667536,32.66324168160847
23.61,0.0,41.25825528926728,37.69293893231305,31.274009819594312
23.62,0.0,40.09751126277311,35.943238262249544,30.163586736443513
23.63,0.0,44.458663832150336,37.894358521661296,31.432304968296048
23.64,0.0,42.903616447459065,35.48716836363963,29.311096042495024
23.65,0.0,44.921860350828965,35.31423324487273,31.95249118453037
23.66,0.0,44.49176250712224,35.60445185937773,30.682550937455336
23.67,0.0,41.94016549949707,35.40479126364552,31.974107788563455
23.68,0.0,47.39211238674689,37.50395752947655,29.74809994725258
23.69,0.0,45.25135766031315,33.76840189462482,35.33288586400589
23.7,0.0,37.76996461555746,31.36647152301495,27.707803318180737
23.71,0.0,45.615135299173204,36.95316716555516,27.20449092024202
23.72,0.0,42.57433116974875,31.89543754551161,27.50022440681907
23.73,0.0,41.94654273571452,37.11474194069754,31.239974962069063
23.74,0.0,41.65836675069076,38.15279540963882,28.708957925430134
23.75,0.0,40.41006484555304,35.51012945922402,30.143099385910226
23.76,0.0,41.36907333136899,35.51611408837175,26.911452499135244
23.77,0.0,40.46084841370137,33.458791911373424,29.933457653332844
23.78,0.0,41.644789155195134,30.63328900447442,29.49113155244364
23.79,0.0,43.359678903395086,34.11419053657975,26.516410442429308
23.8,0.0,41.117191642606784,34.94198872582692,29.17331830934985
23.81,0.0,41.09568654946103,36.930724378958374,28.206974918835474
23.82,0.0,39.35375686790343,31.589063134521048,27.93294529286738
23.83,0.0,38.975059503518864,34.26350166653699,29.29790512246686
23.84,0.0,40.668030266543134,36.79564370131625,29.62978746269529
23.85,0.0,37.47255131139785,35.35432108587992,31.245899341626266
23.86,0.0,38.262082312148415,36.214367477323684,27.606942333529695
23.87,0.0,40.72522620065461,34.4031456681426,24.473673517007786
23.88,0.0,41.87950935953986,35.47647870083377,26.97406519240584
23.89,0.0,40.06025986780534,37.01233901658794,29.256359825754917
23.9,0.0,40.86067139901659,34.36524596275903,28.437836550548298
23.91,0.0,40.50641727946735,36.40307112449313,26.616468758719375
23.92,0.0,40.89318029474245,37.6544349329005,30.825067767161656
23.93,0.0,38.772936324246565,35.013269752204515,30.220419621782895
23.94,0.0,42.38436979488371,33.72553054813227,26.111533629651426
23.95,0.0,41.2252138813206,35.49732472019038,28.036011376840687
23.96,0.0,40.48844313785131,33.57505333331609,27.77643880678946
23.97,0.0,37.82620143828197,32.555863825829064,28.68604948314425
23.98,0.0,39.155487611686404,32.74166016419128,21.799099750939828
23.99,0.0,39.65684590532235,34.35949056399318,29.30384125482219
24.0,0.0,39.029850857316326,32.13497827801724,25.894134629006512
24.01,0.0,43.768078570789676,35.40504786374869,25.909423589810462
24.02,0.0,39.311782324194546,32.65881077570231,26.01885398097679
24.03,0.0,40.129507095607615,35.04091147428534,25.229069524042423
24.04,0.0,42.48810716894103,36.17234336399052,28.019664480167236
24.05,0.0,39.83230262771426,39.164079753843254,27.553517789240342
24.06,0.0,41.508595325377975,30.502541341921663,29.18780933511569
24.07,0.0,43.500687680245,34.10570034034753,26.688833644325857
24.08,0.0,42.32956167655954,34.934046613842604,26.87919265648772
24.09,0.0,38.74582809587544,33.294377315763526,28.616644399342892
24.1,0.0,39.5595590075248,31.77937382889624,24.17519009956236
24.11,0.0,37.04876382110969,35.473166441311676,29.966105750619477
24.12,0.0,39.251226163226484,32.953598759976565,28.306034836216806
24.13,0.0,37.271742684599204,30.75786999169468,24.075137667151623
24.14,0.0,36.272478994519986,37.384528258454004,27.0030335503258
24.15,0.0,41.02151506856342,34.03945222215039,21.849854534129502
24.16,0.0,40.686659475656256,30.605700277893632,23.232566982934873
24.17,0.0,38.913861180091516,35.358508298877325,28.49561615691447
24.18,0.0,37.6031872109829,30.720406507903775,24.30155704797959
24.19,0.0,40.84836482050684,30.635205665324417,24.12341869469526
24.2,0.0,40.66423445970306,34.55954108087456,24.977034562369152
24.21,0.0,37.25141290617103,30.917724447778063,26.724134757151738
24.22,0.0,40.10806833580702,33.89355219003859,26.916153239960572
24.23,0.0,42.69768546358807,32.809885638663914,25.743799325194505
24.24,0.0,36.23685800663403,30.32866704250053,27.1718725742906
24.25,0.0,37.47829665034919,31.841536256744575,26.248865210487878
24.26,0.0,39.05240570638967,32.72799252082951,24.97653764637941
24.27,0.0,37.94152897438949,30.708615918040028,27.023127464386206
24.28,0.0,40.49227170217408,30.64015063349844,25.81498918975617
24.29,0.0,37.71714481235485,32.50908759244378,26.723711537572175
24.3,0.0,38.20686407780914,29.06175999103292,27.957074784240653
24.31,0.0,41.3320088519941,31.75276618178235,25.950366905257784
24.32,0.0,37.54568627738891,30.736888659914435,23.376284958004213
24.33,0.0,37.58087074296516,33.52921412956508,26.18409741927195
24.34,0.0,39.83909310844805,35.92331153443765,24.070260009810823
24.35,0.0,36.84009469696389,30.21100691469847,26.36111840455448
24.36,0.0,40.42232111004024,33.48356907017635,30.111030927253662
24.37,0.0,34.8192143816814,32.96821207334905,24.686159768930217
24.38,0.0,39.938654366569594,30.055555822839406,27.041475742839147
24.39,0.0,40.310499631029806,34.83492413616936,20.768492594567288
24.4,0.0,38.4155629196623,32.33056416391895,24.795192497444088
24.41,0.0,36.43043271846614,32.44359623400631,26.521118205767205
24.42,0.0,36.18296212378861,29.536541831140422,23.106600953116114
24.43,0.0,38.83940869675507,31.380277721267607,24.173763170542372
24.44,0.0,34.41757807917992,30.071128175856987,24.14697275640404
24.45,0.0,35.12970293462057,28.80706855125554,22.93064610912401
24.46,0.0,38.14211320387004,31.157483799237685,23.149326990118773
24.47,0.0,39.541321533048105,31.78172317520526,23.79279304306528
24.48,0.0,39.44259724025538,33.009512586247666,22.304233649891657
24.49,0.0,34.0477570033096,32.8291311032104,23.715986894694094
24.5,0.0,35.46316522422828,28.026713954205782,21.981156585662454
24.51,0.0,36.491957033073206,30.650823303206,24.57574665807681
24.52,0.0,39.03814869948912,25.809903143105487,18.596465656746446
24.53,0.0,34.98837896099542,29.871022544355267,24.658006764885506
24.54,0.0,35.82884994260767,32.704256990943804,25.039927100546006
24.55,0.0,38.06754197647774,31.718297911694364,20.594227351779814
24.56,0.0,38.438646622655895,28.16639390219086,22.47367862348222
24.57,0.0,37.002026689686005,28.880111945066137,25.06953761996945
24.58,0.0,39.583261025271796,31.96126005608568,20.896788565918477
24.59,0.0,36.421256652773394,30.780183437824306,24.014444926063447
24.6,0.0,37.00448842677565,26.270122111731673,19.477757732351776
24.61,0.0,34.085052622821124,31.620682441383906,22.592546232206114
24.62,0.0,37.52227275480448,33.046668300507605,25.065121434860675
24.63,0.0,35.73048727827898,31.06891747376925,19.164711598887436
24.64,0.0,38.15881220307605,32.19904462251191,24.520401631004194
24.65,0.0,33.86132450002357,33.78085911053034,19.286607495193664
24.66,0.0,32.29940498506438,29.07905100815327,20.279903559635954
24.67,0.0,38.13812061866892,36.12878670852669,23.806240829886278
24.68,0.0,34.85583206639912,27.6947071295799,21.689899026954
24.69,0.0,39.20531070598484,30.141362796331858,25.33411990385638
24.7,0.0,37.153539460613665,30.244591346961595,22.54929269680368
24.71,0.0,34.92548026074497,32.672677683078774,20.069255227387746
24.72,0.0,36.915058931913165,30.93370571350514,18.76000320818991
24.73,0.0,36.09752871895296,31.12636505812149,24.910902949019253
24.74,0.0,35.97072640446862,29.668484009034344,20.233611894358184
24.75,0.0,34.74042757950135,26.700351944127206,18.30279478290626
24.76,0.0,32.44285825467798,28.819725285264347,22.01312389429601
24.77,0.0,37.48745751636449,33.918862886625995,21.107509977204398
24.78,0.0,33.39489607055671,30.673618277407346,24.125482784053474
24.79,0.0,36.44351381805987,32.55214511013738,22.783833189539514
24.8,0.0,31.596144077992232,30.795548274634086,26.139944801673018
24.81,0.0,36.87877693636571,30.251494226406695,15.134933077930366
24.82,0.0,32.06298458767076,26.18502312311053,22.630749864589358
24.83,0.0,35.2190783818979,30.2959126515003,21.117808975319477
24.84,0.0,31.690835071886916,31.84302104535439,24.22771923205348
24.85,0.0,33.14565379446804,28.495681167365017,21.239915833988835
24.86,0.0,35.07581816875526,32.54795369495295,24.236069589656108
24.87,0.0,32.09879018636242,31.295497899795695,22.515128000077997
24.88,0.0,27.531117360310503,31.688941189624085,19.854562778644226
24.89,0.0,32.52270334507367,26.783184316189423,23.590096230482786
24.9,0.0,32.91125195683455,36.06069287405062,19.168642141461113
24.91,0.0,34.69650563349371,25.9426882435243,25.334614579007134
24.92,0.0,37.71910482994213,28.541647253023545,18.727891159291946
24.93,0.0,29.18260817103323,29.323441298076617,23.095216935261472
24.94,0.0,31.00460882566441,29.371407256642897,20.347491287184585
24.95,0.0,34.30116319905085,26.16588339003748,19.487112808034926
24.96,0.0,33.1200262561803,27.28299457774342,21.841294903567487
24.97,0.0,35.43292113138927,31.046962800152645,22.60206011706985
24.98,0.0,35.98356993617264,29.225598765611533,20.040026105709504
24.99,0.0,32.92016463910793,28.020181090802783,20.99873097334479
25.0,0.0,34.667698968404366,28.167050690756398,20.99386444171283
25.01,0.0,31.309813676655757,25.345049144731107,17.635438866251018
25.02,0.0,31.936240309328994,26.507889273420094,21.98396217643086
25.03,0.0,32.828843929742085,27.745448878357248,21.71831252559566
25.04,0.0,35.70333126919513,29.476376810188103,21.236581958566543
25.05,0.0,31.255672173872565,27.678796174339897,21.555023038961256
25.06,0.0,33.21445970632435,29.489312105551626,21.899448256666343
25.07,0.0,34.00790729123621,24.897534291736815,20.271620259596432
25.08,0.0,29.732065446693714,31.18337967799868,20.25780663214378
25.09,0.0,34.74996366468485,27.093147597358474,20.04145982654839
25.1,0.0,37.84419654601359,29.78123423244008,23.8813630416982
25.11,0.0,33.377042242632086,29.212758716325713,21.747482013598713
25.12,0.0,30.051965108476935,24.373764947744707,20.427541631662447
25.13,0.0,32.02892621768979,29.51356201778832,20.15315581930535
25.14,0.0,36.06017394341043,25.66969429353497,17.673612242483475
25.15,0.0,31.26828871362894,25.95512074197751,23.545498677763504
25.16,0.0,30.824238252794988,26.45023538290366,20.888309080225113
25.17,0.0,30.592367888768248,26.467608236926274,18.601772379230024
25.18,0.0,33.5720905810089,30.4732508978281,19.61189004128821
25.19,0.0,29.991248791249813,30.50617394633097,19.68047939053423
25.2,0.0,33.91671361671853,29.321442709166565,20.709206686435248
25.21,0.0,30.9072539202495,27.840172123290955,21.237637697915375
25.22,0.0,36.617722722852726,28.082012542674065,16.245868830883158
25.23,0.0,35.11017112322254,26.965000806518166,19.565855500249867
25.24,0.0,30.726880251277557,30.954538767788165,20.840698909188063
25.25,0.0,30.825163537006016,27.910237678927025,21.34776773855387
25.26,0.0,31.190559199258576,30.950056646784546,19.059131850929482
25.27,0.0,32.48196926105895,25.995538151515778,22.473233834287143
25.28,0.0,33.178735761199576,28.452645009017616,25.450923710089143
25.29,0.0,30.556009603095262,31.193640830991768,18.786712856246048
25.3,0.0,33.672690858814924,29.05780615643722,16.18217988210461
25.31,0.0,29.863337925471427,27.32247604685788,21.42143639028601
25.32,0.0,31.671064927925784,24.424747070693456,18.87253329414408
25.33,0.0,30.680565706743398,24.664089021275764,19.350228032410154
25.34,0.0,31.626392802684865,24.190566373224854,23.109637025716474
25.35,0.0,30.45245090997342,25.772765568930833,21.934752651620755
25.36,0.0,35.779128367617545,26.822174173459285,19.20396420617632
25.37,0.0,30.89640122028394,27.789396525562935,20.963632019676062
25.38,0.0,31.092684393878947,25.349896266157206,19.846443835740924
25.39,0.0,34.72653159806892,23.348676858495416,21.234911141882396
25.4,0.0,29.362150686468162,28.360318775898065,20.55095540281424
25.41,0.0,30.893389553790577,31.55075256020744,17.144066984132525
25.42,0.0,32.382597955487434,26.61678536405888,17.807251673997666
25.43,0.0,29.54779795030085,27.81747465305556,18.666254853234015
25.44,0.0,32.64011877768004,26.0242068443719,19.32213128675881
25.45,0.0,31.636942625596443,28.21792429234061,21.01946704443893
25.46,0.0,31.746215723935475,26.6996609910677,19.76113124639962
25.47,0.0,34.398367886841626,22.475051246370107,19.240444553428254
25.48,0.0,33.38735775591521,24.41828983721053,18.44565832901294
25.49,0.0,33.68609990247448,30.47129892233757,20.724760657584017
25.5,0.0,32.63866526312488,25.518372404630654,21.0326944416355
25.51,0.0,33.78507748326742,29.105876646554183,20.5507625677475
25.52,0.0,33.416746093053376,27.730102820260935,22.616035242098388
25.53,0.0,32.569584086434105,26.736147078467457,16.943360360829594
25.54,0.0,30.15286142653555,29.354008236609523,15.947449378089564
25.55,0.0,28.777038344571313,26.52940274399702,21.602132650387762
25.56,0.0,33.287232393610616,26.07483563780584,23.643705000211543
25.57,0.0,31.631021502562024,28.205142758665993,20.086341887509548
25.58,0.0,32.085666903194735,27.5636751786887,23.284800255789033
25.59,0.0,32.15954324726505,26.007250936288166,23.472905534049495
25.6,0.0,36.57510776598025,26.877890687056286,19.420189003234434
25.61,0.0,32.87506573217229,27.376991494990992,21.127056866309875
25.62,0.0,32.97159174911102,27.45731415260475,20.788373692895895
25.63,0.0,35.053738081816526,28.370540520339386,21.379786823604693
25.64,0.0,35.31138810846892,25.794209288361934,18.902474215398353
25.65,0.0,33.086598531869015,26.35964054269141,21.989540145419177
25.66,0.0,29.24866429584538,26.671817748220466,22.42730800728272
25.67,0.0,35.75955183024633,30.34772967159403,24.977778530570127
25.68,0.0,36.679376433442386,29.297331573310114,22.223838479914445
25.69,0.0,35.329218472935736,27.15082972557101,20.701028951708683
25.7,0.0,32.387968329050175,25.855527785796802,19.183708478134168
25.71,0.0,32.47491596023943,24.110426151120944,21.839875495628313
25.72,0.0,33.269589978156134,28.85903860084782,17.324462698876886
25.73,0.0,31.803110618732468,30.41912638287608,25.19074067209941
25.74,0.0,34.666400882162996,30.849953546361746,24.086638313528432
25.75,0.0,34.50230789349241,29.12581470901092,22.24112149223973
25.76,0.0,34.65561189462824,32.58706458989115,21.46981050313256
25.77,0.0,35.18619424691766,28.167511873482262,17.70698488283317
25.78,0.0,34.30651408127636,33.28328652036952,19.164118516330916
25.79,0.0,32.40076543899675,24.829928034818693,20.57400182741502
25.8,0.0,33.367771996389045,30.336116974940282,24.58488086525993
25.81,0.0,33.02947191066552,29.895044034224487,23.695889285704148
25.82,0.0,33.12143414610236,23.860523275924468,19.26115798524464
25.83,0.0,35.57817382440527,29.811856246395482,21.45237288839651
25.84,0.0,37.03992060718192,29.62337408472668,17.48351797810034
25.85,0.0,33.4254588608141,27.95354748654094,20.44192115076815
25.86,0.0,35.09171381234493,31.22880687307459,22.63483171578735
25.87,0.0,38.40751929873436,29.228454716650567,23.07323730647577
25.88,0.0,35.43327257555383,29.47562378574272,22.10322972745719
25.89,0.0,33.556461519755885,33.54307106540265,21.80829323924513
25.9,0.0,35.5129515006171,28.93321673793917,20.60727849522107
25.91,0.0,32.54423636758587,28.723040423934226,23.569994265287683
25.92,0.0,32.885355117313686,31.046788405624874,23.21140838383844
25.93,0.0,36.0517704262656,31.018162787268967,21.550329582378996
25.94,0.0,34.39697470302144,29.270506897257583,22.67116772827189
25.95,0.0,39.069261288717954,26.060734668568493,21.098340451233693
25.96,0.0,38.24786364308305,33.23350195532406,24.713628809102175
25.97,0.0,33.295847377213136,30.9293877143905,23.58797831081067
25.98,0.0,38.34663294008163,27.95875770071971,26.31177404747173
25.99,0.0,33.758743098256474,31.104072149072383,23.887982985895803
26.0,0.0,34.98940040135158,28.347758714635173,21.260967809972094
26.01,0.0,35.14082286515513,29.217179315881648,22.724694992232255
26.02,0.0,31.241507396824886,27.528612936467965,24.334484125840753
26.03,0.0,33.49348610735269,33.55138147337095,21.61529904929897
26.04,0.0,31.797207952309652,30.766435572749796,25.414727273821814
26.05,0.0,35.81683113424728,31.849338984438152,24.642529152868946
26.06,0.0,35.26715384422246,35.71061117939625,23.418253006391957
26.07,0.0,34.81610962577285,30.358455852518624,25.545776832345748
26.08,0.0,37.59651119220464,32.61913967837109,21.214580078276818
26.09,0.0,36.949960574058075,30.10319807153645,27.519139566493216
26.1,0.0,38.189708817669406,34.38414154862912,24.0458446853652
26.11,0.0,39.714489361286944,28.66699856165954,23.59046648861205
26.12,0.0,36.294444284698486,33.15300553000682,23.270878053203234
26.13,0.0,34.49443828766898,29.050396075113333,21.635887336437367
26.14,0.0,36.543173168993945,33.42369653096947,24.677132262667044
26.15,0.0,35.636625514054785,29.3402864049774,25.14183211635043
26.16,0.0,38.068711800846415,32.227658294611416,24.463550308135996
26.17,0.0,40.15838713851376,30.687646587123037,22.995438153478364
26.18,0.0,37.72903189713184,30.59543845395317,24.989837445821237
26.19,0.0,38.999415195299036,32.03512155840842,23.198181026229516
26.2,0.0,38.420220108229884,27.801782307106713,24.159383019766896
26.21,0.0,37.29223252493777,30.003869562366983,24.513448885400724
26.22,0.0,35.36348785486387,30.494029262606645,25.109322685782008
26.23,0.0,39.61799431694196,31.680922451180994,24.641605713898162
26.24,0.0,38.632651435247304,34.65208080357409,21.18245632080491
26.25,0.0,39.55385417971187,31.97948136375415,24.51884110723374
26.26,0.0,35.09131288800995,33.16542484987204,21.644091065000666
26.27,0.0,34.24112233613714,31.964324781942672,26.841550790876084
26.28,0.0,37.748481127150825,34.18193880096982,25.482238625950004
26.29,0.0,37.36731851098825,31.991030111153584,22.62954652092698
26.3,0.0,38.4095443940991,33.12193465547207,25.565061661708565
26.31,0.0,40.50749734550393,38.40606394746145,21.555785317328226
26.32,0.0,37.48275631169046,29.383071483806546,27.546859353038858
26.33,0.0,40.317388678885195,31.763466552210737,23.175917628965813
26.34,0.0,38.75162479367172,31.857189139959985,25.832076254028564
26.35,0.0,39.797438447766574,30.297536586018698,22.858897996044526
26.36,0.0,39.10208002040788,35.195364435973026,27.3736745176976
26.37,0.0,44.34485343746383,34.040271148802304,24.774059246145065
26.38,0.0,40.30373007350908,31.71772570753806,26.189751914657194
26.39,0.0,41.282801795364136,34.99022324198381,28.705460929985755
26.4,0.0,41.14640282197088,33.54940788954806,28.98502799897174
26.41,0.0,40.77125089411531,32.88765908186516,24.791696496728946
26.42,0.0,42.89127106366947,35.13067207764381,28.813558365512286
26.43,0.0,38.26125527502974,31.773039292603684,29.498704861893128
26.44,0.0,40.38204295051206,35.82575765206177,26.096291778382987
26.45,0.0,38.64056052729179,35.71660455168742,29.056070199212854
26.46,0.0,38.999681663921415,37.0348932488376,29.789094318002235
26.47,0.0,41.14393528704537,36.46352182957461,27.810296317430133
26.48,0.0,41.31572757800326,30.719382013746273,24.659283956750595
26.49,0.0,38.034898976776134,36.90634984067906,26.305682843860478
26.5,0.0,41.76265419291339,32.18826948194054,29.095112884142086
26.51,0.0,41.37821112246861,32.95545185313734,25.685734316208208
26.52,0.0,41.725387385551166,37.36611044383432,28.888601009115682
26.53,0.0,44.43773415582186,34.67690880022024,27.094328157798238
26.54,0.0,41.68362784688344,35.8069450097053,24.5857874608046
26.55,0.0,40.78219657631231,33.0756337104699,29.787474982498956
26.56,0.0,38.23503802254336,37.36198352177401,27.686677359435492
26.57,0.0,41.38834937983011,33.50318015002095,26.685195605855032
26.58,0.0,38.675715877054785,36.13515278521643,28.84545086700469
26.59,0.0,43.049011815178645,33.889388114173244,30.37982056962903
26.6,0.0,43.72732786255075,36.315323616498915,27.787393139697294
26.61,0.0,39.98756550142374,33.93785903383541,26.808444844166864
26.62,0.0,39.55414723549103,35.64535979807104,33.98935817419576
26.63,0.0,42.59526139645073,36.27669670600961,32.288261849354534
26.64,0.0,39.74606763401598,36.10671436103195,30.92794570993817
26.65,0.0,41.69141228111958,38.25475473901741,25.531528466395308
26.66,0.0,42.0798983816338,34.77006069951213,30.760275113395107
26.67,0.0,41.22217451935773,34.84761104994861,31.730619106472226
26.68,0.0,42.6754429693155,34.16366130062852,29.133421079073187
26.69,0.0,47.14597973101097,37.69113430985584,28.768815320703208
26.7,0.0,43.28189621526599,35.30023456223794,28.2044860343654
26.71,0.0,38.135345285840806,34.54771024340764,30.96558930270555
26.72,0.0,41.28319253822061,36.30272824607973,28.102506325653835
26.73,0.0,38.7277844716285,35.75161929288587,30.258502437525912
26.74,0.0,41.90117561191465,37.324749824638346,27.30789677255773
26.75,0.0,42.4469760648442,36.22873035950818,29.064433515854198
26.76,0.0,41.47161789466728,36.19736493524958,29.078805596192943
26.77,0.0,42.47892896348209,36.027793564477385,31.555038666822753
26.78,0.0,42.62048258508631,37.78442068610967,30.25413304523766
26.79,0.0,42.46736015649225,36.914874483703116,29.307543378148235
26.8,0.0,42.045859969377126,36.36397575447596,29.237547635276425
26.81,0.0,41.106116460739266,35.22530664361909,31.0719673145721
26.82,0.0,41.66388291657502,37.30762563032129,34.489968985697594
26.83,0.0,46.08836858924461,38.27682528419237,31.477948869182164
26.84,0.0,39.72561791340775,36.75938654262814,28.758301054564487
26.85,0.0,43.0655674644629,38.67317458028116,28.828410971795776
26.86,0.0,38.695882797522835,38.98379654291407,28.403448071087343
26.87,0.0,44.139414687884205,34.138147671355476,30.300228752293656
26.88,0.0,41.41477007284744,33.80574389920576,31.222116892261568
26.89,0.0,44.63012340002856,39.05141552901369,33.10385361688406
26.9,0.0,42.77351641261371,37.96363525749329,28.3402298649557
26.91,0.0,46.60979225769016,36.43904326348152,32.346611408986995
26.92,0.0,38.80582546845217,40.613435638548914,32.37177677904913
26.93,0.0,43.161228093521125,36.44466682928115,31.985801551088485
26.94,0.0,44.06469785037757,38.461685604827906,30.68060798038275
26.95,0.0,42.84033566844643,35.5717846476196,29.48436434368873
26.96,0.0,41.13123463580606,38.4898484911934,32.54515972392851
26.97,0.0,42.6055754683489,41.09963783181674,32.47566774670858
26.98,0.0,48.69095896644677,35.67483741000285,30.922934170173775
26.99,0.0,41.350264693741124,37.53067120164689,32.380182264608806
27.0,0.0,45.32616848440249,36.506010695512984,32.91466677804777
27.01,0.0,44.861573635452764,36.675761867673465,30.846486606920557
27.02,0.0,42.67898631886538,35.31535198770742,31.960599399457678
27.03,0.0,44.46733636159183,41.10246094299476,31.36919967174699
27.04,0.0,43.709720261197084,38.194598029292926,30.986244132576232
27.05,0.0,46.834559793204164,38.01003619587997,31.5427064844885
27.06,0.0,38.98350381632183,37.57939645880113,35.21289212795721
27.07,0.0,41.99745778137296,36.86038969696968,28.82330756576081
27.08,0.0,43.17610929939625,37.86909835836044,32.48865344057418
27.09,0.0,42.16961985413264,39.112336401548546,32.98608811862946
27.1,0.0,48.687856157821905,36.19353623027394,37.067227470319146
27.11,0.0,46.52388878925404,38.41385115718639,34.80969530955802
27.12,0.0,41.59684846502898,39.49642223880485,34.526540979379625
27.13,0.0,41.840774565028,38.06094563627735,31.147700186023172
27.14,0.0,42.37972230284712,37.228800825192074,33.15143236763926
27.15,0.0,43.88143020849254,36.81765181789504,34.51811056776416
27.16,0.0,43.93941119253673,40.6764209005986,34.872945785113174
27.17,0.0,39.86633556023597,39.87433934085145,33.3951709761831
27.18,0.0,44.70031063776357,36.2332288726668,33.43876117602949
27.19,0.0,42.01130259871116,40.122208987384354,37.39757068551232
27.2,0.0,45.182647325397355,37.064666710104014,38.85640548059503
27.21,0.0,42.34183594112409,34.726932289629,36.37672588410387
27.22,0.0,43.789902271468044,39.70481952518345,37.32639856043517
27.23,0.0,44.10353906230522,38.97376939150899,36.19892734635593
27.24,0.0,42.56975381473334,40.157249428142585,37.4125744481035
27.25,0.0,40.61914605730673,39.662585637453475,34.116820425281325
27.26,0.0,42.665457632385774,42.03251526669764,33.44368876521258
27.27,0.0,42.89116294713589,38.10710792968431,36.003586202806694
27.28,0.0,46.08515505718086,35.9996757862083,31.405099529062877
27.29,0.0,40.54261092288888,38.05102761563485,32.820383176446306
27.3,0.0,44.032907584067146,44.285685252442846,31.941287157597486
27.31,0.0,42.686643728439165,35.746182578747685,33.57420723380752
27.32,0.0,43.61763438257805,36.639175882738186,33.40676916192291
27.33,0.0,40.47140805725141,36.681027207601446,35.899580011692734
27.34,0.0,43.28543500808967,38.45382365843471,35.932588205895485
27.35,0.0,46.614135079877414,36.347940644601344,36.76766486313569
27.36,0.0,42.99373310500142,36.57957147042316,35.47584189697614
27.37,0.0,41.83781683670573,40.568207863830516,35.386355283643155
27.38,0.0,43.802444037921816,41.44857217298058,34.53771078961012
27.39,0.0,42.33261420117495,38.02927628862759,35.10634618959635
27.4,0.0,44.84152959379277,38.431487847289425,36.06512368492304
27.41,0.0,42.0040915843694,39.88017057951903,36.31296555979299
27.42,0.0,40.41741350461411,40.026579790347505,35.74000614113672
27.43,0.0,38.589779526040964,43.691037140112066,35.0755949482735
27.44,0.0,42.67539731923067,34.52539044924485,34.03609438691138
27.45,0.0,40.45943383501191,35.64497414364014,34.75739198985564
27.46,0.0,41.780392421236094,38.5387918117861,37.38703691506599
27.47,0.0,41.929615389757,38.000631156891295,34.846120724139155
27.48,0.0,40.92065259318387,37.35514809656989,31.87250890460152
27.49,0.0,42.43982245513817,39.3490222347901,34.78076920938482
27.5,0.0,42.83514416083975,39.6070018121097,35.72229362449882
27.51,0.0,40.97554404426349,38.700631978223605,35.325409605720616
27.52,0.0,44.04817028212909,36.33850706985041,35.502379311773915
27.53,0.0,43.927000068617694,38.77642502141381,35.196540848012475
27.54,0.0,41.69326153987252,36.813176464589105,35.84391162776318
27.55,0.0,43.04662671526561,39.25473168525835,38.3592686450222
27.56,0.0,43.095079671767216,36.879468426414356,33.85021834518885
27.57,0.0,44.9845047659827,35.30843571235422,32.968895661180035
27.58,0.0,41.15140383771072,40.212851880475434,37.20193252664888
27.59,0.0,41.006878214832994,41.83559417848443,34.22580156300282
27.6,0.0,46.47755299078855,39.92800241141832,33.73158202187952
27.61,0.0,41.95230561429414,38.96668993113182,41.34476724423915
27.62,0.0,44.69758198613425,39.8192458268613,34.96955060609056
27.63,0.0,43.74810965574682,36.7537896237946,35.128770050811745
27.64,0.0,42.4694206956594,39.04626453518648,36.91449855433659
27.65,0.0,44.18172723032721,36.79614117362636,36.314507158415815
27.66,0.0,40.55023958035506,38.815801249742506,37.74801218999259
27.67,0.0,42.486982640717365,35.68228668385911,34.388508971407795
27.68,0.0,43.43248455039179,33.85194166731803,36.712830973579344
27.69,0.0,41.55003876781402,36.837817273899404,34.83754450568559
27.7,0.0,42.95513618724807,42.20499183901805,33.37463479242844
27.71,0.0,39.879374164942746,38.93897667405863,33.209345784420975
27.72,0.0,40.8871362120752,41.02786300688149,38.71683230045175
27.73,0.0,41.74975402973699,42.39101567191427,32.864594366916315
27.74,0.0,41.51595259685438,39.37151082543299,36.849664296820684
27.75,0.0,45.17076559408325,37.50401311370568,34.033312372802726
27.76,0.0,39.906307515126734,38.79924399027965,40.383902611447276
27.77,0.0,41.32178483120443,38.97379568595485,34.94583415449149
27.78,0.0,39.749498734651695,41.095200589901346,34.21739392930042
27.79,0.0,43.585076808550134,36.88070442207491,31.293012906939204
27.8,0.0,37.3662027201505,41.042005689074195,34.47512096256722
27.81,0.0,41.262236069696996,37.08573119584662,34.484089274226584
27.82,0.0,39.09712912813824,39.82376091142464,37.67894679124209
27.83,0.0,37.42666493623283,40.56011926415935,36.13265223209564
27.84,0.0,41.235571245032645,36.14588733912949,37.07731475049522
27.85,0.0,38.62976031078112,39.77788952058091,36.68412897017768
27.86,0.0,43.02210935798719,40.179940975489885,34.41842564005641
27.87,0.0,39.52482779578355,36.03632604882437,35.991434197623775
27.88,0.0,39.326639744083906,36.67434865509819,31.87641662894751
27.89,0.0,39.25440444021004,39.75873944469007,35.77197247626138
27.9,0.0,40.15105827229758,39.023686354469596,37.14620148320172
27.91,0.0,41.03535203823712,35.0205742783842,39.05141223908501
27.92,0.0,39.759921854434765,35.76885723054436,37.94425167436777
27.93,0.0,42.35711522469977,42.23133794373126,38.5601979875305
27.94,0.0,44.14560195399453,38.010427286788065,34.59477664226098
27.95,0.0,42.62529695151591,35.52035925584301,33.18724378475434
27.96,0.0,41.103904301718764,37.96150016832129,35.64546552266879
27.97,0.0,40.37867904042955,37.943972599444145,36.146888406647484
27.98,0.0,40.70986163270873,36.58902971908165,36.83425289212324
27.99,0.0,38.23111910367466,37.78005274142919,39.17789194244006
28.0,0.0,37.44293223224712,37.78418786721674,35.73684668325928
28.01,0.0,38.19755147947358,36.4266107356355,37.3841368603683
28.02,0.0,39.71815723062967,37.397521465436974,38.458048277193924
28.03,0.0,38.18076615246492,41.18893596582199,34.25532723285165
28.04,0.0,41.307670710943576,37.02520902116738,33.73421566023384
28.05,0.0,41.48065255540744,39.53252647705367,36.13080460423672
28.06,0.0,39.15238188607971,35.763513251515086,35.7587672508887
28.07,0.0,41.41969062348331,37.842879601345736,38.098617284721655
28.08,0.0,40.32469239499897,37.66036219549422,36.60991296126548
28.09,0.0,41.946952935891524,35.63617198699633,38.57352615160267
28.1,0.0,39.40106478499395,39.238060184839725,38.68940598535677
28.11,0.0,35.776453010260845,38.5098232863902,37.75544337201975
28.12,0.0,43.12011213684349,35.74535041884909,37.2751534545765
28.13,0.0,42.50783866560492,39.596733298215575,34.669442463607915
28.14,0.0,44.852523292311055,35.33029998308183,32.30007200534307
28.15,0.0,39.61756477988479,38.5822519873174,31.37030746197875
28.16,0.0,40.32448162215123,38.304914561241034,38.6382609701015
28.17,0.0,40.392574127012146,37.466231537250856,37.45051472964139
28.18,0.0,39.821342718619874,37.65788717382268,35.82622071529056
28.19,0.0,34.783354826150344,35.299677549883725,34.750503884067314
28.2,0.0,39.94916706861556,39.90703629467296,32.55659645972988
28.21,0.0,40.090675875836766,39.16756864923491,36.39553212846477
28.22,0.0,39.184570572030694,36.52388590226451,34.37598014132052
28.23,0.0,36.98447023328577,35.64997696018431,38.13808467474924
28.24,0.0,37.5204956087338,37.415095752077825,34.986730500712405
28.25,0.0,40.37635224143659,37.045528681520146,35.35594624525985
28.26,0.0,40.93027706259435,36.158970359570326,37.807153163253425
28.27,0.0,35.30202451520601,36.4302428673902,35.94538124477194
28.28,0.0,41.278858946962515,35.87160485875802,34.97265877720961
28.29,0.0,40.033777223132894,35.92341595318485,34.85619413629772
28.3,0.0,39.176125519176274,37.80661489018662,35.65448294396628
28.31,0.0,40.77066138172024,36.71126560624967,33.72212394041613
28.32,0.0,42.381730707837484,36.78184196699829,35.709441585652854
28.33,0.0,39.79762344357842,39.44580228139675,36.86865334017395
28.34,0.0,40.56098718794813,34.70098802339819,37.527345677274674
28.35,0.0,43.917013787396954,38.439237865406255,36.57433311784096
28.36,0.0,41.28736418055753,35.59174701523873,29.87931016856156
28.37,0.0,39.69101834355509,37.690798304978976,33.326788791490316
28.38,0.0,38.766054786154115,34.94915041549019,37.04757743478963
28.39,0.0,36.87676976134433,35.16546866142564,32.59238490297719
28.4,0.0,42.9598904169009,41.197352353400696,38.273306650098476
28.41,0.0,42.68128477298622,37.32255672260483,39.165440550466954
28.42,0.0,39.54829764942544,34.47892867684967,33.51706027195611
28.43,0.0,37.0819942518374,38.11723447075757,34.92596628648807
28.44,0.0,42.587010993419334,39.73039839271551,36.17847743940961
28.45,0.0,41.88113721434315,36.36298109033095,31.790449686464395
28.46,0.0,44.535553182284445,34.51992624816402,34.86165104521661
28.47,0.0,43.13887658875438,34.54067966560576,35.38729134879777
28.48,0.0,39.298644925366666,38.26396808601836,38.546657726661785
28.49,0.0,39.117717099887436,33.98059751686441,36.624030134248365
28.5,0.0,39.92692876339659,39.07162968742876,33.35614486157678
28.51,0.0,38.94252159389372,37.04885649859126,37.121664646309256
28.52,0.0,41.88328518861198,36.07523088342255,35.0360410218114
28.53,0.0,44.23431987844193,41.02198894302474,35.17999781931608
28.54,0.0,38.56493121231223,35.44590669016002,36.52218996044325
28.55,0.0,41.95273164797354,36.55769203749833,35.320561371868116
28.56,0.0,41.72030475128389,35.448629930084095,40.7301190206463
28.57,0.0,46.873571847943545,37.7456350309197,33.91914894242889
28.58,0.0,42.70507605900794,37.46155098606419,38.006940729207095
28.59,0.0,40.22987989807642,37.59407153183577,36.96298184722095
28.6,0.0,42.128226308232016,38.770829743331234,35.05697358019756
28.61,0.0,45.6663862376041,41.13590833312242,34.66157436716898
28.62,0.0,41.39489366869624,39.941329313210844,35.59943377970856
28.63,0.0,42.61089788077591,40.19670604015704,35.118259619533134
28.64,0.0,42.50572999141662,38.52138966406965,34.340561373004014
28.65,0.0,41.047682199494105,37.69741626085117,38.37688840476094
28.66,0.0,43.29661085483488,38.59538394074498,36.18099405896472
28.67,0.0,45.9822663449768,37.203123681032494,36.79497949078034
28.68,0.0,41.09684899070059,36.264076396435286,33.43330587651072
28.69,0.0,40.54357912343573,42.93113850590084,37.45731752335606
28.7,0.0,42.17794780229548,40.33992923890581,34.55862765204079
28.71,0.0,42.499299362169396,39.42546885074875,38.605600705369525
28.72,0.0,40.507924512969716,36.40870352305699,35.0754432766114
28.73,0.0,42.91930228094722,41.96504994198476,39.60369641784057
28.74,0.0,41.054697987343395,39.73855310021822,34.78679576906112
28.75,0.0,43.48530675930893,37.9214979125739,35.76270873021529
28.76,0.0,44.3601867258814,40.038886501699395,37.695692232372885
28.77,0.0,40.785307754041014,40.58558505323844,37.00941293095119
28.78,0.0,41.86440408067855,41.80396271990892,34.092975923723465
28.79,0.0,41.621040193351234,37.99995709079715,36.43985417211772
28.8,0.0,46.164199168469914,38.71313682001565,37.72142051267792
28.81,0.0,41.66236393254913,38.39911791990591,35.719915755705365
28.82,0.0,42.48158618278474,36.025868254772284,36.04958776423758
28.83,0.0,37.608072080133,35.08612010548887,33.64128568892851
28.84,0.0,44.30292773791561,38.23604728886919,36.45390416558672
28.85,0.0,37.76827966924843,38.002526929897215,36.246919621755104
28.86,0.0,42.04314654563083,35.144976243995615,36.87626822704458
28.87,0.0,45.31481948222215,36.31063010258349,36.340627687731256
28.88,0.0,44.53001456354766,37.17716598213305,35.46870964724074
28.89,0.0,43.30762992937606,40.915946837610136,39.04345311027297
28.9,0.0,39.749947054163826,36.30105398262051,37.007714357526126
28.91,0.0,44.03506309960868,34.386743480755456,35.2569220529197
28.92,0.0,41.97828282746071,40.107434005415634,32.316716082862484
28.93,0.0,39.82831839293576,40.35608708727647,38.734918988429975
28.94,0.0,41.49265506722129,41.50875917449355,35.831338584185445
28.95,0.0,40.10610389642619,42.56389296933553,35.417534181240136
28.96,0.0,40.57437505729811,36.161936064975464,36.69859387867581
28.97,0.0,43.7106840969753,39.33112882224707,37.61865345579005
28.98,0.0,41.901487559215866,37.059978430343605,38.135337609639954
28.99,0.0,38.19456449989563,35.58351322548529,34.64703191901255
29.0,0.0,41.67305390356456,34.96645463565065,37.441042746061335
29.01,0.0,43.12587828204904,35.74072580121171,32.25843819902188
29.02,0.0,43.64458000308201,35.55125461954162,31.89023152254058
29.03,0.0,43.56880241135798,38.584784749038825,33.51621188619306
29.04,0.0,41.87335210831667,34.035134602014296,36.46410401652546
29.05,0.0,46.13786495909748,36.14145117453692,35.10304507867737
29.06,0.0,39.411073827415436,35.1142122647564,33.95121712397584
29.07,0.0,45.41023092379516,34.182839558643664,33.79910622598381
29.08,0.0,45.140005214650614,40.15562522885194,34.454611405265496
29.09,0.0,45.6448594864767,38.23697268358992,35.91920685863208
29.1,0.0,41.25213686101213,36.31404742437946,34.10372385818871
29.11,0.0,44.48390586469985,36.266481573744024,37.7265577539276
29.12,0.0,44.19889501040542,36.7091773060872,37.32935895887985
29.13,0.0,42.3567507597835,37.28393402999874,32.74776395776926
29.14,0.0,41.33882332362982,39.98102149241917,34.16201218807575
29.15,0.0,39.43413162733262,40.955920360169095,32.23052642098736
29.16,0.0,44.3230817622728,33.418745232819376,34.84130415191085
29.17,0.0,47.093229679972005,41.33470946261003,35.94095213417352
29.18,0.0,40.56169591998386,35.80064343148219,33.50081704069906
29.19,0.0,41.98021495380003,38.549788127886764,36.16755087136639
29.2,0.0,41.94223471386807,37.8048259770712,33.08416769597765
29.21,0.0,43.83022713552123,38.474783408268706,34.797808046358114
29.22,0.0,46.22610410860784,37.47606535734915,31.007134216505918
29.23,0.0,41.45559805687452,35.92370818603622,33.347188143662414
29.24,0.0,44.35610776333735,36.20146552647181,35.03180209133076
29.25,0.0,45.25531349406978,39.00109924265729,34.36323012624828
29.26,0.0,44.686287132760214,37.97093450306326,32.69446759488435
29.27,0.0,42.86898544134259,39.47544623339571,35.72177533750488
29.28,0.0,42.23172259746661,39.5539913217681,31.14748198735688
29.29,0.0,45.5282743175959,33.094197624834095,35.147450179994784
29.3,0.0,44.741752520723225,38.193791005063744,33.1622135974206
29.31,0.0,41.175536838560525,36.15356913520442,32.38789133072931
29.32,0.0,44.22957462719619,37.18898409253794,35.16007962605159
29.33,0.0,42.110572372487766,41.4295208375554,29.598675782870124
29.34,0.0,43.11230803479703,36.11507748369704,31.548473160285834
29.35,0.0,44.35490977686901,35.0712737532531,32.33909286008836
29.36,0.0,41.401090484514036,35.569489381988014,36.33276486861101
29.37,0.0,43.0556671124796,39.05264259407796,31.151746282531004
29.38,0.0,40.397971584335586,38.74841079814586,33.04609584434903
29.39,0.0,40.952249833162206,38.846215110472876,34.30662125411364
29.4,0.0,44.120723788730615,35.89078464798665,33.54311728517342
29.41,0.0,41.625809370400766,42.63184871876269,35.02841329610423
29.42,0.0,39.33445808317084,36.59436804672124,30.752471915216063
29.43,0.0,46.502170751432686,34.87611448874813,32.39371390642433
29.44,0.0,41.85988272532751,32.89737237818576,30.460015896229255
29.45,0.0,47.10302711124107,40.578945944613075,31.62852322217527
29.46,0.0,43.89306301799998,36.41947091861158,32.97375652590243
29.47,0.0,43.16790928770081,35.375483988406565,31.470998957735016
29.48,0.0,42.11635491163819,36.93131959936514,32.68577795785569
29.49,0.0,42.95457047755935,36.30184156698123,30.831109058887648
29.5,0.0,40.58724864799247,35.88111566677882,33.576999820798726
29.51,0.0,43.0451400943223,35.03621138527895,31.737276002788978
29.52,0.0,45.067529647390046,36.59476492307467,29.765509114878338
29.53,0.0,41.880177142489195,37.995039895313525,31.944242103216876
29.54,0.0,40.86300002443178,36.47820272585339,32.13457922137107
29.55,0.0,43.83653387117945,39.43656555578608,29.477351066088776
29.56,0.0,41.20501603747205,38.067861964573815,30.624634425941736
29.57,0.0,42.12796011849378,34.558055363313734,32.14665516451842
29.58,0.0,43.318615652402165,36.77315692420695,30.33722112107324
29.59,0.0,43.30123900195497,37.7307080286709,35.9635104364111
29.6,0.0,44.66316835226481,37.569032050574926,26.591843247328246
29.61,0.0,41.51617868466862,39.44029579986136,29.68886846950993
29.62,0.0,40.04985503291348,36.83472328841442,32.12951927203997
29.63,0.0,44.708894421957574,33.98551569529965,28.791576708722054
29.64,0.0,43.66705389143622,38.740892987574604,30.975598891015835
29.65,0.0,42.723853817908505,37.336849461228105,28.95394187257862
29.66,0.0,43.2101104041708,32.236400923747084,29.256697282827428
29.67,0.0,46.504001986673785,34.124240862682264,34.00077425403274
29.68,0.0,41.68438391507528,38.223131631170965,32.79930050560504
29.69,0.0,40.38608759818533,37.14651438963651,31.99594096206858
29.7,0.0,44.6014956521975,37.561822139085145,30.51721416665039
29.71,0.0,42.041747047635084,37.65593839665268,29.54296222892108
29.72,0.0,43.67123941314707,35.17759512686325,30.44362861567263
29.73,0.0,44.2761715176127,36.1196048685257,32.98929472709165
29.74,0.0,41.179950079041696,34.423290718731174,32.16490431017249
29.75,0.0,42.74640845651137,38.315035640822245,31.585194566630033
29.76,0.0,39.260292277772365,33.85430728838668,30.285944555326417
29.77,0.0,40.43249691092875,35.5135370244635,26.84790609346752
29.78,0.0,39.53730225488672,36.63877920360819,30.611494041319325
29.79,0.0,41.7448432754205,36.963944773489445,30.10659730509073
29.8,0.0,38.2994129136848,37.45421447734341,26.076716034729753
29.81,0.0,39.63718538845448,31.8680288661252,28.77619673193059
29.82,0.0,39.443645268445664,36.33399408996804,31.092349230017494
29.83,0.0,38.6619995132599,32.30228008012665,26.482086649161925
29.84,0.0,41.653512495850315,36.0053265326689,29.987105561367958
29.85,0.0,44.29451997803385,34.698040759704384,30.22509803250464
29.86,0.0,43.486942544619225,34.433729658324694,30.484600760406153
29.87,0.0,42.85878645999608,39.44636598885231,30.815679045878667
29.88,0.0,41.126682352104986,36.46761747930512,28.01300864149074
29.89,0.0,39.16202466384735,37.42466297632445,30.04308470264917
29.9,0.0,42.73658094418229,36.69105994033347,26.862224622314955
29.91,0.0,44.54099527230559,33.915706362042904,28.026947295258527
29.92,0.0,42.83058654796445,35.09968403446037,29.314513849527852
29.93,0.0,39.66679962533504,36.453999035326696,28.14548386745952
29.94,0.0,45.25009901947665,35.26532401289167,29.344942139902017
29.95,0.0,43.0136740921877,31.792960911453704,29.054576915932795
29.96,0.0,40.383047580438465,32.35922737344316,26.07556300854086
29.97,0.0,42.42758114088826,34.13999602282467,27.64978659300678
29.98,0.0,40.322532998616964,34.75604833504323,28.92205123102641
29.99,0.0,40.33474740883676,34.44237930667556,28.47501032559226
30.0,0.0,38.23897199205722,33.930428062407515,27.697681651026727
30.01,0.0,38.69578292288179,31.814380538285647,31.407254491916895
30.02,0.0,39.94622683337553,34.40591295463749,27.383808036185766
30.03,0.0,40.62686843487727,33.72602765797595,27.500827141655815
30.04,0.0,38.58096211722003,32.995199409431514,26.98281499691191
30.05,0.0,40.606917539318296,34.47570186202143,25.843825132668208
30.06,0.0,44.70824637992846,37.02429264384298,25.369484363288517
30.07,0.0,37.905120657034296,30.66501226232836,28.735506470704017
30.08,0.0,38.432198573553734,39.29252924117171,27.88289864818311
30.09,0.0,39.835872472173165,31.00262790288349,24.70203557208193
30.1,0.0,37.5739830189449,36.22417275690446,26.787083718622014
30.11,0.0,37.23339046638404,29.392793763061583,25.32563643298961
30.12,0.0,44.85175323328251,34.51058974047298,27.167638625174654
30.13,0.0,41.32869362389454,36.78560534774482,26.694645832962813
30.14,0.0,40.76593875501204,34.79146029830532,26.210839532347478
30.15,0.0,39.54719047777008,33.5870248480612,30.293610459601272
30.16,0.0,42.1872549900854,31.598360196555035,25.72240634165637
30.17,0.0,38.97777306518151,34.52777519289066,27.021186755294565
30.18,0.0,40.31832859848177,32.99896216943751,26.65732730295118
30.19,0.0,42.160772013719594,35.05252747940933,24.351579790983234
30.2,0.0,35.63820695576431,34.32205261470124,25.981013363018967
30.21,0.0,39.40407531759563,34.09473158309151,29.267372603299815
30.22,0.0,38.60266914934755,31.054202713031298,27.4172371924999
30.23,0.0,37.33405618391795,36.54780464826486,24.232472068225096
30.24,0.0,36.41342424200243,32.4395522085494,25.0742656686836
30.25,0.0,40.44577295402744,31.1408895489154,29.53502325611831
30.26,0.0,40.14371943112269,33.9061805256942,29.3746739749393
30.27,0.0,38.21179729029823,33.2703520864834,23.55512294749355
30.28,0.0,36.43073930285935,31.02004124957347,28.263544210492803
30.29,0.0,38.68653449809214,31.718460117806828,26.87903389168842
30.3,0.0,38.81060112315126,32.429451587494675,25.752361039166768
30.31,0.0,39.34503244408876,31.308055774484988,24.60797258590763
30.32,0.0,37.13849087224947,30.260559510303352,22.78909959857666
30.33,0.0,37.27540563259729,33.246951044169045,24.850704247641005
30.34,0.0,38.34685326544303,33.2024219337847,24.026071084651306
30.35,0.0,40.37632209963973,34.197460610948454,28.394084719148402
30.36,0.0,37.341535559967944,31.117301287716593,27.443303966814042
30.37,0.0,38.675153934977075,35.37915813194592,23.880089667251823
30.38,0.0,40.33797798097951,30.34168620518881,26.302075334154253
30.39,0.0,37.807865844235394,32.09800290806295,27.214204673397948
30.4,0.0,37.14276711056947,32.21310632708072,23.9930265965904
30.41,0.0,38.444651058182714,33.119190537876534,23.103087622105477
30.42,0.0,40.62740815556343,32.78114016234179,28.909681480435133
30.43,0.0,39.921823128841226,30.836679649616784,23.896667963704374
30.44,0.0,40.69393150277971,29.17494879753222,24.31986088813582
30.45,0.0,39.32323900003183,36.79081636853826,27.58236979120038
30.46,0.0,34.57569315008935,33.247662481674844,19.97724492548856
30.47,0.0,37.95551850620265,27.928268512900015,23.832667976111257
30.48,0.0,38.308498003877695,33.19147246225836,25.849684543556315
30.49,0.0,37.52597713302567,32.512226135938626,24.608055380079318
30.5,0.0,36.91314592335043,31.874226899385043,25.98566462267988
30.51,0.0,40.88708454836405,30.754563288465608,22.817799677569194
30.52,0.0,39.43363540198247,33.42061367477949,21.58318226437926
30.53,0.0,40.201811535425804,31.33405601953894,22.536776055841955
30.54,0.0,37.19974960637387,30.788181461231297,21.773433179825034
30.55,0.0,37.318354591518805,30.39885230791811,22.22057825323669
30.56,0.0,35.92242611006702,29.45228948869255,21.538521207699304
30.57,0.0,39.33404326237534,29.78870835847013,22.201085725400745
30.58,0.0,36.67706552777072,34.13554808984499,22.29478398119364
30.59,0.0,35.01087913071563,31.252748783567565,23.104679967555107
30.6,0.0,33.7126594970868,31.21408065939332,20.1283336288852
30.61,0.0,35.5602413556884,30.083238441157025,23.256278644292387
30.62,0.0,34.890458957893905,27.64070053537217,21.131279118978455
30.63,0.0,33.50906461645552,30.111083936477034,20.3222994774804
30.64,0.0,36.2848539644004,30.53018733276025,23.3900530638928
30.65,0.0,36.41346057291251,32.60955781568937,23.91881850730745
30.66,0.0,36.023060567930486,32.38248324135145,25.614306987286923
30.67,0.0,36.173554321985684,30.085402422238325,23.12975039440543
30.68,0.0,33.42184330573,32.07811990931949,22.54192501675331
30.69,0.0,37.78677465605627,29.79783477234811,23.46177383445947
30.7,0.0,34.66669645214863,27.889047114335277,22.673283354026758
30.71,0.0,36.27729898306315,30.245277439788136,19.50185813862877
30.72,0.0,30.11901841244858,29.863689797505042,22.543330491718653
30.73,0.0,31.58072448451893,30.82282592779834,22.720625488333546
30.74,0.0,34.212607351790524,33.18685815432916,24.60521828589981
30.75,0.0,38.62844730232078,30.31192230252445,19.713041534894234
30.76,0.0,33.14611180413166,31.84042980762925,23.323351170905475
30.77,0.0,36.4654964023047,27.06590563620181,24.388713655114657
30.78,0.0,33.56523280096211,28.971172617055856,20.156568492951607
30.79,0.0,36.98976509698368,27.016726291599003,20.770639263168974
30.8,0.0,32.19327310925981,29.618395928471354,22.558139487413932
30.81,0.0,32.47463575096415,29.281358496502627,23.276081442154233
30.82,0.0,37.079991291640646,28.929131154731518,19.709902238386228
30.83,0.0,35.443597274477256,30.823444538035368,19.233856509593966
30.84,0.0,36.51405377000207,29.571748886617108,22.543159036911376
30.85,0.0,37.556949657907076,28.333659018339496,20.737602473999022
30.86,0.0,35.00078755088945,30.156776207806384,24.20381914207794
30.87,0.0,30.76679217936379,27.265261348157097,18.59467147976002
30.88,0.0,33.46344975746489,27.474953334974764,24.251528396931395
30.89,0.0,32.42493300844222,27.176360489771987,22.764498333806333
30.9,0.0,32.60444162605873,27.998020007883543,21.444130629210484
30.91,0.0,35.28193553842021,29.56725810894187,20.90368138714488
30.92,0.0,30.595012019489854,32.04621894417653,19.270512792837117
30.93,0.0,32.64060760004364,29.996284088309928,20.76357978941509
30.94,0.0,33.6006646524585,31.634749598791007,17.09279551413554
30.95,0.0,36.53091692221173,28.94409429402678,23.809982628501743
30.96,0.0,33.06917639262958,29.471006919328072,23.407571102273685
30.97,0.0,34.78903689851816,26.538487862320586,16.977230880179775
30.98,0.0,34.201268078110516,26.29654309230958,21.644296183863215
30.99,0.0,31.711908760838725,28.73981107711241,15.967631869248478
31.0,0.0,33.141783128320014,25.22114302483383,23.305325832892695
31.01,0.0,29.817413871636994,29.14558664693313,22.752093383988388
31.02,0.0,30.640272940095926,27.665894609953046,21.414665132736012
31.03,0.0,30.96826181259124,28.4533963903405,18.132823970386795
31.04,0.0,31.701350308498075,27.648235372348964,17.80625523348334
31.05,0.0,35.53182465439713,26.483803889053586,24.42435788410108
31.06,0.0,32.81742245342394,28.032069175854918,22.904878275545304
31.07,0.0,34.87881336051203,31.100260736270336,20.73835704408085
31.08,0.0,32.08248057544771,29.836813270746987,18.929275042725823
31.09,0.0,33.68800616276887,27.966960970326415,20.062617982691584
31.1,0.0,34.884317531466806,28.358663713070968,20.736947169482765
31.11,0.0,34.91891959117396,30.294425122585306,18.287137719902873
31.12,0.0,30.815529240640284,26.955736540744805,22.102619098866445
31.13,0.0,32.71063054548672,29.141328397079423,22.35425266445953
31.14,0.0,32.006396629955844,27.072267458597725,19.812791653642922
31.15,0.0,31.648930177074305,29.973904325100147,24.775057628718542
31.16,0.0,28.27321523362118,31.485216879566874,18.15312599043226
31.17,0.0,30.854490540380027,27.868440450771473,17.269992621270124
31.18,0.0,29.541474652578664,27.29502563609085,22.843326475364552
31.19,0.0,37.22627152383226,26.91893334903281,20.06641191895804
31.2,0.0,34.96804063863592,24.958724805159413,24.878799891426713
31.21,0.0,32.67506658482713,30.691713892835722,20.495359172212666
31.22,0.0,30.865766462690956,29.700995081245303,18.5262931410944
31.23,0.0,29.986877538723977,25.823214839926894,18.361066561703584
31.24,0.0,28.818251174768744,28.32076824916888,19.710896608385067
31.25,0.0,32.876446766447884,28.096204932896224,21.30539524022704
31.26,0.0,34.47602212232994,26.636936348356244,20.524146103379177
31.27,0.0,30.732620398252823,24.355567286730018,20.787451191200727
31.28,0.0,32.94780967778124,26.389490982189045,21.873105197507176
31.29,0.0,32.57786930633582,29.609227912464604,19.358754711446633
31.3,0.0,35.15140946584826,28.47528850663153,17.643207561232487
31.31,0.0,34.523165272659654,26.275665765332736,20.222908247663263
31.32,0.0,31.913228930896256,28.23243159537862,17.375396266976107
31.33,0.0,31.12801311718814,26.41861593287787,18.32990125876139
31.34,0.0,34.538317718053314,25.976969511862535,20.428988561895114
31.35,0.0,29.76157593658338,27.743850207582394,17.04969712489995
31.36,0.0,34.40996206424826,25.81195899099744,17.28767668973462
31.37,0.0,29.349839980448202,24.701559687558476,15.11225383611634
31.38,0.0,35.4217865911275,28.5826023063928,16.20687591195792
31.39,0.0,32.53904553413506,26.80935478852457,18.393314897024254
31.4,0.0,33.726211661224454,29.80990005155877,19.440951167761295
31.41,0.0,30.220772470826468,21.727777306829392,16.01814067995436
31.42,0.0,30.474464141429554,27.494521809288432,23.07032927239237
31.43,0.0,31.43548178428972,27.33799512149722,18.05899306318842
31.44,0.0,31.634668871480454,29.07352873877526,17.786338027158752
31.45,0.0,29.609908815301747,28.84570184981874,17.78058397794533
31.46,0.0,32.91030778447207,27.693833556274285,20.241821864031113
31.47,0.0,30.92316130841497,29.031476743063187,21.675144090860048
31.48,0.0,31.463909830779166,27.527175013374425,15.72983739799199
31.49,0.0,34.24730889389408,26.631204566584188,22.085682447796913
31.5,0.0,32.497792107098036,25.139908589665897,21.521567480640027
31.51,0.0,32.68572213418656,23.22377136360674,20.829097766507672
31.52,0.0,29.677447976323997,26.54929277441784,22.998882565685278
31.53,0.0,31.693810757626753,25.574251769767656,22.058097637835626
31.54,0.0,33.61410799435394,27.572020479597523,21.58753575641058
31.55,0.0,31.875727357890675,26.754543156348827,20.63798715070552
31.56,0.0,31.412465675079225,27.093915062837898,20.47661443656184
31.57,0.0,31.88108222914631,26.27185099300442,19.587762169184547
31.58,0.0,30.43191921049661,29.14672621570883,18.96202980327869
31.59,0.0,32.81586756129088,27.790372427546277,20.58259681905954
31.6,0.0,33.96526491970696,26.688304644135467,20.087101850706027
31.61,0.0,34.27177884120094,27.483514288304082,19.051096026245997
31.62,0.0,36.6237796584828,27.05124970048223,19.131016475530526
31.63,0.0,28.48920214150742,27.736952113252812,21.86959384146415
31.64,0.0,31.625356863956842,28.837089132469924,20.886445019148272
31.65,0.0,32.15841045622136,27.39169290376355,20.789360482960916
31.66,0.0,33.630029566115454,29.538620910308133,20.971981826496805
31.67,0.0,35.848391210044454,30.196971749280337,21.094998250791566
31.68,0.0,32.77543763697272,32.25825550161459,22.238015454978942
31.69,0.0,32.1038248989798,29.158363359396052,22.00824611305853
31.7,0.0,36.7221313697853,26.263279016202247,21.66407399123328
31.71,0.0,33.20637975042513,28.64124062450107,20.811791689223607
31.72,0.0,32.18665522006778,29.83732340294765,19.67482449403464
31.73,0.0,34.49699770533031,26.251156958134942,22.210293823763912
31.74,0.0,35.43835880572639,26.411271484605315,22.2124355143298
31.75,0.0,33.232021458014096,32.26190635409439,19.908892612936047
31.76,0.0,34.765867700210215,33.29184605207046,22.68140895249188
31.77,0.0,32.04354029721444,27.282555334518122,21.383072086047566
31.78,0.0,36.297773489178496,27.902915764743305,25.931570409147156
31.79,0.0,34.2245293901354,28.668658323672975,22.44873225290997
31.8,0.0,33.25008216624407,33.13060603353873,22.47372515525094
31.81,0.0,32.92143180509739,27.570304149463958,21.03284785898367
31.82,0.0,31.13705288106318,29.14774402673191,19.18132668528558
31.83,0.0,36.02703124001349,28.778548892500606,20.81698413207851
31.84,0.0,38.7818121579642,30.977498744490745,22.640801402090307
31.85,0.0,32.28921515508739,30.31885254731513,18.94516200728057
31.86,0.0,31.67035245158345,29.79622899446514,24.885738614021164
31.87,0.0,32.66953533116338,27.29834271195985,23.71289959358765
31.88,0.0,36.0526160183676,29.148451072052794,18.60180741862103
31.89,0.0,33.06396794974394,29.704275510658515,23.746899928953585
31.9,0.0,34.79201102101715,25.52802864000858,22.356638995449053
31.91,0.0,32.6491948564866,30.705560444775447,22.491834578766973
31.92,0.0,35.15341940770437,29.30971192808488,21.85008189263105
31.93,0.0,38.72276231309576,28.932525026102198,22.667458075355395
31.94,0.0,32.36061680312757,31.32738785507031,20.69900784006919
31.95,0.0,35.93312694532252,32.03730958397944,25.479974515784853
31.96,0.0,35.322515533183065,33.64033958772331,20.785676039988818
31.97,0.0,34.50688177077469,27.768878552347815,23.9994082729877
31.98,0.0,34.129700479095575,29.67635795376587,23.36464062820705
31.99,0.0,37.836977949772205,25.168845582153953,25.7010169866228
32.0,0.0,36.224151408137,28.537419312110373,21.152038393977303
32.01,0.0,37.36568506610453,31.8461970843868,22.095874771465542
32.02,0.0,37.76984828787625,28.85067901194208,21.555127782721346
32.03,0.0,34.39214203229,29.87581844367953,24.63537682224736
32.04,0.0,35.983994369202456,26.995182374538285,23.06722536042532
32.05,0.0,37.39449207783476,31.7028608422655,23.280346046956865
32.06,0.0,34.07671076536321,30.118256972288226,23.35260549678281
32.07,0.0,37.94790999879998,32.77304756268853,19.331677306911722
32.08,0.0,35.937501479437636,30.90791540613012,23.364881055287835
32.09,0.0,34.08752615465258,30.21828625638426,28.54579454779556
32.1,0.0,37.03656375013285,31.042159981297704,21.731091213442724
32.11,0.0,40.38743696832659,31.583003995421148,22.738680385303685
32.12,0.0,37.52008001500956,30.243065689477646,26.11500634909663
32.13,0.0,33.431491085819566,28.996530103091196,25.64518001101041
32.14,0.0,36.269460269629306,29.06309423753173,22.585795411864584
32.15,0.0,38.54581392122744,31.983080760344293,22.015807300288426
32.16,0.0,39.66937345561276,34.40645327861121,21.289716478680617
32.17,0.0,37.58347910109753,31.977046125831652,26.460877528213253
32.18,0.0,37.339942160231146,33.50881799142601,25.758957387868506
32.19,0.0,38.15977762244919,32.46883933776865,23.024766538952147
32.2,0.0,38.82340730554074,32.05446265909615,22.31920333418257
32.21,0.0,38.182132316928815,34.5266160795283,23.09768654848775
32.22,0.0,39.923317188127285,32.508703413304076,22.79022386600091
32.23,0.0,35.27296115198294,32.53258243980337,25.944277677925683
32.24,0.0,34.6691174389551,31.983861958439824,23.45512534826636
32.25,0.0,38.05783010750947,30.653357361928045,21.908969525041318
32.26,0.0,40.107340404738025,30.095616107943325,28.494676946700213
32.27,0.0,35.32390708598448,37.23035279155783,23.76075154116626
32.28,0.0,41.12574982057531,34.726173040407645,21.307637592618125
32.29,0.0,37.85335751513594,33.18425452264942,24.11599093682429
32.3,0.0,35.45061234377757,32.303963722383784,27.6410148216476
32.31,0.0,35.189902254382744,34.354234573798614,22.474308726498858
32.32,0.0,36.967231254365686,33.32997023260586,28.575417810735313
32.33,0.0,40.68714009714844,31.688383316440348,22.95582906509774
32.34,0.0,36.6099238270792,29.80316089070452,26.882100246334684
32.35,0.0,37.50716450144016,31.492517134491482,26.02378282463732
32.36,0.0,38.16964297297466,35.607182740920955,27.322285333797907
32.37,0.0,38.65389013362836,33.97847641997387,28.727823641942553
32.38,0.0,41.55743387463809,34.781441212927035,24.736523412443773
32.39,0.0,42.86743007523998,31.104807033767266,22.925841821024758
32.4,0.0,39.50988962600716,32.86997544856272,25.327107820165317
32.41,0.0,42.39609069760809,30.92960434560408,29.405801679785124
32.42,0.0,40.71200063252485,31.911829713377813,24.41414739657879
32.43,0.0,38.08907994779012,32.833140064138625,30.224245690020727
32.44,0.0,41.25727205563993,32.63840628065834,23.266318668243585
32.45,0.0,38.25266251753456,36.06701189122564,25.64512316733522
32.46,0.0,36.38581276213655,39.57643013015688,27.497971738199233
32.47,0.0,43.26862083765901,35.22082843351743,23.864165507414988
32.48,0.0,40.66022835669657,32.05027191399595,26.835149205663093
32.49,0.0,43.143976425141425,30.707887748251306,32.14395774968981
32.5,0.0,41.50877335479931,34.177169579867154,24.807349352586307
32.51,0.0,36.40555879925857,34.527403290837455,24.687170241773337
32.52,0.0,38.75500789412639,35.592759894144244,30.57609637794534
32.53,0.0,38.1893083862458,35.5226311907761,24.162031646454096
32.54,0.0,43.54170504045678,34.972369475614194,27.308077574229056
32.55,0.0,36.484558495638005,37.38718585672951,28.0518719364978
32.56,0.0,44.40279538343361,36.23896302621986,30.196463643053374
32.57,0.0,41.77725868792101,34.91339740125571,28.391728480960815
32.58,0.0,39.246791488717,36.649940995885984,28.563082347867223
32.59,0.0,43.42108755103469,35.17306712573331,28.145250957861517
32.6,0.0,41.906013779308964,33.845839308269305,29.456629771282024
32.61,0.0,41.96233090862992,31.535441384598748,29.59769618421234
32.62,0.0,41.04756118883533,36.095100467633586,24.511422952153943
32.63,0.0,41.526078301719316,35.973320655613634,28.816735890768488
32.64,0.0,40.056986031461264,36.03244897088989,30.17147065930578
32.65,0.0,45.706582052005274,35.887210970925324,25.594264283259744
32.66,0.0,43.706303386355295,30.207671125652055,26.57026805316007
32.67,0.0,40.38297530743549,38.143487128371426,27.56725373445666
32.68,0.0,42.34390289422564,35.76259525127297,28.39597391696926
32.69,0.0,42.37695589005792,39.557508377599156,28.196274276446577
32.7,0.0,39.85358028165339,37.993662993606094,27.599852678916772
32.71,0.0,40.87132867675988,31.37155550195754,27.33188646819065
32.72,0.0,44.495865099621184,35.31989901309485,29.774236373871965
32.73,0.0,43.16867096167617,38.901267408107195,29.513429342589845
32.74,0.0,39.498606057220364,35.196186384540034,26.161695876399165
32.75,0.0,41.05619765158157,34.71646539933657,29.577324745367576
32.76,0.0,43.49071715390751,38.32252082153044,31.649200913147727
32.77,0.0,41.50737761100724,36.31696146701841,29.932607416377934
32.78,0.0,43.38201832986264,39.84848407374127,32.97000126513077
32.79,0.0,44.58455927970414,35.73146718661045,30.81205275419143
32.8,0.0,37.35060988575424,35.185009376495856,34.12248491295171
32.81,0.0,43.45223518497577,38.2213828539594,26.625583242733786
32.82,0.0,41.542349951591646,38.0504017639813,34.41013657675227
32.83,0.0,43.07297018180785,35.630607164048484,32.89747374301133
32.84,0.0,44.501841862904506,33.17015444479331,28.85301124149385
32.85,0.0,42.29027399611531,37.249722953321935,33.12891052803068
32.86,0.0,43.07835907353397,35.71376762515328,31.584964683457777
32.87,0.0,43.21127720820272,37.0836312447621,29.12311236870174
32.88,0.0,39.330260778911004,33.97842111647037,28.70326005064979
32.89,0.0,40.71199751015614,33.0080910917243,30.453454920507358
32.9,0.0,39.13380255918962,35.6765458515237,29.993861728467817
32.91,0.0,43.50360101111964,36.67973068009624,28.22639072281872
32.92,0.0,39.383504200574,40.411795028128054,30.28295358802088
32.93,0.0,43.38608821584299,38.0264316903713,34.82102560527592
32.94,0.0,44.43053896835978,35.41597722057503,34.431597235846446
32.95,0.0,41.977648372725056,34.64331676210021,29.78037001958794
32.96,0.0,43.055201007017104,35.85293495465065,31.862432406784546
32.97,0.0,43.258159148002534,38.91609436687282,31.929131364589736
32.98,0.0,43.51191566235748,37.731174348873395,33.17854938677026
32.99,0.0,42.762448820697685,36.42612357467082,32.84885207867908
33.0,0.0,47.70067586437946,38.61174825451964,32.184599910543334
33.01,0.0,45.31139791489444,36.88103082866765,35.62654385565108
33.02,0.0,39.641819682007764,34.92530315107174,34.81075315217245
33.03,0.0,41.839701969190834,35.62543145917187,32.56337074714984
33.04,0.0,42.86151132718225,36.32363317318289,30.694838295333437
33.05,0.0,40.88304183214055,39.85556584871856,31.10130617619523
33.06,0.0,42.924666842813814,38.847297116411575,30.287087521839464
33.07,0.0,44.09752770502438,38.37997071199048,34.28944332522482
33.08,0.0,40.66260483675127,37.64278534167061,32.74122817332433
33.09,0.0,44.901048116669514,42.355904858275274,31.5574463506362
33.1,0.0,40.719337191560285,40.15574348010936,32.00816379695843
33.11,0.0,44.59593016202073,39.32825914484158,35.877278759119115
33.12,0.0,44.05889580395682,38.964564414898916,35.98362475219676
33.13,0.0,44.99162266270158,39.05670249924747,32.141487831760124
33.14,0.0,44.323458426647846,39.12649657608605,34.60348714695753
33.15,0.0,42.114014642490275,38.01065685062766,36.08687835237149
33.16,0.0,43.57048785689869,35.17914441379875,34.249451293775635
33.17,0.0,40.62485052793896,41.28565198255992,34.22844835114676
33.18,0.0,43.64169816447933,38.904404946107874,36.95577643833467
33.19,0.0,44.9917625150649,38.48827565216435,31.74824898953874
33.2,0.0,43.60290980353416,37.36935891191666,34.7598863054957
33.21,0.0,44.49980491545895,37.87736588672114,34.58773882709878
33.22,0.0,44.224299611794244,40.54264149997623,35.52470813287786
33.23,0.0,43.81223604786018,35.907825109475766,35.79749157446008
33.24,0.0,46.11621127858296,42.759158705464365,33.53100469217871
33.25,0.0,43.78542628793259,37.149280169346724,39.789141576571
33.26,0.0,44.770134076065766,42.004804550031494,36.799537499454686
33.27,0.0,41.84337495845397,37.33898114126865,36.298883781226685
33.28,0.0,43.83283636591892,39.42802561420204,35.939874286358574
33.29,0.0,46.55188142921735,38.348658068881754,35.50797388527254
33.3,0.0,43.21871447014606,36.37704295954541,29.895867413268626
33.31,0.0,41.50912667636315,38.74044398667972,30.469164570769728
33.32,0.0,45.12289775777194,37.3064353767935,33.94239877235218
33.33,0.0,42.718352017242864,39.55564666217577,37.06027821839271
33.34,0.0,45.165541829437984,40.157659533741324,32.73564865907316
33.35,0.0,44.2423234466298,39.62304934347218,38.38369836142603
33.36,0.0,43.885713996442036,36.20874409935087,35.21980481104066
33.37,0.0,44.12271961277144,37.35685272775105,35.789985044763206
33.38,0.0,43.86414112195087,36.93121120958046,36.14161249035949
33.39,0.0,42.804958614087354,35.48411775804464,37.9151848558655
33.4,0.0,40.27367574956908,40.51138592662941,33.82023633232949
33.41,0.0,42.18609895132094,39.535912159964845,37.20458379449714
33.42,0.0,42.94340256873281,34.00376442799282,35.990539634063815
33.43,0.0,40.83211925909063,34.3803083245044,35.096885224751134
33.44,0.0,40.037600248563386,43.2426012462248,36.25093276943807
33.45,0.0,44.38772398922164,34.5443040905637,35.11021326890242
33.46,0.0,43.56490711910687,39.09738062493426,35.49748595283116
33.47,0.0,41.77070748385676,40.50927320357334,34.69258418695202
33.48,0.0,43.06525945518517,41.34055112118458,34.30858108556947
33.49,0.0,43.5380252181056,34.091763259162605,33.65995535112031
33.5,0.0,41.14305173675069,39.269913972153404,36.1959204378735
33.51,0.0,44.99732857785642,38.656373540028596,35.99670484299143
33.52,0.0,41.06954318505304,41.531374397466934,36.548135436234865
33.53,0.0,39.874009457359655,39.63222745305352,33.34197945549893
33.54,0.0,42.34579806239693,34.653255310803296,34.576534789724626
33.55,0.0,39.02136502020513,40.645092009433476,35.19137907816927
33.56,0.0,41.37211707279344,39.12394707368423,35.630487504354015
33.57,0.0,40.819148321497934,37.75073221021054,35.66949799075669
33.58,0.0,44.24772995575827,35.06517069956098,36.478695539957386
33.59,0.0,42.014271850453596,35.56672198460949,35.45968712471433
33.6,0.0,43.25345554566625,36.959255380838805,37.43588990005561
33.61,0.0,41.72960070715057,38.21204922059137,34.18157210231787
33.62,0.0,41.450115389404516,44.73019527258517,32.97854764380755
33.63,0.0,45.66358981269298,37.72949439717125,36.64799649432428
33.64,0.0,39.783999090312065,36.85617157982905,36.15705969421409
33.65,0.0,43.80938936473312,38.29010542881269,37.54352885548975
33.66,0.0,42.2676751555917,39.041683061235034,35.951535824858276
33.67,0.0,40.87543741466899,39.027675739304264,33.21741324185336
33.68,0.0,45.251239577340485,36.586120148274844,32.98829282066647
33.69,0.0,40.779908623612194,39.15217428563393,39.84910197118504
33.7,0.0,41.753026932523305,37.42571524102591,36.86650048510584
33.71,0.0,41.16139701875565,38.460232128026114,36.62855199972247
33.72,0.0,39.331052676972455,38.33654709423505,33.350045698247555
33.73,0.0,39.52169572189112,37.36522722242119,35.521662494647806
33.74,0.0,42.644986714934646,38.38851535667946,37.406387377255264
33.75,0.0,45.29133215004711,36.095032721262584,33.225028178018135
33.76,0.0,46.208454836834846,36.945811796450464,34.37114264943101
33.77,0.0,37.9859609097405,36.24007149479068,38.55816545300428
33.78,0.0,41.87749720104346,37.179378641635644,34.77353570729751
33.79,0.0,44.41784810218614,34.26446032554726,35.39161254151793
33.8,0.0,40.51027019252237,38.525388547076936,34.904655704123975
33.81,0.0,42.020126555183616,33.686454454178424,36.581999577529864
33.82,0.0,42.894593911141506,36.77966962125701,32.40990689032705
33.83,0.0,41.62822208443504,37.16192549510038,38.056208179448504
33.84,0.0,40.4172290657854,38.38375270740265,33.37196964905215
33.85,0.0,40.8511142223619,35.533755184553065,34.15939778021011
33.86,0.0,42.79630667319289,40.185253265277034,36.90819296420288
33.87,0.0,39.70020078262197,40.45977939191574,33.599901227027125
33.88,0.0,42.64055505700297,37.9428749459156,34.58255569267285
33.89,0.0,39.85336980055478,39.25952414732141,33.31649795282677
33.9,0.0,37.408609931591435,37.9539797906126,35.064095294049324
33.91,0.0,40.07294163330702,34.65700181407463,38.26025620954676
33.92,0.0,41.78319635171388,38.90719532063659,37.17450144769269
33.93,0.0,41.578254509501335,36.86087347212836,35.605884568178475
33.94,0.0,39.85926742677351,39.808722462558876,34.272919062447514
33.95,0.0,39.1079176756819,37.905787245039555,33.73153335302029
33.96,0.0,40.300909759154216,38.326933917824675,35.45881851768536
33.97,0.0,40.11845200398422,36.895027725859755,34.10879033397521
33.98,0.0,43.84150535658507,39.008273074267166,38.28775595940904
33.99,0.0,41.81916139486704,39.9726413219932,36.36178455997706
34.0,0.0,39.78524511644597,37.87274521065789,33.18852841172796
34.01,0.0,38.98527126934003,36.916195936829865,33.85279503664965
34.02,0.0,37.95454508596486,38.75557019138313,36.74649020103078
34.03,0.0,38.813158465615054,38.360162643089936,36.31955103433262
34.04,0.0,39.29591138441649,36.56627010133503,39.088651506031766
34.05,0.0,40.26109591816003,34.44181105945792,39.226171641145555
34.06,0.0,42.38320390624727,37.8940898785171,34.10455958538502
34.07,0.0,42.74760628775587,37.50262133685407,33.81614748157541
34.08,0.0,42.151223096425426,37.639019082706795,35.317486641567235
34.09,0.0,39.23437071697114,35.91466465270377,31.037181860108426
34.1,0.0,38.35441885053197,34.980183447326496,33.86270705403109
34.11,0.0,39.625315442775594,35.15604804244351,38.35753673136905
34.12,0.0,40.56898711836742,37.43955421551694,40.28195870813681
34.13,0.0,34.91669940723123,38.214802557637185,34.77517695799931
34.14,0.0,45.59887196841161,35.91361269981283,36.40046006155421
34.15,0.0,34.67918347977665,38.28851446591303,37.6055941338047
34.16,0.0,38.72064680417697,32.28449351056296,33.83314013513645
34.17,0.0,37.460052963156464,37.225771632541495,37.22590247276055
34.18,0.0,40.6248594962303,32.712660888614614,31.135798668328295
34.19,0.0,38.53486005735536,40.893246150786524,37.232153249722565
34.2,0.0,39.68870065704939,37.61571474817241,35.550999709284625
34.21,0.0,38.07299070368766,32.532772893391545,33.269159917422314
34.22,0.0,38.11075973840591,39.22245514523164,35.87814933194305
34.23,0.0,37.26066038814303,37.69782355234352,35.40495566794104
34.24,0.0,38.750390982242216,37.64290196566562,34.68524102037874
34.25,0.0,39.124677372433474,36.81338752137551,37.73054879530401
34.26,0.0,41.11969199482087,39.73065531652614,39.24175121871898
34.27,0.0,37.70219479571474,35.73548150964281,34.33865601336608
34.28,0.0,40.88307648200251,36.98642755623525,30.599881769521488
34.29,0.0,44.87211052556099,33.00773612143441,37.46395792889474
34.3,0.0,37.93912243693281,39.0060501223615,34.37180540567921
34.31,0.0,38.026720128339136,34.57992198189049,36.521848879497995
34.32,0.0,41.74928040301186,37.86632529541118,34.96860431761253
34.33,0.0,37.47523279508095,37.807869611228014,38.06287827934928
34.34,0.0,41.12627044113756,36.75724046115092,34.99686836629043
34.35,0.0,38.02138122842241,40.7407687516611,34.70540230372912
34.36,0.0,39.07778988813312,37.24342089766227,32.888305523376175
34.37,0.0,40.74813296371411,35.87715911531592,38.64217848264835
34.38,0.0,36.296283963975796,36.38288587734167,37.93692635117316
34.39,0.0,40.78566914466713,41.52180042077577,38.61871123068568
34.4,0.0,40.62175323212583,34.33879085003849,36.22452066781231
34.41,0.0,42.42617295640748,38.12938638167783,38.220083190568026
34.42,0.0,40.676712819913625,40.795528682919944,37.33246805015187
34.43,0.0,38.613941267759664,36.32398052095027,36.39537311957599
34.44,0.0,41.499015268656315,37.08266347837467,36.80324199077038
34.45,0.0,38.05666391620643,38.11998974368898,36.21120666582244
34.46,0.0,41.36710432532619,37.09000943080626,36.19590868933222
34.47,0.0,41.77451106870258,32.888299943191875,35.94492208482007
34.48,0.0,40.85047384159757,38.20320066318318,32.80408436227034
34.49,0.0,40.41830166494787,36.903479175194065,36.94765872045383
34.5,0.0,41.97734695157776,40.35114169650254,34.599573437134076
34.51,0.0,39.18876846996849,37.818066748738175,35.097909923050295
34.52,0.0,42.33145027020872,36.835275135424666,34.30821108416191
34.53,0.0,40.01860830595553,36.2502161014067,40.45880575171192
34.54,0.0,35.257882803635006,37.3942603817087,37.4837325191934
34.55,0.0,39.6375277683304,34.88585310275149,34.522182332730125
34.56,0.0,40.05711892726907,41.16451221876067,35.256646747223506
34.57,0.0,40.75706039542559,39.23344032758753,37.968934493072894
34.58,0.0,38.23444190131575,39.12241307317452,34.86076273827797
34.59,0.0,39.33008230429821,35.16815104566112,33.593663236118566
34.6,0.0,40.54604442364858,37.49577565775509,33.25845805944782
34.61,0.0,40.38347747825387,36.93321099637287,35.97252409540853
34.62,0.0,39.023793512518836,37.023255375760414,34.94923867793603
34.63,0.0,40.329629404124276,35.701338387843464,35.475535287708404
34.64,0.0,40.3229550066166,38.274724655442654,36.0227474951337
34.65,0.0,44.28402547385813,35.41453111232905,33.499623807104086
34.66,0.0,39.91065015721885,39.084904775712886,36.06562297095829
34.67,0.0,43.36820900403914,35.77654804038159,36.98438009331315
34.68,0.0,38.31387029674624,39.374428787544886,34.8193303798775
34.69,0.0,42.31996987265163,35.838917121976,33.193905404537304
34.7,0.0,41.592627126621075,36.32000220929503,36.02209137436169
34.71,0.0,39.91366191592183,36.360616370122244,37.445487227067325
34.72,0.0,41.023512531944846,39.69086223274798,35.30231060089298
34.73,0.0,40.10982655519341,40.11407509498883,36.948041418596254
34.74,0.0,43.88787778099489,38.84934401462934,36.46538234780178
34.75,0.0,38.927944830964485,37.71912230054936,35.02466197385064
34.76,0.0,40.78201475468424,34.68884331441125,33.84504561997488
34.77,0.0,42.083155856268434,38.09763535713234,36.7801839810059
34.78,0.0,40.039014590532645,37.216388589237035,32.304192649699765
34.79,0.0,42.496168290292054,38.08002436876942,34.67417785295113
34.8,0.0,42.42199855528422,38.735564512979316,32.169060644666494
34.81,0.0,37.488451782987994,37.46588722576902,40.66286017013685
34.82,0.0,42.04631742390471,35.90454137633385,33.345045589410674
34.83,0.0,45.14614106192531,36.71078579033335,37.85255568616024
34.84,0.0,42.0482733696139,36.87905966087993,35.59488112662693
34.85,0.0,39.49616851152275,38.28452372512701,36.28974044773214
34.86,0.0,40.14852430778834,37.41016346285555,36.65844471349963
34.87,0.0,40.8260792706616,34.93065703363571,36.46907977143069
34.88,0.0,39.04738926169796,37.503823221760044,36.17394646945315
34.89,0.0,42.34165770843601,36.78874187549737,36.49429741535455
34.9,0.0,37.883874625780194,36.45854630607041,36.479297147960075
34.91,0.0,41.720746678930134,36.973330725099686,36.1141911888617
34.92,0.0,44.37944551260841,38.721091969705874,34.989969638898216
34.93,0.0,43.169051387146084,34.3476842607629,31.853766041149427
34.94,0.0,42.57051347153992,36.74086002550237,34.9583041973176
34.95,0.0,41.28150102996956,37.407789230645875,34.6167730735843
34.96,0.0,40.69431926355846,36.70222391625893,33.06753522590646
34.97,0.0,39.8760149868738,35.69774824039762,32.91443223963855
34.98,0.0,42.11583510521474,35.431809576458825,36.23941733032808
34.99,0.0,40.67126773053111,39.207240283687504,34.17958441340125
35.0,0.0,43.32036607546697,35.075000184277584,33.58763467324229
35.01,0.0,36.95362973951676,40.644502377544825,35.552046322667515
35.02,0.0,43.335448304882,39.03970562323258,37.48863665973893
35.03,0.0,43.03935577991508,36.3842986388027,41.30237430498416
35.04,0.0,40.60031744988121,38.03156109195053,34.09962487876113
35.05,0.0,42.16591024605782,39.078758620277846,31.946196824983446
35.06,0.0,41.01339753529101,34.069698533709825,37.98754815886294
35.07,0.0,43.312609223285975,35.44451139758657,35.45222815506292
35.08,0.0,39.46514129905074,32.871470143680085,36.27996901370609
35.09,0.0,43.01688815797893,37.272981599813086,35.93232898464837
35.1,0.0,44.04087622428175,36.518157348983884,32.97074033586288
35.11,0.0,41.50342627698172,35.99932412373327,36.01883836474015
35.12,0.0,40.24071839250924,34.29501056178029,34.74715992036699
35.13,0.0,40.81802448162847,39.718930823768986,38.46532164015126
35.14,0.0,44.873455677858395,38.658474514850575,33.56557284083097
35.15,0.0,39.53979978683075,39.29367728767286,31.553963522993534
35.16,0.0,43.378164647905095,36.32143387647258,35.800067787964736
35.17,0.0,42.49821875581372,39.80348068842917,32.36735050622737
35.18,0.0,41.912143784072704,35.45333845897817,36.16183954028474
35.19,0.0,37.74032998873029,34.82253404775148,36.922183200478536
35.2,0.0,39.07866210933908,37.06724243486155,34.540337837118976
35.21,0.0,41.55262834614373,39.10325983532725,34.724856010631264
35.22,0.0,39.013462761797925,34.3365437699077,34.18724924033222
35.23,0.0,42.75162423625737,36.49534870216066,34.13912039394946
35.24,0.0,45.05891804967724,35.52967228647135,33.08651370290661
35.25,0.0,41.329899664837086,38.76890988051511,33.471178474877966
35.26,0.0,40.201652708962285,37.49040520197799,34.448089939893286
35.27,0.0,41.460429679698485,36.80736080565846,33.491740557419924
35.28,0.0,41.31368439620034,38.6357616901755,31.25425103064425
35.29,0.0,41.35743899620244,39.1254063471499,37.58291386920142
35.3,0.0,41.82929806502148,34.59250035665378,34.52659132551838
35.31,0.0,40.36305156165481,40.47568525386864,30.291394005563934
35.32,0.0,45.950141910040514,38.94300310555748,34.88136856763611
35.33,0.0,44.078310120630356,39.83008398977257,31.40346193358789
35.34,0.0,41.74528309919512,40.134431733220836,34.786022007369496
35.35,0.0,41.291442661215484,38.180884923422404,33.93816345002824
35.36,0.0,43.34738110886485,37.51593363922129,34.01618843099624
35.37,0.0,44.03250974213249,37.95574762665582,37.301977513297906
35.38,0.0,42.31985057771694,34.79699286177173,30.878847020479164
35.39,0.0,42.71944676624437,37.67219367322617,32.71905456165565
35.4,0.0,46.092304460693065,38.218219896077926,34.29809740038368
35.41,0.0,44.21539220129741,38.62363424222811,36.78449171187544
35.42,0.0,42.28069210893041,38.41338916618152,34.62196268618029
35.43,0.0,40.09699922868159,39.69313214811831,34.37729529159314
35.44,0.0,42.77667742239574,33.147941266329106,32.86953626588042
35.45,0.0,43.40235824426829,34.77375376360172,33.52452403806904
35.46,0.0,41.46270330744294,33.51009656537403,35.53120686584544
35.47,0.0,40.38507685418922,33.96532690085462,32.69495145579558
35.48,0.0,41.70255890113468,39.28243420381467,31.38864031290905
35.49,0.0,42.56075825985565,38.270409718036454,33.6077878859536
35.5,0.0,47.4890523119541,36.33042025975941,32.524313080416654
35.51,0.0,38.89126739880533,39.43554060050841,31.956778828191688
35.52,0.0,44.0640826167446,39.18777558111597,34.12576354352389
35.53,0.0,42.49402243871984,36.63376962436162,31.32690259457906
35.54,0.0,41.70727594137663,37.248827287882044,34.149483939919584
35.55,0.0,41.0511630601371,36.82078990269835,36.033764864685295
35.56,0.0,44.67905900371818,34.33721559720136,28.213754500910433
35.57,0.0,37.46267617514282,33.19242420579528,29.736774294701835
35.58,0.0,44.44935130643912,37.82804621570226,30.625645871540826
35.59,0.0,39.56163573102554,37.592858964488116,31.95066070022667
35.6,0.0,43.64430875372796,37.378552511228705,33.30440235076431
35.61,0.0,41.39809103716287,40.29116573087815,29.47821699460227
35.62,0.0,42.827705456012275,38.97505952633247,32.77362519696063
35.63,0.0,43.65296839515328,36.766559277400106,30.47902642014637
35.64,0.0,42.94937919697473,35.0819709403182,32.37367568579416
35.65,0.0,42.005737676975876,38.3148215321194,34.42096282559167
35.66,0.0,41.172492971756206,35.062837476934774,29.36951735143154
35.67,0.0,42.493633993913804,37.10326826404104,30.441322625096095
35.68,0.0,40.898576975178145,34.07049290965084,31.65840028184291
35.69,0.0,42.1653419913341,37.10683235254076,30.89860556267908
35.7,0.0,41.101001572609434,37.153233211528935,29.620027398841785
35.71,0.0,41.823788804542595,38.46582443030317,28.16297862399562
35.72,0.0,41.60596863096417,37.58316766305541,28.300637983016852
35.73,0.0,38.96732236774272,40.71625236262878,31.828965805367037
35.74,0.0,41.10346693530635,36.59985547645727,29.11581937554475
35.75,0.0,43.55521917024283,38.25787557361808,28.859572117894153
35.76,0.0,40.77181165469624,35.0241293792597,32.85375809809038
35.77,0.0,42.62778908649954,35.85872342151652,31.94613496645698
35.78,0.0,41.27426152668108,38.045999042362666,32.53419319850098
35.79,0.0,42.30944915963642,36.79977671461829,27.52162613303834
35.8,0.0,42.928569172584346,36.92346347110816,28.536071054028664
35.81,0.0,44.05471540692527,34.26143172502709,30.126680766142375
35.82,0.0,41.99853954916921,32.61644123308752,32.034710571317106
35.83,0.0,38.49687051888657,34.05759345670934,27.30411789267191
35.84,0.0,42.77330378066059,38.77706731194276,28.415494430762944
35.85,0.0,45.97495212527902,34.88384144321646,29.613493996048096
35.86,0.0,46.142050897203546,35.11116773483679,26.85470571930377
35.87,0.0,41.69903187436704,35.5421355194879,29.829171465398268
35.88,0.0,43.19996143153402,38.86694343759574,28.227744303980842
35.89,0.0,42.81220640610871,36.32789814605359,31.609404603969423
35.9,0.0,42.608805590190464,34.14172776980414,32.67987760691005
35.91,0.0,41.29672510774948,31.359375675070005,28.071914525961233
35.92,0.0,46.67387184488156,33.59757189749443,33.97960610954004
35.93,0.0,39.44378572927555,37.447307399059575,31.83265897279435
35.94,0.0,39.38093074587664,36.096907685151706,28.027525646030266
35.95,0.0,40.28253655270319,39.6547492693794,28.004634691604327
35.96,0.0,39.80776189219565,32.894869440572286,30.7939476398767
35.97,0.0,39.911713898899364,36.614814236731625,27.34169497323628
35.98,0.0,42.33737909116676,36.08561572275694,30.480049198288143
35.99,0.0,41.162580385949454,33.83611334262173,27.235439694097195
36.0,0.0,42.580027872013325,38.45257821827666,31.103050296099525
36.01,0.0,39.07599572137419,35.06398330398679,28.182799236566133
36.02,0.0,43.67002553609382,34.93637140900672,26.531978126278453
36.03,0.0,41.08844333288367,34.398712498537925,30.312424787877983
36.04,0.0,41.96041964747484,33.93330201630386,36.851019690189645
36.05,0.0,42.059263082931885,36.59691000234768,31.14187900911221
36.06,0.0,42.3091214412566,31.902751606553224,29.143658396662925
36.07,0.0,40.106585959728875,33.182027787742584,30.07341989022829
36.08,0.0,39.258716483003354,39.47672489501973,28.129784780103464
36.09,0.0,43.14481976664332,36.45709248274864,29.504685245965586
36.1,0.0,42.60567328459527,33.66339820110484,27.34943001065802
36.11,0.0,41.97873129267241,36.98404612505296,29.096504544058725
36.12,0.0,37.45359093583499,33.431798478657825,26.573657314923178
36.13,0.0,39.98038688396504,34.88694938664713,31.755853008232762
36.14,0.0,42.48099989562252,37.4666722041333,25.84070263216124
36.15,0.0,38.81350506186769,34.243637843688454,26.338375703592376
36.16,0.0,41.70245848563556,40.25256533031437,25.946493472934755
36.17,0.0,46.24624288819659,37.567944840498484,22.419631268637403
36.18,0.0,39.375799974501604,34.123226509638705,27.930882897957975
36.19,0.0,38.80322161163261,35.234431530446294,28.221588332520966
36.2,0.0,42.43223183923263,34.25022848383443,26.293965594783266
36.21,0.0,41.15236013424021,34.95137809230491,26.820990009365683
36.22,0.0,43.35638431741351,34.012899454761296,28.60028394952461
36.23,0.0,38.42258379394683,33.324955850992225,29.282820304588558
36.24,0.0,41.33810144643737,30.299200845406272,23.50257091344227
36.25,0.0,46.17422151275089,34.21861541357606,27.523508059615786
36.26,0.0,40.50434756923699,29.61682959085646,29.40023634533245
36.27,0.0,36.778841221417174,38.14203199205881,29.218642712009636
36.28,0.0,40.310857632715596,35.84448264462792,26.028035694847006
36.29,0.0,39.49973651721043,35.31695791281907,28.90648215523836
36.3,0.0,40.75102743162748,32.09819852665029,25.46491760228415
36.31,0.0,42.519006191288604,35.97349904358556,25.153464269946962
36.32,0.0,42.4805438765012,35.519448165694065,25.19125086516992
36.33,0.0,42.07449460873401,33.43768300122551,28.319849431088556
36.34,0.0,37.38943844176656,37.49356739189036,23.24714304355221
36.35,0.0,43.93492897503231,38.10417233089336,25.596735259908662
36.36,0.0,43.66470743338394,31.940890964882982,24.958879441378112
36.37,0.0,38.15992347624935,33.69827209301911,27.478865195687987
36.38,0.0,38.69711702711399,39.48150404018971,28.88359974802271
36.39,0.0,42.69429024796896,31.540757186217977,25.014384941289986
36.4,0.0,41.228652207308215,33.37825151783245,30.64218373416335
36.41,0.0,39.91213520171725,31.466438681857134,29.957541995067725
36.42,0.0,37.86511800387624,31.726669104332803,27.058071901155117
36.43,0.0,39.42280701323783,33.31704091534682,30.013523055559663
36.44,0.0,39.43345411491175,33.28801254176315,25.44122931375832
36.45,0.0,40.786434759805594,34.00154649477398,28.222537424799217
36.46,0.0,37.44772601355271,32.1799870194317,30.001422586819437
36.47,0.0,38.759927071395055,33.8668692348469,23.519336281851622
36.48,0.0,36.65761670630805,31.199661783645702,25.794041796273
36.49,0.0,39.62361433845687,34.545714064654604,26.155646361864687
36.5,0.0,40.14442921508812,34.41574743968376,27.579204519720744
36.51,0.0,35.536851466575115,34.6564333046894,24.101082276630578
36.52,0.0,36.92000616060487,35.07739591476788,23.712974540511134
36.53,0.0,38.36295640755578,31.28379070903706,24.12101973927646
36.54,0.0,43.19377903352646,33.764909829901484,22.78690313880889
36.55,0.0,40.219147566804004,34.64862117174976,24.639581032895226
36.56,0.0,41.39416090369984,34.415951651643994,26.711416422760205
36.57,0.0,39.78068660435415,32.47168174349779,27.77256254171681
36.58,0.0,38.624788042172845,33.73254342448205,26.225743947352033
36.59,0.0,37.36320630839558,32.968419320536356,23.839043944381928
36.6,0.0,36.737418337602755,30.709979016719306,21.666971779965692
36.61,0.0,37.46117837117631,27.819934148113905,25.029203100456563
36.62,0.0,35.03627793722774,30.881757761014924,23.847702935735107
36.63,0.0,36.219717059966776,31.094090524426004,25.229656979154488
36.64,0.0,36.433751866674584,31.235480521239726,20.70982058323968
36.65,0.0,37.61698861361324,30.831530437106828,20.865289058098288
36.66,0.0,34.83458872707359,34.62586965575417,25.778494676708227
36.67,0.0,38.108444773130465,32.20802791736031,21.276562285994473
36.68,0.0,37.58236815570589,33.06698267616218,25.557789005806793
36.69,0.0,35.20874043098916,34.05463810903002,23.865054432742387
36.7,0.0,37.1729753853092,30.329022701290373,24.731650492293312
36.71,0.0,37.29885866360223,33.63170273139509,24.45931930011015
36.72,0.0,36.28609278336871,33.68563051399352,24.406893294785473
36.73,0.0,36.58730447543766,33.03696337175217,21.79842268250442
36.74,0.0,36.51613454356001,31.142629721550822,24.173877067328508
36.75,0.0,33.41090761364224,29.978690814576016,25.2750515608286
36.76,0.0,29.64525429145001,32.674082527455404,24.761119755171507
36.77,0.0,35.48992472429989,30.63680533430103,26.909891764866064
36.78,0.0,37.584980557351,32.308344331770925,22.19816256026659
36.79,0.0,35.87885336103857,28.14703343413696,22.423691269899695
36.8,0.0,34.30934865945598,31.17525575018011,23.994596239332665
36.81,0.0,34.434107910580614,29.77722412603176,24.3468513290625
36.82,0.0,39.213588408960874,32.20187061845227,21.845623786962076
36.83,0.0,37.9576511347258,31.023638249197386,21.206830977312144
36.84,0.0,37.905761954192165,30.25646392844995,22.251323912429662
36.85,0.0,33.678753216382695,31.138427685586066,21.023417017404537
36.86,0.0,34.7920068496968,29.173836914897695,24.357400463622966
36.87,0.0,34.84752098845827,31.932240465719303,20.18656248742863
36.88,0.0,34.92649228131369,28.40485583514426,22.08826694400366
36.89,0.0,35.69668060833934,31.54775381528048,25.514085356647858
36.9,0.0,36.56692435617216,31.333052756887923,25.639137920141344
36.91,0.0,36.2745494658991,28.62428738063288,22.148151511889928
36.92,0.0,37.49383402315789,32.71596958081002,20.013368025247786
36.93,0.0,34.37075548786294,29.09985068350434,23.52769353499666
36.94,0.0,36.96716450742937,31.27332225272139,24.612558589570376
36.95,0.0,33.88333201337625,33.740749633151296,22.453776414968225
36.96,0.0,34.931860670906076,28.60170403173061,22.325818614950748
36.97,0.0,32.72980420846574,32.350095137925535,23.576420976644823
36.98,0.0,38.207567831629056,26.13302851419843,23.55228466208429
36.99,0.0,34.46662639490576,30.863632662068653,22.713787956298148
37.0,0.0,36.99351502134593,30.36228264463331,19.95019953292458
37.01,0.0,33.83929156937598,28.06504252573545,22.07905451907667
37.02,0.0,35.6759050581257,28.437233680802724,22.90133214860278
37.03,0.0,36.02226044078023,30.223017969004967,23.37072287435564
37.04,0.0,32.760816314674784,28.682036007257278,19.854881402177448
37.05,0.0,35.59486291846515,33.34966649925208,22.69042800394673
37.06,0.0,36.474218775788636,33.26933801029109,22.880057724971252
37.07,0.0,33.797990977185755,27.09326169199009,22.89270548492155
37.08,0.0,37.02646068428406,28.76695314776199,21.534292828685462
37.09,0.0,34.164806880570175,29.868004060227836,22.397772155543095
37.1,0.0,34.4765900649023,24.87247758454917,24.598845507494385
37.11,0.0,36.24440301763967,32.12988874311955,20.09766368434674
37.12,0.0,34.137681912442815,27.572856748278788,17.515262143290112
37.13,0.0,31.844501197257056,28.303514279162304,17.406415328025197
37.14,0.0,34.779613739931534,30.15773866727557,23.240610865175473
37.15,0.0,29.81412142910817,29.88781429260357,22.94838413624718
37.16,0.0,37.727724897295865,28.432934778186684,27.532140705343696
37.17,0.0,35.8171458096475,28.501084342998283,21.4296419107963
37.18,0.0,31.665199845580737,30.95101442618576,19.323769859186214
37.19,0.0,32.607985474332644,27.957894232147783,22.097985636619725
37.2,0.0,30.971934169800996,29.427415552225895,19.170501494129446
37.21,0.0,38.60081044425543,29.636719329783652,24.493302435778702
37.22,0.0,35.51424349964446,29.501191569506698,24.224424835506014
37.23,0.0,33.260007532245325,27.224395649943496,20.83369711411171
37.24,0.0,32.24882334511682,27.98657115493365,22.030715145548093
37.25,0.0,33.14789455918121,28.309757574017915,20.537088811911858
37.26,0.0,38.64743992315686,30.122894100814754,23.30860485783853
37.27,0.0,34.89309394935562,30.56368129498088,19.215703542477566
37.28,0.0,34.13130888629242,27.417997452974898,18.488073974953046
37.29,0.0,32.85765968227166,30.385866382175504,21.38066585522477
37.3,0.0,35.202580212664984,27.09176614095163,21.107724617356887
37.31,0.0,33.497854359386814,23.32563142586348,20.914976527445447
37.32,0.0,34.490533737341764,27.497565945954005,17.556561838970925
37.33,0.0,34.66454092821911,28.490265132046808,21.39717394812527
37.34,0.0,31.783913107376183,28.509235381733102,21.557297594431823
37.35,0.0,33.21595328970176,27.939563247975347,24.456293338785144
37.36,0.0,32.2150823415012,31.11394392566327,24.045891987998004
37.37,0.0,33.7340092529488,31.1979880666664,21.97097558338089
37.38,0.0,32.758532263482614,25.815575982426992,21.02175706798912
37.39,0.0,31.778044684738955,30.009496412247543,25.120083828210195
37.4,0.0,30.096307413806997,29.385454781380922,19.029632962830235
37.41,0.0,30.70557770609574,27.50051566865901,20.35955099388326
37.42,0.0,37.46445486181861,26.562764199307075,21.352134762589607
37.43,0.0,34.38256569521879,24.04031277647015,16.05207712211378
37.44,0.0,34.50453325638844,27.461579393395507,15.463418968592524
37.45,0.0,32.80065105551084,27.831833796000897,21.33031454033313
37.46,0.0,30.29839806936335,28.732617217818795,22.224401102309134
37.47,0.0,31.918840510994432,31.514146580517455,23.28328708232194
37.48,0.0,34.395742430958,25.69776683005252,18.806259184281096
37.49,0.0,33.84133588994363,27.299084526860273,20.82369275426519
37.5,0.0,31.99678411996028,26.74086841838186,20.05702298083424
37.51,0.0,32.12189109720248,27.307483665015912,18.528734080661916
37.52,0.0,34.1885132294546,31.146965128412276,18.533667011010543
37.53,0.0,31.60000820918913,28.58904182992976,19.689134830786944
37.54,0.0,31.31651372260246,30.206001106314506,19.40812474310224
37.55,0.0,31.60618737584102,28.363418654692047,16.27001830316073
37.56,0.0,34.775964545593425,30.53127536814933,15.82208873543575
37.57,0.0,32.6795053512474,26.40825897862139,20.2518269076203
37.58,0.0,31.99056624808278,28.357994867863955,22.700482566765707
37.59,0.0,32.156472055112204,27.124402295098243,21.512709738070036
37.6,0.0,31.3359311152499,27.872459875152543,20.823736867253086
37.61,0.0,34.39130186211259,25.519994214865008,19.447854908897256
37.62,0.0,28.93393486920609,27.058957781336098,19.470315369149674
37.63,0.0,34.06845286180828,26.00714100917818,21.751384112085884
37.64,0.0,32.91848074728373,32.366823127904276,17.788063399534888
37.65,0.0,34.42920955097537,31.386910134014013,21.26468235327607
37.66,0.0,32.30635384932094,28.860981113698532,20.91000799993244
37.67,0.0,32.334554082294524,24.711186076585822,21.351698670687398
37.68,0.0,36.6833291752984,27.38230673998379,18.385181558393384
37.69,0.0,35.425915019221854,28.235404938657286,21.00312660613395
37.7,0.0,31.94320645175005,28.334602430074693,21.70490677686124
37.71,0.0,32.337862359534405,25.440206584674083,20.316286501787186
37.72,0.0,32.86933968884714,32.27523642973788,20.334655787353416
37.73,0.0,31.618356704829473,27.680630773647643,22.182532907151504
37.74,0.0,30.174058134879665,27.835663772823946,18.964388771176587
37.75,0.0,33.229592148713195,26.971562648795697,16.03136789997999
37.76,0.0,31.721751183811683,24.076817786794237,16.41642243143747
37.77,0.0,32.12990729417001,25.776516632479677,19.438850135029508
37.78,0.0,31.557039604545054,25.573563545376206,19.655750082086914
37.79,0.0,32.73439573381525,24.552484775775643,17.051307315872545
37.8,0.0,31.772148868579357,26.20304811833183,22.515170379259622
37.81,0.0,30.91467546745701,26.53406520605563,20.789235140201423
37.82,0.0,31.786247866849713,27.200294652536783,22.95602188233085
37.83,0.0,32.596346863702564,28.033126337663354,20.30608063089968
37.84,0.0,35.86988622576161,27.405933351304196,21.479489982801038
37.85,0.0,28.964544148626203,27.861684138705943,20.116954766778687
37.86,0.0,33.04604741472302,29.278261797085147,19.179027062423213
37.87,0.0,32.84713063585628,25.647971974122775,19.02772777766991
37.88,0.0,32.62622138030958,27.343185267287637,20.862611708979006
37.89,0.0,30.09981914964707,29.833303588094832,19.921130823143518
37.9,0.0,32.41795075839887,28.042583731535473,21.095077721439832
37.91,0.0,33.284203787751096,28.77627273298655,19.857715012750813
37.92,0.0,32.487927762853815,23.524630871071512,21.564282374714935
37.93,0.0,33.652800746696066,25.47791250170148,19.287484353911495
37.94,0.0,31.454512980718317,26.21475793381804,18.425265785227896
37.95,0.0,35.14525118387508,27.4710482234192,19.193577535216246
37.96,0.0,31.655363760459345,28.987689743672078,22.48036871334237
37.97,0.0,30.22453833729223,27.990346646337496,22.926297774263276
37.98,0.0,32.18045902230945,29.240931406164343,18.767334661427196
37.99,0.0,37.37348443577101,27.38422956455363,17.57115321115603
38.0,0.0,36.072800341610716,28.812726099992762,19.096418226048208
38.01,0.0,28.716333671647195,24.29183193297532,22.190066437681157
38.02,0.0,34.747412515745765,25.71460470264884,20.71367433618168
38.03,0.0,35.6828129079657,29.181889261931342,17.431434514513697
38.04,0.0,33.09011753566256,25.775526349239637,23.81059638531561
38.05,0.0,33.94537475545126,27.32816217390706,19.682629561673266
38.06,0.0,34.709095349271806,29.830081182719294,21.485145538069542
38.07,0.0,31.309047030367758,28.088744237663903,21.288904957938144
38.08,0.0,31.997705633452803,27.577480006604407,21.73009395985356
38.09,0.0,33.70416399562435,26.467808896882886,23.463517125548194
38.1,0.0,32.04068466868682,30.51949878716591,25.06314910998516
38.11,0.0,32.716098624416496,28.497420632953464,20.657687528620198
38.12,0.0,32.50951105556313,29.86182416501438,18.942878530139936
38.13,0.0,32.62500659360396,29.774231548277015,23.101733138473897
38.14,0.0,30.343255393854445,25.250075272155705,20.374462636310703
38.15,0.0,31.547022261279785,30.02649650227503,21.766187535510852
38.16,0.0,34.29966591060457,28.416844814428604,19.56463536175027
38.17,0.0,34.06469578101748,26.16317473265629,21.225675698483737
38.18,0.0,30.95919406551073,32.24831998328037,20.204409558876854
38.19,0.0,32.889678053919944,30.79437580283751,20.084493244584586
38.2,0.0,35.84559063198931,26.513551195584117,22.98587955604676
38.21,0.0,35.28150907975542,28.89329905805282,20.349204104155675
38.22,0.0,38.64266332022454,29.272818937010506,21.015997619791335
38.23,0.0,28.927887014242184,31.046813332835146,20.790648749027167
38.24,0.0,31.497790128751696,28.040372608764095,18.755611542537473
38.25,0.0,33.21190295551432,30.482984392273956,25.102931661894534
38.26,0.0,35.15697510600934,29.825464828503673,19.51567844461809
38.27,0.0,37.618660554479234,30.1886235627351,21.98618341946079
38.28,0.0,33.80112549933268,28.576157132982832,25.421342214469103
38.29,0.0,32.60185327298435,32.2775472824063,20.362540405268234
38.3,0.0,35.365842376193264,29.404280729622336,20.141230838375954
38.31,0.0,39.438787836943305,30.631781291254946,19.40499207808021
38.32,0.0,35.04370893580006,30.90248685226894,21.873027683073943
38.33,0.0,33.067628375673564,26.899852479501295,21.710452698805614
38.34,0.0,34.50868730820865,31.04285194578078,20.61346633774441
38.35,0.0,34.09582113540484,28.553170345399508,20.894015364444915
38.36,0.0,36.1388644394833,29.914315600389372,19.831706238603925
38.37,0.0,33.853567808157464,29.00814996771439,22.778098803785802
38.38,0.0,33.86679344880231,30.98049478411555,22.307351578927683
38.39,0.0,34.70606179801944,30.995973992351583,21.10340803602347
38.4,0.0,33.01317712542971,28.39036101029839,22.91632586772749
38.41,0.0,36.19821034883114,29.810078200688082,22.47202493475748
38.42,0.0,34.542999263798514,29.188886402612365,23.52633469561726
38.43,0.0,36.014378563514974,27.254260872073527,24.002348024115573
38.44,0.0,37.69795050245821,29.654240978376286,23.531033455456292
38.45,0.0,36.31753541436679,32.55141004383099,21.284819376792278
38.46,0.0,37.99078181517383,28.168651592297433,25.11377219193639
38.47,0.0,35.900544266358914,30.351489268723803,23.69033469494387
38.48,0.0,36.24770995733277,29.045486350503122,23.417514939551616
38.49,0.0,39.098875323243156,32.4862073625872,23.658624413953934
38.5,0.0,38.12657446273262,34.95777249147993,19.889402335992617
38.51,0.0,37.5783461029289,32.83158869501644,24.14337950322836
38.52,0.0,36.31899136598127,33.233588932567436,24.052961179153048
38.53,0.0,37.83421381740819,32.39881044294929,22.815241165031814
38.54,0.0,36.179126010976695,30.923682897672418,24.378589336760598
38.55,0.0,35.26982198927972,33.84551910702154,25.239552797023304
38.56,0.0,35.877228945234926,30.909688784964068,26.263144399497836
38.57,0.0,40.71304651031557,29.02736891725098,23.530421446789436
38.58,0.0,40.74808306870291,32.23584174485171,28.181419855291587
38.59,0.0,40.78358284741874,28.795545229356417,22.97055687408272
38.6,0.0,40.03237352481816,30.37600509601651,24.078771929923917
38.61,0.0,34.50192442869656,31.759128212114543,23.965173530785705
38.62,0.0,38.292629221008745,29.892222071887215,26.590020038523978
38.63,0.0,39.578630879429674,32.441975780775934,25.223392028281772
38.64,0.0,36.64550527033191,30.604768663816845,25.156850610375216
38.65,0.0,39.52705427890373,32.41384830455904,26.706388502305774
38.66,0.0,36.1724732233152,34.42347300269732,25.96983528338777
38.67,0.0,40.131950442529444,32.87827969375595,27.617678711029676
38.68,0.0,35.550283119930754,29.325139641886363,25.500171496624123
38.69,0.0,36.83292728175568,35.151950192483376,27.23471980756671
38.7,0.0,34.77647764598975,31.044226794416826,27.072335714933978
38.71,0.0,36.051104560461866,33.85960684569894,25.661754701917307
38.72,0.0,39.411530800382025,33.1584069648893,26.559108408902574
38.73,0.0,42.761363178257845,32.881190446021904,27.187501669626712
38.74,0.0,39.855300643731866,31.79431816586679,25.92182457634448
38.75,0.0,38.820257658216256,32.14670002897258,26.222017054675508
38.76,0.0,38.46442198621112,33.68728944535083,25.83145593761939
38.77,0.0,39.61447215002725,33.4165355598468,27.18901050423936
38.78,0.0,34.582252347722246,36.46126642115879,26.18252703742036
38.79,0.0,40.203550984965545,30.865917249090625,29.886992906672493
38.8,0.0,39.218705350897515,31.2843044587158,28.542462010901758
38.81,0.0,40.951236006635355,35.40971715403656,24.746226538814412
38.82,0.0,40.14150652182432,33.651239306854514,25.10533418203461
38.83,0.0,38.99662119197394,37.08644321182913,29.469572417116446
38.84,0.0,38.93838299660389,33.745070334873496,28.442607928816823
38.85,0.0,40.8281057151172,31.66879714255388,24.927033887962086
38.86,0.0,40.659003288006026,35.90407504909661,28.450340986531334
38.87,0.0,37.97808254775113,35.69126334118103,30.26122188092303
38.88,0.0,46.06723073603058,34.229011120221244,26.818191188157016
38.89,0.0,41.91153258069253,36.26274130099165,28.676086213677213
38.9,0.0,40.78677054771663,37.88709829209499,27.811458342695737
38.91,0.0,40.15993633976671,38.222769001839815,23.525514707706815
38.92,0.0,44.03472928567955,32.7613979274549,26.87817461917666
38.93,0.0,45.74050152078714,35.887270336403944,29.958591292846567
38.94,0.0,41.56759639436088,35.0690138006042,28.555062303905494
38.95,0.0,39.02498581432148,37.073263600092936,26.16803674106459
38.96,0.0,40.36876964128179,33.23079330014422,28.06012319636257
38.97,0.0,43.80503059011082,38.10722395488464,29.33059483978788
38.98,0.0,45.88038874339525,37.90050452165773,31.170808419226752
38.99,0.0,43.12789731285951,35.63038219567884,29.97459703725925
39.0,0.0,43.821281192805756,38.10584050738647,31.275507870964173
39.01,0.0,43.51500718184762,38.078502621188264,29.844684322232965
39.02,0.0,43.74717638967577,37.37329397038635,30.451263526639952
39.03,0.0,42.957064990306414,37.90869829984861,29.50349129704406
39.04,0.0,43.203436317212876,36.65068916413136,31.670760987792733
39.05,0.0,46.070550232772945,36.15849201504903,29.599588937151623
39.06,0.0,44.98778318005782,36.16067890454593,30.407072344851507
39.07,0.0,41.03948917202674,38.939944659496966,28.661145887701664
39.08,0.0,45.58925615268727,34.552395823450986,33.26620278689767
39.09,0.0,41.25759478225315,32.7288924957433,30.912738729216834
39.1,0.0,42.56923224688486,37.439350849742645,29.54612699861898
39.11,0.0,43.85222082550699,36.17748640100072,28.785535396984912
39.12,0.0,43.17638641384311,36.27438554978066,30.816473690594268
39.13,0.0,38.712127775926135,36.10247868340584,33.73140248129527
39.14,0.0,42.83596276653588,39.03078194913482,28.635830688775027
39.15,0.0,43.065731613377835,37.503716234452774,33.5515969995195
39.16,0.0,42.94900017468706,38.36723102140324,32.191284487936976
39.17,0.0,43.81095396657497,38.539323103340564,31.37909585567767
39.18,0.0,43.78573246150102,34.92394588978041,31.38896666440861
39.19,0.0,44.983921278515815,35.70717889100176,30.84001157059906
39.2,0.0,36.63009265805352,39.27019873554245,29.345733808015687
39.21,0.0,43.112531376486416,32.8948506371963,32.03889974225159
39.22,0.0,41.58294777217348,37.82748643366684,33.09340066071969
39.23,0.0,43.98535004954444,36.02059989130242,30.76500870552231
39.24,0.0,43.81709735996972,38.845482559167756,27.371849859693057
39.25,0.0,41.835415599765426,36.626398800932066,33.48210713647374
39.26,0.0,46.72495301438989,35.489280785917785,30.53834475221849
39.27,0.0,42.84776272980419,34.9278460558865,34.40867366560779
39.28,0.0,45.578495134017594,35.597665043974004,33.71949738164172
39.29,0.0,45.66473251120816,35.29851708788207,30.14878991579027
39.3,0.0,44.700060916685544,37.4694444435783,30.816760567465323
39.31,0.0,42.906232657234995,36.369328441947594,34.462236378215735
39.32,0.0,42.75785779510099,35.427541645687356,33.18208534535476
39.33,0.0,45.80689344742264,38.713171529898275,34.124873426628874
39.34,0.0,40.66169640478067,35.06303998369799,29.913871651337026
39.35,0.0,42.93883395513041,39.36927273705842,33.36039738530443
39.36,0.0,38.60135044778568,36.63000396895827,30.657112367649294
39.37,0.0,42.11228364223458,38.167305477489286,34.430667877099935
39.38,0.0,40.59470575883944,36.32502312380446,32.1133062834396
39.39,0.0,41.04399961109745,36.859962279019285,35.890655949239004
39.4,0.0,43.66600776343709,38.773331098616666,35.33625403399813
39.41,0.0,43.15098891150117,38.21167244129514,31.861141934036112
39.42,0.0,43.16872171587808,39.59261437782403,33.56051305501245
39.43,0.0,41.46992811581108,36.80851629315137,34.38838058062929
39.44,0.0,45.90898773993198,40.28263571081178,31.895627482265557
39.45,0.0,42.462773911027405,39.000473012639056,33.26299156963306
39.46,0.0,40.83574930979338,36.584284879335584,36.35775002993831
39.47,0.0,43.0794970137906,34.754968419155674,34.088416274892424
39.48,0.0,41.92309158969045,38.24839763106873,33.419005240030444
39.49,0.0,44.216517594031515,35.0288653584051,32.904656793219985
39.5,0.0,43.71112333816704,38.75622833252272,33.14172104917495
39.51,0.0,44.361446533399146,36.04007671022488,29.878947973582406
39.52,0.0,45.089232534388934,34.10295706394077,37.63068795858282
39.53,0.0,40.72238040838478,39.83992860927032,34.38780320477717
39.54,0.0,43.7974576870226,37.7203675694287,31.317646344540936
39.55,0.0,41.98676976629271,43.14734910235924,31.158333800341858
39.56,0.0,47.128004169203756,35.92405819464897,34.666159837907934
39.57,0.0,42.54958446361738,36.41652202738903,33.63792333001619
39.58,0.0,41.44438689814279,35.566591851019574,36.301157105591905
39.59,0.0,42.83647899513841,38.088861298516264,33.93389467613769
39.6,0.0,45.17834797861998,38.07241161033218,34.05112326068869
39.61,0.0,45.4331373116268,38.25902708057644,35.04214493104467
39.62,0.0,42.38760919955687,38.459960893216774,31.252180020614556
39.63,0.0,44.04896033082367,35.74857671001795,35.71074738833983
39.64,0.0,41.61807152314147,35.58485060678765,36.81163980649568
39.65,0.0,47.4011766199571,34.053765027127206,33.73286181050531
39.66,0.0,43.27531591960326,38.8176307608819,31.14016503676355
39.67,0.0,42.34067212904328,41.64107319723832,35.94147257672987
39.68,0.0,39.99484403494216,40.93798478103511,34.85520504267241
39.69,0.0,41.96541306932112,35.340142694882516,33.84063175639168
39.7,0.0,43.112037435394974,40.472991524892706,37.15154954461977
39.71,0.0,41.61416006895249,41.174761384653614,34.3883606544895
39.72,0.0,47.71240063979145,34.7489445560615,36.88997093306446
39.73,0.0,43.77888875587486,38.875358231689354,33.89806671631431
39.74,0.0,44.69185414618393,36.56859128903629,37.330461019485256
39.75,0.0,42.41996274345107,38.27418258211536,32.157836143983154
39.76,0.0,37.89284042070053,36.99627536585031,37.49440816088345
39.77,0.0,41.22694065943059,37.430289076275024,30.9212401073217
39.78,0.0,43.341066165760424,37.01988534628754,38.22841591884944
39.79,0.0,39.40987669873614,36.46273507278997,35.01934007210255
39.8,0.0,44.3363056572062,36.24037996362798,34.126572745975
39.81,0.0,41.25650566466459,39.650943498082476,34.961191806149756
39.82,0.0,42.6383936713558,40.52641666099415,33.867640655246795
39.83,0.0,44.45815060431647,39.43349467733365,34.797624606687805
39.84,0.0,39.848109358794176,38.29295195723387,37.02916187852429
39.85,0.0,47.05521205373411,37.123138508984084,35.35425392393905
39.86,0.0,42.61583983763372,41.163480936128266,37.613666455838825
39.87,0.0,41.84669031065777,37.79081376637515,35.35028519109171
39.88,0.0,41.16756358210425,37.84468874232038,37.954588496735674
39.89,0.0,39.92621299194643,40.98106087734322,39.71742915870103
39.9,0.0,40.9929614124598,38.61362086786571,35.434113496739684
39.91,0.0,42.51367508746426,38.779801767540704,33.11142695457429
39.92,0.0,42.41884157312286,37.20439480284835,36.836810514437744
39.93,0.0,43.08422105469752,37.48363248668859,34.70620032173209
39.94,0.0,42.92963321604114,38.165650686957676,36.50669288831185
39.95,0.0,44.34430503014293,38.232405301385114,34.03395025681687
39.96,0.0,39.416891232046716,37.92801129526531,37.16188138591078
39.97,0.0,42.463511366880944,39.5756856618725,36.800666700265765
39.98,0.0,41.73313337117055,40.35986080782923,41.52856039861096
39.99,0.0,43.96339879654023,35.89212851269649,37.022639779039714
40.0,0.0,38.05720781188457,35.54649128298991,33.13945663982386
40.01,0.0,41.90685495490764,38.353937825949195,35.64697802939557
40.02,0.0,41.196649610810915,41.64184101819472,34.06595617543052
40.03,0.0,44.25317500527517,39.01657466155514,35.481877792489016
40.04,0.0,43.42692544500962,39.613519441632604,38.20278363379623
40.05,0.0,40.43595636838061,37.84001645476752,34.18310448974927
40.06,0.0,41.02763640258891,35.77021463580111,37.89066458211368
40.07,0.0,38.19299013509315,37.71995937180794,37.551289388487945
40.08,0.0,42.51477673964337,39.06383341666733,37.2600314357572
40.09,0.0,40.801244843592116,37.462648211643234,35.47575686467758
40.1,0.0,41.04433306223885,38.13055041246095,32.82004222517592
40.11,0.0,42.16011965505349,38.840473806582786,33.0104934421892
40.12,0.0,42.69387010127527,37.623048069998376,36.10496728058715
40.13,0.0,40.06459778334168,39.03694888709542,35.9319959384202
40.14,0.0,44.47363378935632,36.620140767191515,33.08795028778726
40.15,0.0,41.93178851476938,39.42730289196268,35.385262079798736
40.16,0.0,43.24120709849617,39.88377780089857,34.974016385278155
40.17,0.0,42.939912230057146,36.954801590955306,38.2207652221698
40.18,0.0,41.64111164101153,38.80569471125044,36.60191837086268
40.19,0.0,38.98886937258154,39.32468104402513,35.94209738150931
40.2,0.0,37.10286856303645,39.2446684023546,37.13097951925563
40.21,0.0,41.50190499314587,35.22308956949461,38.50344151467943
40.22,0.0,43.239096108651665,40.06487280039068,35.656249559059994
40.23,0.0,40.846886495117346,36.61048599411494,31.329264919946
40.24,0.0,41.55341519791194,35.14816355208212,38.7657159031741
40.25,0.0,39.90393191463936,40.139834060563516,37.406231167077664
40.26,0.0,40.17980673117796,35.66493351606157,34.49674443154294
40.27,0.0,38.06586903067715,35.819040739638304,37.37910823254059
40.28,0.0,40.48692959376325,42.435670969208346,35.696549398811904
40.29,0.0,42.458540340625184,35.64112386286815,35.83990240015416
40.3,0.0,43.7609977121376,40.19999814419555,40.08979870228933
40.31,0.0,41.78772778051756,37.659387480319715,38.16376165427906
40.32,0.0,42.249092400371225,36.12583593279055,33.09628894874253
40.33,0.0,41.64254909432087,38.89264809370254,36.869620722941974
40.34,0.0,41.27621464308213,38.084897921060616,34.16172330247188
40.35,0.0,41.628428664495765,39.07150134696133,39.25373518991493
40.36,0.0,40.342913548816085,36.97710938536742,36.71316844321731
40.37,0.0,38.97008399402079,37.848364501453766,37.37560600507861
40.38,0.0,37.88566704745137,39.37630328535674,34.329412949874985
40.39,0.0,40.763627855059944,34.285646223960214,36.650133150772106
40.4,0.0,41.74855562553412,38.17817635889341,37.72911929352719
40.41,0.0,44.82032658404849,38.38358965423268,39.565529910861464
40.42,0.0,40.7171577182744,38.815239169896586,37.71491558914136
40.43,0.0,38.075429633229206,40.16576625923211,39.00152741801229
40.44,0.0,42.676661829443205,36.10522163479691,36.61114966166594
40.45,0.0,37.62007969939217,37.485742046340825,37.45392285661979
40.46,0.0,38.1361375042843,36.37306517401032,32.32218293503092
40.47,0.0,37.809927752007624,33.57413612469676,34.672035304612265
40.48,0.0,41.00919954821836,38.45274307274015,33.74705152661756
40.49,0.0,42.37581513807959,34.745579360650645,37.05227615304656
40.5,0.0,41.864051776421334,41.84850523993575,37.074125785377696
40.51,0.0,40.28791663726884,38.14898356581384,37.33015014286129
40.52,0.0,39.232199692034705,37.79648008125689,38.16668045234166
40.53,0.0,38.78461893199967,39.495637099407375,36.16835885756217
40.54,0.0,39.35021727948376,35.447350161754784,39.1959092583559
40.55,0.0,41.978168691394835,38.39217189031034,34.060932857192554
40.56,0.0,37.786678451189964,39.008946100236585,35.49328207590242
40.57,0.0,36.14319757057941,35.25893829353917,37.674865429186994
40.58,0.0,40.3186286509771,34.084652532847365,33.03791192986108
40.59,0.0,39.94141119281737,38.38787849908428,35.79658130467482
40.6,0.0,38.502399431028,32.04432193888164,34.246667816128486
40.61,0.0,36.16876779903943,36.421756965803894,36.739984665280446
40.62,0.0,42.873189536689225,40.696620633010426,38.94580196182803
40.63,0.0,42.87833115763924,39.17073396478048,36.62419787165122
40.64,0.0,38.0459078578608,37.30600179182375,37.1145875382646
40.65,0.0,42.660266137479276,34.45569640578918,35.0538241839072
40.66,0.0,41.77892973189773,37.62784885547247,38.69078959895026
40.67,0.0,41.15115223377108,37.411245577314254,33.90807480062116
40.68,0.0,39.722690431670394,38.20305639175812,32.86390424096305
40.69,0.0,39.54503882775421,37.60338880038941,31.979446626987826
40.7,0.0,40.18908459069505,34.778827545393,37.94859405550035
40.71,0.0,35.49001703417544,40.30127891877041,36.639873496861014
40.72,0.0,37.18973767078184,38.538509562147496,35.81070850024106
40.73,0.0,40.97894144194986,35.73909951880459,38.65454918393486
40.74,0.0,38.587030080234086,37.3736826501955,40.73041104866846
40.75,0.0,40.923712163473176,35.99074937693664,39.474755308017
40.76,0.0,36.47885008613704,39.41805008900201,32.115534749181
40.77,0.0,37.28957185502921,33.58736989958552,33.84219710527904
40.78,0.0,45.86412736907686,36.0444966391222,37.58677456117981
40.79,0.0,38.426480977685834,31.998725289185888,36.997452980866655
40.8,0.0,38.51687573270435,36.18921813655843,38.310831529368954
40.81,0.0,38.44716893038697,40.504551030470225,37.698925306059934
40.82,0.0,40.90326998953488,37.91379177507722,35.516404608384455
40.83,0.0,40.571789589930376,41.13352077692312,36.049848365838756
40.84,0.0,40.4478267682945,37.31545959684436,37.92444281673409
40.85,0.0,37.49202001560126,38.89432054137991,36.25757456719521
40.86,0.0,38.62238143143231,37.98590089775103,41.64913485358008
40.87,0.0,42.11401070884937,39.210014755221046,34.68388476771005
40.88,0.0,41.45604120989726,41.28693115958706,37.64755260960393
40.89,0.0,37.96063833196904,32.01651055029694,35.38369276362382
40.9,0.0,42.186958331925425,39.31280375166318,36.98468072032336
40.91,0.0,41.71502959203154,39.71111887392005,33.32726463088366
40.92,0.0,37.13004697056868,35.636139401280175,38.11160750908451
40.93,0.0,36.319754169035456,41.07220139537074,37.987268522740706
40.94,0.0,39.829081131523985,41.52928508766862,36.384764418328984
40.95,0.0,39.25721249880065,36.26063326048377,38.46188208660343
40.96,0.0,38.41009435871618,38.96509796211771,38.20653036450042
40.97,0.0,42.3832079961897,38.78899952799273,37.92878082270997
40.98,0.0,38.91053469984623,34.74766334083538,34.734192879983794
40.99,0.0,41.6895303717401,32.90337531179333,39.82557859510324
41.0,0.0,42.27357655718864,41.01507344894312,36.862492844712875
41.01,0.0,40.62063146938986,39.31377984385172,36.2653491702207
41.02,0.0,41.98436220036073,36.44230993070621,35.66681351149116
41.03,0.0,39.817772097359686,37.730714612195044,37.07524424459492
41.04,0.0,41.16849708269795,39.93876839285454,37.14820194800795
41.05,0.0,38.383668952999,35.53733492273666,38.71317573465039
41.06,0.0,38.754765756545225,35.07697324383374,35.58714603322546
41.07,0.0,41.256167692999774,38.62473715556586,33.63370483093717
41.08,0.0,43.78959720806535,37.635470498250356,37.16025869753861
41.09,0.0,39.70076407159061,34.70894574889007,38.29928545375276
41.1,0.0,42.042798264650706,38.24222843357163,40.93076859810268
41.11,0.0,40.559446715455316,37.29958096949049,38.87704749863681
41.12,0.0,41.82360462036305,40.69600784623684,37.58792891647416
41.13,0.0,44.066015813686306,37.377394743795215,34.7674394703244
41.14,0.0,41.63469521724002,39.34686487945463,38.97664222992381
41.15,0.0,41.62009660134258,38.06176780142011,36.08733594990878
41.16,0.0,40.42679318662494,39.798842755268836,35.68715855548553
41.17,0.0,41.17352003417648,39.81798774557289,34.91000972962074
41.18,0.0,39.79143384701825,40.10091181250805,36.18364761976705
41.19,0.0,40.03110250776332,38.56800460762941,39.95771593566954
41.2,0.0,39.06507562703513,39.76191608301262,37.42903612768244
41.21,0.0,40.362520459828346,34.342970810915176,39.06972748781616
41.22,0.0,41.508316509646505,38.87054025121183,35.193705601436406
41.23,0.0,40.06400104146189,38.139675505580676,34.83274873332855
41.24,0.0,44.34873304497332,38.527162343640086,38.39562777575723
41.25,0.0,38.878508489890294,38.76938498735593,35.827080934480435
41.26,0.0,40.018327261497404,41.14566769472081,37.9915700927819
41.27,0.0,41.41075902661512,36.32052427668098,35.21790482274574
41.28,0.0,41.321612336456475,42.81389007135731,34.20242011899448
41.29,0.0,43.2628645100031,38.8160063674249,37.447694540406445
41.3,0.0,40.31261881183698,36.85392413451467,35.48739269457425
41.31,0.0,37.77769706051457,36.993889960596086,37.58432772754068
41.32,0.0,40.35316174312922,36.764166674050166,36.48413987026265
41.33,0.0,38.421879923529396,41.44055139985761,36.52798195770528
41.34,0.0,40.67480807011318,34.19920281644253,37.73775570329732
41.35,0.0,40.399082989878465,36.28500832589112,37.4924515229849
41.36,0.0,42.39835332767181,39.30084865758329,32.4619965020142
41.37,0.0,42.37319403830163,34.06713539218802,37.12997492415746
41.38,0.0,41.72608423826481,36.28474404744462,38.84250456767291
41.39,0.0,38.111492818333275,41.099949230474394,34.78715746371039
41.4,0.0,40.922005873207866,38.26583203247399,36.48393339730235
41.41,0.0,40.321619654462864,42.62809837280082,34.562344929019936
41.42,0.0,38.13223014447012,36.456573550690656,32.07174156355541
41.43,0.0,40.7568842178249,38.649287658334835,33.96422731458648
41.44,0.0,40.669006583155394,40.16537341521114,39.1019652888999
41.45,0.0,41.106533619152174,41.94030411468065,38.691729298183596
41.46,0.0,41.75877099110837,40.25278894641272,38.48567212650065
41.47,0.0,41.23801430279986,41.994806744560634,32.98261170919593
41.48,0.0,41.39387013015557,39.76596152698753,36.37023577213552
41.49,0.0,41.23965395628898,38.9875466045925,36.926051535114325
41.5,0.0,40.29099587810959,38.77699063572065,34.70810904555403
41.51,0.0,40.12713818616863,39.19988506975231,39.647595052296204
41.52,0.0,42.20570581595744,35.409518474378835,33.8457239162539
41.53,0.0,43.972012892038435,34.87156240494725,36.488252419438396
41.54,0.0,40.10750612991618,37.89518380336822,36.561663666222124
41.55,0.0,40.85753670431867,41.335566575950814,32.83320602317545
41.56,0.0,40.7288750848551,38.46837373711527,36.070591773221125
41.57,0.0,43.08522256501959,37.72010161010894,32.11219972842452
41.58,0.0,40.40046985886373,36.36890835393723,37.557652507618016
41.59,0.0,45.49151240523057,37.20634875982857,36.825850226564064
41.6,0.0,42.28423796327753,37.93172786892844,36.667123426937835
41.61,0.0,40.68234341183598,39.69990702847466,34.43885234312684
41.62,0.0,41.419036215725775,39.061912764385916,37.60283490346204
41.63,0.0,42.18970527043271,36.74309698680809,34.25217651022451
41.64,0.0,46.40091763480921,36.27623455458666,33.20075933311197
41.65,0.0,44.24308660848439,39.145577900501486,33.56739484847082
41.66,0.0,40.34276391882482,40.86521051493776,34.50260386320426
41.67,0.0,43.41828725939653,37.31766052742059,33.23643458197573
41.68,0.0,42.807930001884166,40.501103493856476,37.456568497966465
41.69,0.0,44.43831209248867,36.95087153493851,36.00357445391054
41.7,0.0,42.06722461010707,37.47278981763097,39.025656710616154
41.71,0.0,41.496986646680035,39.18083523318289,37.64598259126851
41.72,0.0,45.99413346927855,36.11385532151069,32.38860318994696
41.73,0.0,39.3542001356395,39.42962824328433,36.221447216462764
41.74,0.0,42.10133641428475,37.8497968566837,38.29282270146016
41.75,0.0,42.60779777461393,37.48201359629046,36.66801563942211
41.76,0.0,39.05976511884018,38.78285257637549,35.784009690772066
41.77,0.0,43.260500515947456,37.729018056167014,35.684972318359975
41.78,0.0,41.03199833456539,39.02199320344194,37.171386337063836
41.79,0.0,44.99715030299078,38.70440009356495,31.068715749930863
41.8,0.0,39.125795276836435,34.663139449008,32.96007756255318
41.81,0.0,43.64280279789046,40.69122941685816,35.65414197062669
41.82,0.0,42.29018251184591,37.241636244129424,35.694975956247724
41.83,0.0,42.8050795327526,40.47994653453359,37.82511569311252
41.84,0.0,42.567581608525025,40.01595824730326,32.87454836223614
41.85,0.0,40.02929968473908,36.252099551831634,35.348872890945415
41.86,0.0,44.75068422971811,36.25265060255378,37.1178819634813
41.87,0.0,43.828082158548675,36.91168388155249,34.742696892363135
41.88,0.0,41.68770180065186,37.80360363872695,30.474722763881427
41.89,0.0,42.252935565636186,37.74799999949624,31.099967335722873
41.9,0.0,39.84437359284008,38.44045673223825,31.083414476352274
41.91,0.0,42.85349629384832,36.64552920320449,33.56088398492335
41.92,0.0,46.41841580546324,35.616249098473126,35.90546220472374
41.93,0.0,44.126164501460096,35.67592246102333,34.69393097296352
41.94,0.0,43.20238029453762,37.29493831676381,31.94636898339135
41.95,0.0,41.34909065205052,36.88173978326566,38.04590461605045
41.96,0.0,42.06839457833419,38.70902649330254,32.88300202067615
41.97,0.0,43.896045149626815,36.26952419321989,34.28890893814738
41.98,0.0,40.95917048313616,37.92908993446028,34.08164494711232
41.99,0.0,43.838783433196,37.00262329319284,31.333067389627967
42.0,0.0,43.071874627512706,35.616192244073005,37.4891075765612
42.01,0.0,45.807069071710984,38.6079897211561,33.80065694187004
42.02,0.0,43.81010944188525,37.66558044104898,33.474921041832125
42.03,0.0,43.423146757193585,40.879772475379816,30.276199378550636
42.04,0.0,40.72850192630343,39.92517489464652,30.40861062240297
42.05,0.0,41.83807207938122,37.51306980127464,32.27174887111402
42.06,0.0,38.987454762341876,34.59310568619734,31.471502483895392
42.07,0.0,46.6787887480785,38.377701799921546,32.4294784988171
42.08,0.0,41.17651493582982,40.050564564966706,32.07097805560514
42.09,0.0,41.99587628206318,35.31419427198082,31.51782879751885
42.1,0.0,42.83066645321145,37.36296696642823,34.290136905164935
42.11,0.0,41.008267746888954,37.502105139665005,35.61093321821397
42.12,0.0,38.99069007257067,40.831222491440045,33.18144707001572
42.13,0.0,42.73135851889883,35.94842867158001,34.00332626100668
42.14,0.0,40.649387848212356,35.41807272586043,32.0136513555089
42.15,0.0,40.83807863464358,34.88687637014636,32.69830138234576
42.16,0.0,44.10439709031393,36.35877585108461,33.83417373572067
42.17,0.0,41.88880806856953,37.98138219822929,29.829561105438582
42.18,0.0,40.91812698967806,36.8523191303064,29.64070410006435
42.19,0.0,43.19629469129766,38.70087833896549,29.463292531426088
42.2,0.0,40.80745761733824,34.70149686535435,30.636548440612763
42.21,0.0,43.59108853455178,34.306739243598,30.74951250127959
42.22,0.0,41.78563529767376,35.7153047025269,34.67855086800078
42.23,0.0,43.27471068756933,36.12629858646844,36.498283175334294
42.24,0.0,45.098134145968196,34.86499898930187,29.84347552764664
42.25,0.0,42.66842860290163,37.65347302487672,31.554765471184204
42.26,0.0,41.296045549794414,32.59470031066358,29.678075373774693
42.27,0.0,39.91554396788768,37.64469118969955,33.666339124995766
42.28,0.0,40.9916467974036,39.56419194598778,31.953957019311346
42.29,0.0,37.21201815137946,34.236314148026004,29.159394044777073
42.3,0.0,40.234615014138626,34.779367923331456,33.27822814438716
42.31,0.0,44.22987053606534,37.20908005512955,32.69330851519869
42.32,0.0,40.30489293315414,34.74838593889036,30.63686765849877
42.33,0.0,39.45326797129993,37.756265229163525,29.26543026569649
42.34,0.0,41.71162572056452,32.693670289526864,31.689600655679406
42.35,0.0,42.996008319831084,39.5030401337157,29.796424025432415
42.36,0.0,43.06328731092007,38.64462044934756,30.235220019185356
42.37,0.0,38.87145843242661,35.061958830268786,32.097444931758396
42.38,0.0,39.81837216263836,39.02182437804949,30.408423511220093
42.39,0.0,46.9720893196304,36.215643011789425,31.20010652096511
42.4,0.0,39.92219000921733,37.300615688009145,30.839849023317345
42.41,0.0,45.87978723975603,32.41576817326586,28.91436442938979
42.42,0.0,41.725558996594295,35.56349279924012,34.70563846416449
42.43,0.0,44.036384149754426,33.65954329163245,27.050274037308398
42.44,0.0,41.17885722767956,36.34324439206794,32.04834498385676
42.45,0.0,42.03049540115585,38.78568809973765,32.231600935019785
42.46,0.0,44.50133577528835,34.46579455693636,29.14361503385904
42.47,0.0,41.09845654376269,36.72371154424104,31.1387422967169
42.48,0.0,39.64860347900102,34.44994434620673,27.508347412698683
42.49,0.0,44.38466627618466,31.142429477710106,31.716959335613055
42.5,0.0,43.03568381869359,40.09233619723607,30.047357284410865
42.51,0.0,40.137382391135034,36.6167512903847,28.50230906541844
42.52,0.0,40.80823473619796,35.33855947218815,30.685754772977813
42.53,0.0,45.91984019164587,35.08678205137207,29.944181976796216
42.54,0.0,46.513424847488906,36.814326464159315,31.86907266403443
42.55,0.0,41.24631019621889,34.27180466680055,28.632262604579548
42.56,0.0,41.0227516276498,38.034044656855556,29.89086771722056
42.57,0.0,43.16822578949697,40.05365818921911,30.13291250471291
42.58,0.0,44.13351472819553,33.66286486562188,27.325014506268975
42.59,0.0,39.69464165113437,34.795856278546125,29.46897980594734
42.6,0.0,41.11789134130541,34.84583894348946,30.766778368371376
42.61,0.0,41.057900440694844,35.19240884545846,28.71066294806406
42.62,0.0,42.79598739574282,34.581140030763756,32.73975279133673
42.63,0.0,42.00492143326025,36.9442151814106,27.311729222443176
42.64,0.0,40.45771141824077,34.163553813795374,31.801222005170764
42.65,0.0,41.86251195142637,31.661322681988302,29.701522138167956
42.66,0.0,42.36896388684171,35.48524022309785,28.848182579136136
42.67,0.0,43.20907371321948,36.25106141045384,26.97296012451433
42.68,0.0,40.89357841901221,39.23343216367364,26.443504689293654
42.69,0.0,40.60372347268356,34.904168260846966,27.82243186686747
42.7,0.0,39.83204601180411,33.160954375213265,22.76623995242042
42.71,0.0,44.34327009117977,32.30605432008762,26.66954068855151
42.72,0.0,41.486417879805806,34.352610491912024,28.542725494345845
42.73,0.0,41.78027609308375,37.048957357915995,25.169375036006933
42.74,0.0,38.83008909070645,35.27996694371543,25.16114564338093
42.75,0.0,40.660382831444835,31.27241201223243,24.61876843856147
42.76,0.0,36.890711814847776,38.44483836778991,25.09145901393811
42.77,0.0,40.76718069876517,36.519737221260144,28.343086187381715
42.78,0.0,39.36331345466009,34.479007411048215,25.787539677748235
42.79,0.0,38.392112837867266,36.99810519524847,25.50124790800167
42.8,0.0,37.21901431489764,33.63528190889606,26.88246872324392
42.81,0.0,40.57604161200901,35.625863745779135,25.77759763881465
42.82,0.0,40.5713400563205,37.00812440884035,29.690896424521064
42.83,0.0,38.44861246334719,37.50625371169881,24.493082229823777
42.84,0.0,41.24362101180642,33.623957787362855,27.769806101483532
42.85,0.0,42.204409290989716,31.473507651330944,27.034628595918807
42.86,0.0,39.89137754489422,33.31771281997621,25.495719949649086
42.87,0.0,38.316233049443724,32.58268131371592,27.10972710108069
42.88,0.0,45.15300986118901,33.644630705048854,27.7622485180221
42.89,0.0,42.228779292008745,33.93150848221339,23.885967270777012
42.9,0.0,43.86024557949891,30.148906527312448,26.061859454586184
42.91,0.0,37.53135469383454,32.78796115379353,24.87361112622789
42.92,0.0,36.992387040044896,35.517124887942856,25.381701241700615
42.93,0.0,40.263837879426454,31.117707522471974,24.20607312127213
42.94,0.0,41.447447606399614,35.23803882869415,25.70335318336359
42.95,0.0,38.85582579611802,31.24941770310341,24.334756245699307
42.96,0.0,36.63238859997515,32.97417766936121,26.559485264693294
42.97,0.0,39.50921939833779,33.145015554421015,24.973608928345836
42.98,0.0,39.32052986054503,30.991414359572605,24.39460718714174
42.99,0.0,37.794779070232515,32.697173005348496,24.54368642995114
43.0,0.0,39.14947307691822,32.379052642250635,27.555436054721355
43.01,0.0,37.84614778406045,33.50917943899918,25.59493935620521
43.02,0.0,37.851792947532516,32.498992159201855,25.632925918013726
43.03,0.0,36.557517923018274,31.099210957621516,24.852164739425184
43.04,0.0,38.25751816721035,31.677693146978505,28.30415528607385
43.05,0.0,37.610033403297585,33.44441448567405,26.70315784644236
43.06,0.0,41.16963410585525,27.170056715314093,23.593749992315402
43.07,0.0,37.0087256760558,33.1105844446722,21.85781599440518
43.08,0.0,36.05273488175363,34.415794823342765,23.48506566343847
43.09,0.0,39.97180899713258,32.47998621445406,23.69439229969497
43.1,0.0,34.03961615474562,31.51407562653432,25.747456027014554
43.11,0.0,38.228331694507226,33.49052073106804,22.054464114380533
43.12,0.0,37.8610311338959,31.177529196703613,28.71263593999719
43.13,0.0,38.47616448595017,33.05233269403006,25.625265998294566
43.14,0.0,37.3685862126872,28.355434432586307,20.596004091692425
43.15,0.0,40.87044272558915,32.42213624130305,28.635564412537725
43.16,0.0,38.621168224446755,32.738706328030425,22.65218561046159
43.17,0.0,36.235517015368956,34.44079413856742,23.147654188463473
43.18,0.0,38.83915654047196,29.333746775739733,25.66028113609302
43.19,0.0,38.98861964750444,30.211396918406937,23.94282678712543
43.2,0.0,36.35640729100116,30.65934963228142,26.133285184277216
43.21,0.0,35.51517389271887,33.417046371826586,23.3250648813642
43.22,0.0,38.524094513230445,31.029761246147,26.03846856131706
43.23,0.0,35.895569294276186,30.73565585554983,23.58148545125507
43.24,0.0,35.43100816586931,29.99486517182486,22.049851887122003
43.25,0.0,32.13762622440481,30.34787113951496,26.113706109638407
43.26,0.0,35.26753623339874,30.63181706149031,23.971471221841302
43.27,0.0,36.595906407030085,29.310029150479075,22.048604813089774
43.28,0.0,33.91797257379082,25.68789146429619,18.73244047389432
43.29,0.0,38.75390590979244,29.88096114578149,24.97119651895724
43.3,0.0,35.547130683621695,32.71471810995502,23.328577984141397
43.31,0.0,37.76028228938632,32.506261631907805,21.41909837762323
43.32,0.0,33.66679459524508,32.96305658729987,26.323982149722397
43.33,0.0,34.17992324211519,32.80496475875235,25.737816053430144
43.34,0.0,31.98529000575939,33.98414876580415,21.382583577842766
43.35,0.0,34.68697003073606,31.49732647742148,24.336130404356844
43.36,0.0,36.25730784357014,30.257932877805082,23.855532296083663
43.37,0.0,34.52263595316097,28.656028010401386,23.408229939172564
43.38,0.0,39.11597328609119,30.660496404773067,20.239078340971915
43.39,0.0,31.66957315738402,32.57516337892557,21.085111019670496
43.4,0.0,31.361729991198033,28.65418353583332,21.81436599453691
43.41,0.0,35.410975427246264,29.697919926998228,19.37398278008625
43.42,0.0,34.871021510603725,32.691574242194285,22.673611995645057
43.43,0.0,36.54971318787088,33.5182459033892,22.39904705938877
43.44,0.0,35.78045067601494,28.58857369609254,22.339756423693125
43.45,0.0,36.95634329915593,27.75607396467316,22.16146645829523
43.46,0.0,38.895706352328716,28.85596138825172,21.328777409931856
43.47,0.0,34.07468159441855,26.34987047871213,20.417501067558366
43.48,0.0,38.458861683050884,27.3971631706881,20.44914328703548
43.49,0.0,37.76752383824382,29.823609479134532,20.996051517970347
43.5,0.0,34.411466818116416,27.687942575496766,22.007299235153805
43.51,0.0,36.155509490108585,28.32324138179176,21.780815073411794
43.52,0.0,36.09489868757006,26.673075276726106,23.791346125074814
43.53,0.0,33.75996388921573,30.21606860051368,19.579543407500267
43.54,0.0,36.5089075643509,29.681606147758878,22.144778184182936
43.55,0.0,35.04943182771528,27.953587252882695,23.607407355671548
43.56,0.0,30.753832296028357,29.91102343586041,20.596121691204843
43.57,0.0,31.48408072875578,30.845993713498515,21.8263087324328
43.58,0.0,32.61469961638705,31.268844413296172,17.62064181987551
43.59,0.0,32.150010508648954,29.595462027034813,21.432187762083935
43.6,0.0,34.6343155498001,30.496821310733875,16.70147581689031
43.61,0.0,32.883351988727085,28.150052988104882,19.488377727155363
43.62,0.0,33.23227602217445,28.54861494111882,22.269915592046587
43.63,0.0,35.633334315881534,25.141431509386017,20.58455816335265
43.64,0.0,32.865257954636576,29.044660758173574,20.017051163137534
43.65,0.0,32.12493971234778,28.80561337570241,19.991828332346667
43.66,0.0,33.96814115315111,27.282117445756597,20.18503748927155
43.67,0.0,31.45160917808142,23.23668307437558,23.455077556836617
43.68,0.0,34.5872803218851,30.875590941604678,24.487596629898835
43.69,0.0,28.978065636435975,29.760357472452505,25.774771808535455
43.7,0.0,33.03215468056261,23.635787860821893,20.977880471905515
43.71,0.0,32.17605909507089,25.46315230051226,22.696605336574933
43.72,0.0,31.937229699992837,27.257233914791897,21.4610711424238
43.73,0.0,31.032400724877505,28.93443989626764,23.41687799841806
43.74,0.0,30.275541273479966,28.703006187485666,23.621344273106516
43.75,0.0,29.795586647076917,28.036456166297196,21.019531695819943
43.76,0.0,30.59571110811787,31.76248254781372,20.3827208552571
43.77,0.0,34.399196798717036,26.68533208360987,20.747112106989
43.78,0.0,31.183292855781,27.102024947001272,21.757477885637655
43.79,0.0,33.33941485022853,29.520349283822362,22.40564586816334
43.8,0.0,30.773953763262522,25.28676639626312,20.142484446235304
43.81,0.0,33.37971385670233,26.74664161168069,16.843647299802115
43.82,0.0,35.759256191677856,26.71070386140802,21.66494316229328
43.83,0.0,33.19895310106747,27.777387807800825,21.84425597617416
43.84,0.0,30.288068166870694,28.95366720403917,18.408306015785445
43.85,0.0,31.68816199630459,28.641441942462112,20.598933536921955
43.86,0.0,30.76647508474007,26.921981753618304,19.758392308804137
43.87,0.0,34.813384926635294,24.68627454964352,18.61111546103249
43.88,0.0,29.258843052360323,27.2787997807151,20.78949066064854
43.89,0.0,31.32365362186921,25.860773191035918,22.46305859014931
43.9,0.0,30.22330857708293,32.19330141915054,19.85497833429247
43.91,0.0,31.577471147018038,26.16729712663916,17.775740240092613
43.92,0.0,32.18321098538845,25.74444012585108,16.313228545102035
43.93,0.0,30.743631413050824,28.278137242689095,22.521073455375063
43.94,0.0,32.8671711497946,27.30036098331545,18.672472329110455
43.95,0.0,33.892666166877206,25.70802507062598,19.247031731051486
43.96,0.0,33.63109595546258,30.544724999965215,19.069169541078537
43.97,0.0,31.762441968996093,28.11452866337263,20.967911123857835
43.98,0.0,29.473768603312102,29.562417051724097,18.44399069024533
43.99,0.0,30.337344428221964,30.44000022712695,23.260816118820376
44.0,0.0,29.971988179074287,28.020822328178753,18.519961438607332
44.01,0.0,32.12084575818075,26.387992845392073,21.078284320928528
44.02,0.0,33.41864748184918,29.687316111438236,17.76326824965564
44.03,0.0,30.910988839879685,26.3116343259923,18.39290448152807
44.04,0.0,33.03316580522382,28.12092546085832,17.082613755047497
44.05,0.0,29.618583921431735,26.545394130136767,21.52744016472918
44.06,0.0,32.372710364232326,26.016896378227226,17.504273218910797
44.07,0.0,33.595610022470396,26.829888909686176,18.447870770503116
44.08,0.0,26.869286344988417,25.272427045605152,20.411538263415142
44.09,0.0,29.620511146053882,29.152481667422187,17.003741578440554
44.1,0.0,29.363880306561658,27.7021921044843,23.605338604617433
44.11,0.0,32.87841113909256,27.608422447257077,20.88962199637245
44.12,0.0,33.86653116960749,25.923421615595224,23.003705128664148
44.13,0.0,29.917196282020722,23.769607611755173,19.00746723812171
44.14,0.0,31.183399027183015,28.026255899049506,17.861182051693774
44.15,0.0,32.159664512382086,24.456877996089098,19.235647516309264
44.16,0.0,32.384171673222035,27.64627588860053,17.593411263238004
44.17,0.0,32.565607400962904,30.022484116067695,20.329901026235394
44.18,0.0,28.9529531192311,27.781462139321654,16.48083866239676
44.19,0.0,29.00268270234068,27.036258450844194,20.451459591428826
44.2,0.0,32.26474378168287,25.539467245490254,20.090642723476815
44.21,0.0,33.17554583457276,23.016135600844006,16.76520608742751
44.22,0.0,31.16445454543713,28.968209912508694,18.347884063453694
44.23,0.0,31.69174734318578,25.505125202231735,21.1315393717709
44.24,0.0,30.685743954927677,29.216472015212332,18.689289921889
44.25,0.0,33.59894225971111,26.492155086766868,20.594743131240048
44.26,0.0,35.787438253811615,30.451774613021147,17.728252578783533
44.27,0.0,31.220848843890096,24.08229775770742,18.94742708316241
44.28,0.0,30.454841022515623,26.247827132147094,21.7111567494298
44.29,0.0,33.715003778827274,27.989537347035633,16.663126045174053
44.3,0.0,32.64460965735619,26.84065554839056,22.062599977765
44.31,0.0,32.50453759586204,24.91869037697145,20.506242548155754
44.32,0.0,31.801721224933477,22.94547092884074,19.424640579867372
44.33,0.0,28.876521347779974,26.396689628640743,18.238576324282384
44.34,0.0,33.56790205366319,30.868370932318,19.340820901962804
44.35,0.0,32.13783987368506,28.8050343460461,19.1209645159117
44.36,0.0,32.14123229340852,29.9886864469798,20.242893506110033
44.37,0.0,33.23983956359617,25.388220103153397,17.748164716522936
44.38,0.0,33.02416760838411,28.796411924924843,21.816858830141364
44.39,0.0,31.21012082189067,26.334632903232563,18.784431948388224
44.4,0.0,34.63778880538219,30.341376955192853,22.042790971277526
44.41,0.0,29.80698265487116,26.608815245783536,23.12800820841094
44.42,0.0,30.655705747069206,24.85716112860998,19.743626571314035
44.43,0.0,30.649250062431133,25.961134913316997,19.718183669463336
44.44,0.0,31.44711860387559,28.959615702975217,20.529033183818004
44.45,0.0,31.53049202724598,25.637813591309893,18.62112957666791
44.46,0.0,29.76542173666113,28.143905790925206,24.826325691062113
44.47,0.0,32.910708203017165,28.51421221713841,19.907537663750983
44.48,0.0,35.98968529506659,28.044367319903053,19.841345618110775
44.49,0.0,29.000556684779433,24.879506159242972,20.77500598915746
44.5,0.0,29.189495624821312,26.19811878427682,24.583339519648327
44.51,0.0,32.10524462539502,32.24900955268366,22.793644891561136
44.52,0.0,36.047229423500504,29.81831323223011,24.25405785993405
44.53,0.0,32.919310800561384,28.049788468775787,20.103946588284035
44.54,0.0,32.438301484710735,29.063630287093243,20.814327062716377
44.55,0.0,35.98762385111709,28.14216823613706,21.573970822261103
44.56,0.0,33.83764354823895,27.90649746967741,20.748663645399883
44.57,0.0,31.25885632625341,25.82101616219782,19.245682979823656
44.58,0.0,30.96779980799735,32.37566130526078,25.25784134176449
44.59,0.0,34.8474109086678,27.614884230485558,18.735803224643814
44.6,0.0,35.217908862376056,28.37874333437391,20.48530432328161
44.61,0.0,33.00564828963542,24.69786824618724,23.682816696736655
44.62,0.0,35.39832309126467,31.732264492631323,22.316680169744007
44.63,0.0,33.4887641583864,27.380072224889403,21.59028323061374
44.64,0.0,34.35658858280111,29.957001024922654,21.262936157510133
44.65,0.0,34.31797314686437,29.85443683215869,17.81839310903282
44.66,0.0,36.10515372640609,25.003532345781398,21.094674583625068
44.67,0.0,31.42392751739707,29.654857367558353,23.941649995140267
44.68,0.0,33.18096620981117,27.506254720838935,21.424804741074986
44.69,0.0,34.33903634990266,29.493427497648018,18.98604241834146
44.7,0.0,37.07650992390937,32.19747302971832,21.016578559305536
44.71,0.0,36.47771567100062,32.904023210694874,19.835520304629167
44.72,0.0,31.988109332654034,33.553129781649595,22.506242185932877
44.73,0.0,35.351611865327435,29.414967378826844,22.740145573257532
44.74,0.0,35.29829596162929,29.4368839732178,21.99704606899245
44.75,0.0,33.4257983582825,32.65503948877773,19.747045515828415
44.76,0.0,34.491896126799055,27.662027570305995,20.573942368833926
44.77,0.0,35.14901886328165,32.092129655110355,22.430657322189113
44.78,0.0,32.78133748542442,31.761351796198703,24.73307065532877
44.79,0.0,33.4963698099352,30.7163336331675,25.59693089907762
44.8,0.0,34.46889951754112,27.551905664237633,21.07889761666769
44.81,0.0,35.49702523964733,33.59320559361625,23.182258747850643
44.82,0.0,40.075403190792755,29.82395856691905,26.933991894783702
44.83,0.0,36.865559861729594,31.91234596794695,25.182836364575188
44.84,0.0,36.12625807389643,31.548566073103597,20.910624889521756
44.85,0.0,35.54248627213902,32.149504834656256,24.443741881863243
44.86,0.0,34.39180362442854,32.87503343837298,21.279152744419722
44.87,0.0,37.8083816678115,27.73854718797964,23.95637011982618
44.88,0.0,39.18708853321637,29.364875409484814,21.33661818068866
44.89,0.0,35.48833001652501,29.712600872286874,25.394292041628205
44.9,0.0,33.822248514390324,32.25179095775155,21.160516599054304
44.91,0.0,33.87275565858561,30.654602772880743,26.04876998337947
44.92,0.0,34.96406544634257,33.52444302176993,24.87848465527684
44.93,0.0,34.77662083392259,33.995679959616986,20.88333283124128
44.94,0.0,34.85701873948202,32.20095967554763,22.62758249590367
44.95,0.0,32.190494460415984,30.627426150141424,23.224505613446226
44.96,0.0,36.20786762112308,31.763326038891897,22.464076355663998
44.97,0.0,38.538263938047336,32.38237629487555,23.094153942832325
44.98,0.0,35.03507644377805,28.60449073332243,25.260850196715115
44.99,0.0,34.20942470241184,29.17810833604867,22.908504696016678
45.0,0.0,37.069454557667065,30.76696349124165,25.124077464875654
45.01,0.0,35.42280620191957,32.989889722198264,24.62039911837094
45.02,0.0,34.18983354342235,31.92400163832615,25.21352956648724
45.03,0.0,38.30059829547543,36.16223499069278,24.749083573639666
45.04,0.0,37.06607016114619,30.289006809301878,22.53725535014666
45.05,0.0,36.58911230375049,32.822493118759475,21.506963942640837
45.06,0.0,39.533631375272286,33.130971670696475,23.579971034369017
45.07,0.0,38.591929709324006,29.863411129848437,30.27588990756871
45.08,0.0,34.621806311806004,32.12792911092863,27.49156501406808
45.09,0.0,34.87633301196722,30.53559215238499,25.164363757863594
45.1,0.0,37.97118796996269,33.46422417618377,22.149060774241914
45.11,0.0,36.68633187072484,34.64850894260462,22.954242841085087
45.12,0.0,32.643389424402116,30.60705830660891,25.653985987802816
45.13,0.0,39.90720257978152,30.368076363754263,27.44868878312095
45.14,0.0,40.37796274037622,36.17029605221724,27.851355662685506
45.15,0.0,36.80471513133563,36.584938796839566,19.809116676215773
45.16,0.0,39.311342293532405,33.417415893602545,23.685996055764978
45.17,0.0,36.593531594254394,34.03428324640506,27.352763605223718
45.18,0.0,41.52543778194209,36.01962434866235,28.37243498442408
45.19,0.0,42.099810272156915,35.66368220764591,25.001397473059747
45.2,0.0,40.682537705095555,33.96977152453959,27.320784473849205
45.21,0.0,38.57259778100694,34.31836265909995,27.278646588346255
45.22,0.0,40.20199669562961,32.920208852248386,29.0159293189728
45.23,0.0,39.61312946259613,30.600748267991886,26.52363512797184
45.24,0.0,43.11798797140122,33.66207443957659,28.57649814994206
45.25,0.0,38.49846686743743,34.70133879141418,27.25189684155917
45.26,0.0,40.619846894308374,35.5747511465854,29.10150871084485
45.27,0.0,42.34294138301706,34.00958619343334,25.518270393957103
45.28,0.0,45.48077775977865,33.41156840811693,27.745537734012377
45.29,0.0,37.84810182667025,34.65260659616216,26.40748305184835
45.3,0.0,40.661140059971544,37.44064129350174,27.35857512863414
45.31,0.0,41.69741286469021,36.337752590152334,27.00597258096413
45.32,0.0,42.0053135459545,32.217243579957895,28.798582296632674
45.33,0.0,40.784823947529176,37.04136792058577,28.24769948316817
45.34,0.0,39.474379613904226,34.33127945941773,27.485553114205636
45.35,0.0,39.902771266475035,35.652532810931625,29.03993857639119
45.36,0.0,46.45688125207746,38.956594660296275,28.780682208877025
45.37,0.0,44.12720188821566,35.05395902300901,30.265387915212244
45.38,0.0,39.98466922336843,37.019167435550976,28.624140797757253
45.39,0.0,41.31160187360012,38.35871864930355,29.9771440140897
45.4,0.0,40.03125621585984,36.51636244701463,28.25645104153547
45.41,0.0,41.850908154795206,37.58365621018337,27.947902187290943
45.42,0.0,42.18946941268671,34.88145222816679,31.76798074006346
45.43,0.0,42.646657796587775,38.053218754272216,25.681047411905315
45.44,0.0,40.63435021275767,34.70943832965594,29.186728295751877
45.45,0.0,43.72545186100605,32.55438287972311,25.95561280476641
45.46,0.0,48.180922001114084,35.06456246195815,29.662771227829857
45.47,0.0,43.214446403186216,34.106411694576224,31.217062646237075
45.48,0.0,40.279330277333436,34.729533445635695,28.04575776964795
45.49,0.0,41.392621653711544,37.61474759786233,30.880805004868037
45.5,0.0,44.670176322116944,33.752259994589295,29.566016613899794
45.51,0.0,40.94081688557942,39.0750303214199,33.33019745748672
45.52,0.0,44.02970847552262,34.01356824569844,29.467720530289487
45.53,0.0,45.547946680665135,37.49725040162133,28.129829432114008
45.54,0.0,44.22118066822194,36.134290324546775,27.713461195008655
45.55,0.0,43.395100145915464,38.55719044820122,28.035542329585994
45.56,0.0,41.18868084529608,42.677100680690444,31.991699080493
45.57,0.0,42.50115475164197,39.09269046751885,31.9499305000925
45.58,0.0,43.25582201603916,36.72544403387745,28.404970105413543
45.59,0.0,40.697379147264016,37.59251646727728,31.285898980786424
45.6,0.0,46.84717294194764,37.19873720177434,27.276277023836016
45.61,0.0,46.54370287588063,36.06352542012416,31.904567328902623
45.62,0.0,42.415974637454646,38.20453846836141,31.468328236193347
45.63,0.0,42.97887061621479,37.03216537160499,32.72572916347696
45.64,0.0,42.74914831153255,39.32323427140071,36.83575080205867
45.65,0.0,46.66750490351146,37.10639558249324,29.2521431348479
45.66,0.0,45.24140348670305,37.83102715692042,26.72951701873497
45.67,0.0,41.52340514430227,35.217057779268444,32.043868304655604
45.68,0.0,45.243926759984184,36.40015047163425,31.25926387588001
45.69,0.0,45.51086491592393,37.68926505259064,29.909541899330414
45.7,0.0,44.64630404276038,33.64003296868191,33.34428809889671
45.71,0.0,41.941153694966765,32.398661126567745,28.709236764002345
45.72,0.0,43.10138702387857,36.33934306821698,30.709101564528925
45.73,0.0,43.77681161969175,38.58987565075683,35.518121601391826
45.74,0.0,39.738491295458466,38.488506919855624,30.61294237053271
45.75,0.0,43.113916922480385,37.80677215345089,27.596372410975007
45.76,0.0,40.61207708748292,36.23146532333351,28.106105023506643
45.77,0.0,43.61022556671719,36.22761343083262,32.50052513021037
45.78,0.0,43.877989682044166,36.03672344617131,31.835290267758964
45.79,0.0,42.8613713417581,36.78496983210608,30.81323103947457
45.8,0.0,46.6278757122936,36.36339638643371,30.711340736414982
45.81,0.0,41.30376870633864,36.03167671128915,32.55113204594155
45.82,0.0,43.1464167522599,35.194658622713355,34.60910913397165
45.83,0.0,41.29249197711405,38.51088206340864,34.70797996645099
45.84,0.0,42.40382692332035,40.65321813476368,29.292716809291115
45.85,0.0,43.6886061316074,38.545465509530345,32.750372197673315
45.86,0.0,43.45036548892246,40.604031499314765,29.386475033039478
45.87,0.0,47.67569318120511,40.1066456573492,32.250928537931074
45.88,0.0,43.25045798291416,39.84636897682573,35.647127579673196
45.89,0.0,42.59323431257184,41.35071434299379,34.172943380631025
45.9,0.0,42.43329170813509,35.42490454796518,31.38127658967074
45.91,0.0,42.55452713798034,35.104647591370274,30.251232051357036
45.92,0.0,44.243713577040005,38.52542391344313,35.897912653048024
45.93,0.0,40.94763990323985,38.68291040447427,33.00747878732751
45.94,0.0,46.24949702365641,37.72893040818995,37.30067250306478
45.95,0.0,41.153807649818596,35.872527588439674,30.880272500787832
45.96,0.0,44.74582737926886,37.18139467967768,33.57172684659521
45.97,0.0,42.07710600481922,37.99546409508949,33.23205515259567
45.98,0.0,43.63540269674983,38.87776002406319,37.88109119326393
45.99,0.0,46.681693324459744,40.21879960383089,36.794715769386
46.0,0.0,43.69624955979291,39.47145598612406,34.24221514769852
46.01,0.0,44.943465935220935,38.34548895035901,35.00992895683822
46.02,0.0,46.6175087253693,38.27355434209701,35.01362655761998
46.03,0.0,44.226319710584285,37.067858238464865,35.64935812388533
46.04,0.0,43.58148622273099,36.81659183415981,36.17011760625899
46.05,0.0,40.21837312236744,36.640049990802964,34.46290606727748
46.06,0.0,43.208676858941345,38.406057882000944,37.08761083002368
46.07,0.0,42.75289142932748,39.41273299882974,30.447834728059544
46.08,0.0,44.2574810864559,36.652883806724255,33.058643395863974
46.09,0.0,47.079675912557356,39.29490506084952,34.64040431371071
46.1,0.0,43.48962641442796,37.65229157612638,37.03135534483249
46.11,0.0,37.991466393468244,38.215408450567196,36.117550125715894
46.12,0.0,42.47593676394649,37.549580297467344,35.44009414079131
46.13,0.0,43.558238630202226,38.685256775008135,34.743312653365756
46.14,0.0,40.80986243932288,39.29326359285666,35.0472826036685
46.15,0.0,41.88392940387898,41.338269990281816,35.83961385902683
46.16,0.0,39.64854017282092,41.15698949597822,34.27516954475054
46.17,0.0,39.64975880939871,41.215598629230975,32.36561145260273
46.18,0.0,40.73376570842137,41.41017100356478,39.98378032417621
46.19,0.0,43.6341027125075,34.09736146379382,33.37839050319026
46.2,0.0,40.96111778684401,32.901328931151355,33.68261447961829
46.21,0.0,44.02991422757204,39.74043361564762,34.174669704350634
46.22,0.0,40.13823017987312,39.92399977981128,33.09417834772717
46.23,0.0,44.03557269338655,38.261816952839304,38.49008758508379
46.24,0.0,43.43771108153276,38.48229117301501,32.45148880386653
46.25,0.0,45.13139169723583,39.496008894278624,34.56019547668949
46.26,0.0,39.833965363680804,38.655748745309104,40.272968321209426
46.27,0.0,44.84135055811919,41.55633746315648,36.32446791176431
46.28,0.0,43.096081079680346,37.64578367400357,36.893044711696355
46.29,0.0,40.19623081520836,33.122917124021875,35.346343964543955
46.3,0.0,42.920683924055204,37.58914570773027,35.52146577244763
46.31,0.0,47.309408046935644,38.065339943484865,33.55265458794059
46.32,0.0,44.664458053903076,38.80894040250231,34.957042285307836
46.33,0.0,41.66353869643437,39.809651460916086,28.859370463894052
46.34,0.0,42.829465399498766,38.725515285351676,38.282434476284884
46.35,0.0,41.15850574573879,36.522188114658846,37.17284737614479
46.36,0.0,41.84786499708024,38.923644832872725,40.88742149694637
46.37,0.0,38.96555684715045,37.62732761606354,37.98123466092117
46.38,0.0,43.75022757878754,38.28100935833964,35.81898437306905
46.39,0.0,45.844549724659714,38.09060334310015,36.39506944087961
46.4,0.0,40.808639985846014,42.459395669491414,37.89642339243343
46.41,0.0,41.21702327609066,39.18228833564217,34.04421659452788
46.42,0.0,41.80793097097617,40.3700399806515,36.804391002245815
46.43,0.0,42.2822396404017,41.303730792966,37.99787490029386
46.44,0.0,40.89658614045521,39.541339609290674,37.76820906802168
46.45,0.0,40.17995469501051,39.503341688295514,36.52618253623277
46.46,0.0,40.37252453708721,40.6819551789952,38.32118154226815
46.47,0.0,39.643365828504905,37.20200813164114,38.32872451288057
46.48,0.0,40.10417427448087,37.52470542663595,34.85333238345761
46.49,0.0,44.22473195507629,35.734941811367285,39.025320544686885
46.5,0.0,42.22767191379612,37.54390764653761,35.8137045885742
46.51,0.0,39.88374127707825,37.05880067198501,36.711269816970955
46.52,0.0,38.85812497901286,34.34320522696281,34.5305423438787
46.53,0.0,41.50341533924554,39.918873832429455,36.4903308276343
46.54,0.0,38.2317238073304,41.843651580694576,39.988014086072184
46.55,0.0,40.830078278222736,35.6162754700436,35.11736647485705
46.56,0.0,38.987639411585,39.18423817854099,32.16661670223394
46.57,0.0,43.24732400028972,33.589882931304665,34.79355055184375
46.58,0.0,39.33905079104463,37.79334976636985,35.804458819140926
46.59,0.0,44.317991598018864,39.88567977617801,37.16481104146189
46.6,0.0,42.45159190867559,37.077130955737786,33.25803422336375
46.61,0.0,42.08778644289813,36.154747688874565,35.01246327937807
46.62,0.0,40.77205281110141,34.43357734560109,38.062846526432246
46.63,0.0,41.97495691027732,39.00791824324448,37.53314878829076
46.64,0.0,39.586444000349196,36.58184560257739,34.570980622351506
46.65,0.0,41.19299440930667,37.91103508214974,37.06430565070796
46.66,0.0,43.187869439977874,39.94420566700221,37.467683953881895
46.67,0.0,39.630445914272265,36.62400130468217,37.89367065337893
46.68,0.0,37.37381621361432,40.33206760765221,40.48039405847317
46.69,0.0,41.46090938071687,40.43270660249679,34.609269197506954
46.7,0.0,41.67292815749839,33.67790606330592,39.61369082681915
46.71,0.0,39.05789068455687,35.75434128925368,38.08501768259721
46.72,0.0,41.20888236969567,36.140742577088226,37.28996845103848
46.73,0.0,38.55049306622557,40.916564788734355,34.612866534978195
46.74,0.0,40.85713349942228,34.3242350924718,35.7101280475327
46.75,0.0,40.81379302642099,37.25768696246003,38.04230029888941
46.76,0.0,43.01686847803244,37.45853660990219,34.54251834524461
46.77,0.0,39.6015256568588,37.74963187532351,35.54779388287901
46.78,0.0,36.889011703586405,35.30931961823259,32.614864767931586
46.79,0.0,37.52097336067541,41.15836006812221,32.682267544569946
46.8,0.0,40.397848385621195,37.079933684271055,35.66099969085385
46.81,0.0,36.55733374210233,35.82814132525939,40.62782020260275
46.82,0.0,39.30479293283169,37.720386343488975,37.429195622573715
46.83,0.0,42.2648040526295,38.27033098121673,35.325090675437814
46.84,0.0,37.18424942345305,40.11777317322126,38.07732085160911
46.85,0.0,40.124646141507014,38.320690713587624,37.75162102390678
46.86,0.0,39.063199727250336,40.071343978666896,36.49992310405565
46.87,0.0,40.142286690663745,36.47198320688365,38.01896942124495
46.88,0.0,39.666719927819244,35.667973945485116,33.585751870928014
46.89,0.0,40.401621714951624,36.06950430411537,33.767011836522336
46.9,0.0,38.98265687413521,35.2495103824674,32.117933862916736
46.91,0.0,40.04953133244404,35.649170432059194,35.39242083347792
46.92,0.0,40.025498058701515,33.79316653332156,35.12194898691162
46.93,0.0,38.879783837437614,36.39329411930544,36.663383527973885
46.94,0.0,37.848447807999385,39.10587511361155,34.17102950999435
46.95,0.0,41.32238098973085,38.9457109551704,36.77983508943689
46.96,0.0,36.88912148213063,38.1774615571387,36.216710007052455
46.97,0.0,42.51436863637539,37.579446531395625,38.20665921180958
46.98,0.0,39.72680256659844,36.92294952413225,33.0406483196942
46.99,0.0,38.85074583316309,37.913865819014354,34.23194948732091
47.0,0.0,39.83252070719225,38.7403509913804,35.82288996469113
47.01,0.0,37.512719256189634,36.352304145934035,36.171151092594776
47.02,0.0,38.128626021113654,35.584843826144926,35.13057402620289
47.03,0.0,44.091626871367104,34.8151019267171,36.467785447019665
47.04,0.0,41.51430630785047,37.598416631663596,37.00237942318582
47.05,0.0,39.509879584889944,34.02016525297747,34.852817387599025
47.06,0.0,37.309918343546975,34.018801428535674,35.96232977979944
47.07,0.0,37.78548155897655,38.245652059821204,40.46690224402874
47.08,0.0,40.691177901697245,35.87994002120729,34.713423282696425
47.09,0.0,39.063763963327716,34.08265641495453,33.466633707973465
47.1,0.0,38.64553969944482,34.87273840676691,37.2629014884613
47.11,0.0,38.7852535303464,35.91870789743017,35.1566389194369
47.12,0.0,41.59237052729855,38.94961517534481,37.34420793499195
47.13,0.0,38.72525683246578,37.156992814347554,35.10002035544092
47.14,0.0,41.10394578836112,36.99632680931993,36.1157314020634
47.15,0.0,41.70476991587367,40.12741470460383,34.78241866502204
47.16,0.0,41.39776203870811,40.88333833212832,36.95383722491119
47.17,0.0,40.73630707374789,37.9223161362686,34.405392637027035
47.18,0.0,39.44975736335831,40.32406012012024,35.817254453425406
47.19,0.0,39.225500544690576,31.925851145641722,36.23677430457614
47.2,0.0,43.88547896827046,35.93104269250117,35.87377619200162
47.21,0.0,41.555802344249884,40.765266641316515,36.53113923999172
47.22,0.0,39.958053912244594,37.2805252468905,32.275944583829585
47.23,0.0,39.21680304178459,37.08597067061154,36.689100449790544
47.24,0.0,39.94076610576006,37.62374526273259,32.635358440547535
47.25,0.0,37.257538823328844,38.073016164673305,34.659632676675855
47.26,0.0,39.9373502401505,33.10844908160458,32.39713644373336
47.27,0.0,39.6741222500525,40.712022312149074,33.59499855012564
47.28,0.0,41.11756562456073,38.93631541664984,36.122571220086016
47.29,0.0,39.704521315473336,36.20844660078472,36.56581578274186
47.3,0.0,41.27972153709564,35.89608791550981,36.62066215381103
47.31,0.0,39.01911562184955,37.00049607131626,39.22759564754164
47.32,0.0,38.36972373221016,35.79982434902327,38.76281908376028
47.33,0.0,41.00784575001707,35.33492203992589,32.63289904176621
47.34,0.0,38.620506564580104,40.20908860160368,36.201015080564446
47.35,0.0,39.411405040465496,35.858751793209045,35.76409160567262
47.36,0.0,42.551436274580304,41.06252126670809,40.40414031962416
47.37,0.0,40.04914354129264,37.73308510181629,39.5138832413809
47.38,0.0,40.35762163728572,37.114763744987464,33.38489950581381
47.39,0.0,39.178286381113715,35.948312356501965,32.927733735005866
47.4,0.0,39.911991173484246,38.49272384639131,34.509732367005064
47.41,0.0,39.4132241730282,39.54265680994498,34.860139474014595
47.42,0.0,42.471270883165104,37.559879320896336,38.167408177149554
47.43,0.0,41.378753159833785,36.48060050851829,35.63250714689246
47.44,0.0,40.40823825175965,38.64374534618421,30.93278669466403
47.45,0.0,40.27460243347808,35.87020910113602,32.91472526271417
47.46,0.0,41.0790122405239,42.22858123221159,37.809892318974796
47.47,0.0,40.1149041284083,35.516352571115135,36.385607949016354
47.48,0.0,39.41851779682421,35.57071032522832,37.05890040043215
47.49,0.0,42.26642157697513,35.069526766462566,34.332015911783124
47.5,0.0,38.82307507154464,34.12524613265573,39.53756602913574
47.51,0.0,39.53040817390808,41.02128726838326,35.267439560218754
47.52,0.0,43.38849826306543,37.837446712451985,34.90392412027126
47.53,0.0,39.594055844344794,38.0911836679629,31.912597743175166
47.54,0.0,37.189694376165285,35.43379252673798,32.57595684491534
47.55,0.0,42.4599768726966,33.35292102138872,35.13062673732593
47.56,0.0,37.98645524591335,39.16479811717244,35.812988929439385
47.57,0.0,38.888892501397244,38.16375038356867,38.811116713845536
47.58,0.0,42.227481977388784,36.44997020412228,34.4654168185791
47.59,0.0,41.98721887652722,38.43764452481659,36.26384041794314
47.6,0.0,40.416123925873656,35.57460665390559,37.49055246874437
47.61,0.0,41.98868709314711,39.77501498131404,34.29783652842008
47.62,0.0,37.005219981524945,34.27601160228929,32.2051676102015
47.63,0.0,38.678094118792124,40.279908493085884,37.14371611371031
47.64,0.0,39.649452531857186,37.82560805375063,36.71573532962582
47.65,0.0,42.85012024119944,37.043392790128145,32.574415937488084
47.66,0.0,42.15244747354245,35.582061943910205,32.37675722062296
47.67,0.0,41.01560066373048,38.804639559264075,37.44440598557569
47.68,0.0,42.64855752524563,37.464311958727265,33.42815814509864
47.69,0.0,42.208866319985994,38.88424837133052,35.55159051061759
47.7,0.0,41.04491663195195,39.81982130714312,34.274592124083256
47.71,0.0,42.33135902382314,38.41285088928377,35.06155668083632
47.72,0.0,44.24167086192439,39.63047445488549,38.81911681919509
47.73,0.0,40.009286938995594,39.13653536093101,36.60694952756671
47.74,0.0,40.267659075077404,37.67474819710541,37.05048176998189
47.75,0.0,43.71999858847264,37.41395779932447,34.887684355534454
47.76,0.0,41.952666302760704,37.70190106353605,36.50285200460706
47.77,0.0,43.203353560722825,38.67721476092512,33.85284746312973
47.78,0.0,44.97334660892838,41.76812792771266,34.37908693157247
47.79,0.0,41.210382038558,38.852320360459785,35.57887450610081
47.8,0.0,39.5545435308443,37.22636608694905,38.053333684055
47.81,0.0,41.14779072786409,38.50899702309517,35.41104479146663
47.82,0.0,40.829822710078126,39.93049546806746,36.81655797531533
47.83,0.0,41.00289352271787,41.455705391741084,35.101903094527486
47.84,0.0,41.22095005494115,40.95892893410764,36.75973199625888
47.85,0.0,40.98604890790171,39.099438141165564,31.02124409079784
47.86,0.0,41.64090000158129,38.45449655205481,39.33657369478611
47.87,0.0,36.31836609854212,38.03779011293487,33.0725152388062
47.88,0.0,41.52761262248125,38.29061386332737,34.89644669635599
47.89,0.0,45.78701310272611,37.749003241400494,34.72468248095248
47.9,0.0,41.36025434618783,37.84903733081498,35.81271555298729
47.91,0.0,43.7675305184493,37.33571822488073,32.86642984301515
47.92,0.0,43.010479002358004,38.12595135128312,36.780471910298914
47.93,0.0,43.99626809255431,39.80148003776432,38.90788564947759
47.94,0.0,45.75474530228748,40.51988042761051,37.22209216536143
47.95,0.0,44.215775809658766,40.58978530309983,36.72982403676074
47.96,0.0,40.67629410624499,39.31100476465084,34.48071998947377
47.97,0.0,42.00731053862952,37.262659863164146,35.202547913459036
47.98,0.0,41.85938545793198,37.06380667704374,33.265398995864686
47.99,0.0,43.42900947459447,34.317383107579516,32.77126063409777
48.0,0.0,40.43506606235825,34.51699014188794,33.688166852651776
48.01,0.0,41.632857525822544,35.28536554576284,36.30576021510656
48.02,0.0,43.151858323476546,38.44400286666087,37.76890735506762
48.03,0.0,45.32957790853589,38.02912452253081,32.60270229128614
48.04,0.0,38.6208596899427,38.7084611922996,29.610453805492824
48.05,0.0,44.25913414553211,36.27412686579655,36.789270799685774
48.06,0.0,39.951690211064275,39.05124121198827,36.49410658895594
48.07,0.0,44.38670660865752,39.05968872767415,32.82953733136622
48.08,0.0,43.34677834814064,36.15934587296371,32.57582913966736
48.09,0.0,42.40405855717305,38.88143448860507,34.26434595833681
48.1,0.0,45.74577638192229,35.1367126297601,34.5225085284006
48.11,0.0,43.30757928919434,37.98466597058397,35.215490275078736
48.12,0.0,40.158160589442254,39.99023285157488,37.25772444682267
48.13,0.0,45.28055339618,32.82070596282768,37.39633361795917
48.14,0.0,41.691522049866784,35.375512420847805,34.47292333954126
48.15,0.0,41.83629785441748,38.22779325259853,34.27736773404459
48.16,0.0,45.91629315043124,39.60544147164397,36.13532318503792
48.17,0.0,42.12361256656172,38.79934585928443,29.67026338834485
48.18,0.0,43.65909330143338,37.61807867356007,38.01194766708826
48.19,0.0,41.66453172373215,38.2013228775424,33.41344850866069
48.2,0.0,44.62034045388359,37.6709434476668,33.83065518925914
48.21,0.0,48.26911527146283,36.77903610257709,35.083204207139104
48.22,0.0,42.48293475719219,37.40434701871334,34.84533232252909
48.23,0.0,42.85216083482939,36.62701226846636,34.44062644372163
48.24,0.0,44.41772205150203,36.911230621444716,36.14115437778678
48.25,0.0,42.40069415591842,37.053768792965165,33.89189068533365
48.26,0.0,40.258190150409675,39.05318112223081,30.512924961687563
48.27,0.0,41.984198105610865,39.09033207634542,33.732904294966154
48.28,0.0,40.70729843644955,35.6564773875154,30.13251578822924
48.29,0.0,42.50721295881873,38.48272736877465,31.648179933718552
48.3,0.0,41.52104012103091,38.37297424567603,33.17476787197799
48.31,0.0,40.49740486093359,33.869174810564516,34.39363609605677
48.32,0.0,48.87087309511106,40.18132675610809,33.509441247813776
48.33,0.0,40.81761990650031,33.480310095968406,30.560694347401743
48.34,0.0,43.73178220314785,34.16431684472247,37.581349220027306
48.35,0.0,45.7858418906936,37.25662423607279,28.145664080241268
48.36,0.0,45.567700713505786,38.34951604917093,33.231967010170365
48.37,0.0,45.17518122497816,38.344450471153024,35.22013344433223
48.38,0.0,37.10391079813762,39.433233307728386,32.65904793445367
48.39,0.0,44.50298136805291,37.479652686203195,33.100013654583194
48.4,0.0,45.01756270644237,35.29305359280584,31.865390012205733
48.41,0.0,43.382751534609284,36.46640451443696,31.00129020497868
48.42,0.0,41.9694763054999,33.67916010155615,30.35292512869141
48.43,0.0,41.782432645992316,36.9037813167941,30.77750519236278
48.44,0.0,43.17496529805179,39.21541517183487,30.813154655442016
48.45,0.0,43.72119678325932,33.96582672966652,33.03491055956113
48.46,0.0,43.39033450808575,42.51823395461512,29.69614988943539
48.47,0.0,44.242563403493406,37.67918384495418,35.395348234128235
48.48,0.0,44.78799712477832,36.35623297948943,29.374624131050098
48.49,0.0,42.03284607988029,37.89345837913716,33.3714392701687
48.5,0.0,45.61238844670697,36.44869565231488,33.19080279133353
48.51,0.0,43.225220346833055,35.51783453278387,31.02306668633837
48.52,0.0,41.583361177878906,36.65266995995706,36.65800249996285
48.53,0.0,42.68045756508799,35.25320228459796,32.503002293670015
48.54,0.0,45.445665337560825,37.49919023587257,32.496852725136904
48.55,0.0,43.37740952562288,37.841884041885486,33.51473087507693
48.56,0.0,41.95200095615667,33.6349674138849,33.21294166421006
48.57,0.0,44.373822323906225,35.93099668485335,26.444227360745575
48.58,0.0,40.59367332691509,31.738572215212336,32.317480797975676
48.59,0.0,47.20460435731527,39.49901390925242,28.87329139616774
48.6,0.0,41.83799932702021,39.11834868022693,29.969235095661347
48.61,0.0,46.24087936787032,40.45287144877239,29.862987396651185
48.62,0.0,44.29118267801367,37.25409143624032,31.226738180823247
48.63,0.0,39.997612380312006,34.723939331236224,31.19110880868264
48.64,0.0,44.27267674465325,34.16209670612896,28.765006950840363
48.65,0.0,39.143012643182125,38.16873764354323,30.396049509776397
48.66,0.0,40.468765644716775,34.86849712692151,30.5336342705992
48.67,0.0,40.87453850744759,38.76035257766752,30.500010129338442
48.68,0.0,42.94516554521202,38.91854022216059,29.794156017448742
48.69,0.0,38.97789906769808,35.54313963813501,29.9259466098467
48.7,0.0,44.16684173712615,32.48067412630278,29.435995383545496
48.71,0.0,42.69196683712175,31.61453626365896,29.764921638443404
48.72,0.0,41.87490197608203,35.59560432041342,31.464390124334123
48.73,0.0,41.88797474235681,38.26112570226249,30.626738017543218
48.74,0.0,39.8760098304108,38.90249790387802,25.570492421767618
48.75,0.0,40.923799796171004,40.98729751259554,27.46607912138349
48.76,0.0,44.465689957575,37.45095326985164,27.036094287435684
48.77,0.0,40.19215099329559,33.48374373614582,31.499509840382533
48.78,0.0,41.00703165806522,34.979408886169324,30.42673677617052
48.79,0.0,41.15636329902523,34.59340526757085,27.03958599312304
48.8,0.0,43.77543500077374,39.38670381559785,28.75199732839242
48.81,0.0,37.704877623828835,32.962012164962225,29.70614231123567
48.82,0.0,39.60966208820708,33.58988163193931,28.246244822805956
48.83,0.0,43.179342059188336,31.88248213232795,28.3067000167684
48.84,0.0,44.364689616589544,34.345498533058596,32.75195863612335
48.85,0.0,41.99610582811589,35.83699053566519,29.02435910868672
48.86,0.0,43.304848434157314,37.28398113883255,26.11848065976389
48.87,0.0,41.406865782029435,35.099735962584006,27.284250509906954
48.88,0.0,41.27854663599341,37.49400068104949,30.036074682745536
48.89,0.0,38.949300759295404,35.811903245184915,32.81395395603364
48.9,0.0,44.00164766978263,35.1811160817901,31.97193697608228
48.91,0.0,40.284343234475315,38.03265229498945,26.805566806077916
48.92,0.0,42.476767171003175,35.39121376946347,27.136091030294068
48.93,0.0,42.62133581307319,32.04987078529473,24.326357934946955
48.94,0.0,42.99795112030758,35.03035273974946,28.191777958228975
48.95,0.0,40.536919970882934,33.4488995297103,25.135116906576464
48.96,0.0,42.430451325804555,33.62897021631335,27.093096759017275
48.97,0.0,39.02230191031439,35.37985738018252,27.129357265416246
48.98,0.0,37.25054815051801,37.95011584731313,26.988694751392906
48.99,0.0,39.75452937106263,35.73905258765035,22.6377545327701
49.0,0.0,39.845731008966,37.35621716423218,27.93700631063421
49.01,0.0,39.24952369239953,34.06764623517321,25.15890064053181
49.02,0.0,39.567812052354725,33.784181894578374,25.08356833187563
49.03,0.0,37.89438325512371,30.302085678784305,22.98731564980485
49.04,0.0,40.11479137080598,34.30524838520649,25.74037174474629
49.05,0.0,38.67245042882108,36.535865262336905,23.87909744382505
49.06,0.0,37.00943865905448,35.03544782721901,24.90829667996463
49.07,0.0,38.551938122081076,32.39663388540346,26.789049486043872
49.08,0.0,39.445996729237955,34.09529155723729,26.68902663998384
49.09,0.0,36.84890979956608,34.56347773451453,23.448381953242983
49.1,0.0,36.87981491187728,33.77061022089846,26.00173349356136
49.11,0.0,38.96890922128927,33.96250349386311,28.794027661739165
49.12,0.0,39.04186334935852,33.232577647453546,27.83067632803363
49.13,0.0,40.527820660831686,33.82162564864196,27.26780518244786
49.14,0.0,37.09110933815691,35.40428388270076,24.012813158022997
49.15,0.0,37.66393860348621,34.46063602414026,26.481864177298878
49.16,0.0,38.74662083482536,31.164500852984645,21.68417538391173
49.17,0.0,37.10776180544615,32.81250835530283,22.320458506170294
49.18,0.0,40.37158971649242,31.061014828467858,23.727835778960266
49.19,0.0,37.82994705994208,36.16794172966879,25.5171240459651
49.2,0.0,38.06544578812345,32.16815284048914,24.015685445384143
49.21,0.0,38.667577462068245,31.45120916860335,22.96841468681258
49.22,0.0,36.772540610280885,31.684655976142313,23.94211995966618
49.23,0.0,38.080221505632124,29.495725963149916,24.528134481362194
49.24,0.0,39.79278128103978,28.526837505895156,24.76194478045348
49.25,0.0,41.19128530997042,31.39681293341084,25.16472527775904
49.26,0.0,37.91651312931993,34.32747424494862,24.514824613300643
49.27,0.0,36.73094844344063,31.124795143719577,24.411975032924577
49.28,0.0,37.988147815370745,33.71707046238977,24.24633702924331
49.29,0.0,35.87808254503325,30.550192285998435,24.021011732430715
49.3,0.0,37.1581563976076,32.02777018636465,26.843284122039716
49.31,0.0,36.6044549287089,29.695605290502627,23.363928027716288
49.32,0.0,37.90214608481573,30.289276646491686,25.79899605760661
49.33,0.0,36.75723274182109,31.702955734548798,23.146174610020783
49.34,0.0,34.08933973151821,29.046666327100045,23.75555662907431
49.35,0.0,39.09118312131264,31.708768628243746,21.285584317171796
49.36,0.0,38.09959777484685,29.34389776579546,23.44972443317122
49.37,0.0,37.854050044564104,30.309498616428947,24.587463439168694
49.38,0.0,35.72330786778694,30.933500744029704,21.7679622060625
49.39,0.0,37.019805489359136,30.89000644247903,24.672335684539977
49.4,0.0,34.2312949865872,32.0341698821845,21.26244285024488
49.41,0.0,38.67784870596137,33.269980034537255,22.24265431228523
49.42,0.0,37.029430230331236,32.21358657022956,25.070024239882823
49.43,0.0,36.36794462506058,34.86453037285151,21.805477767883396
49.44,0.0,36.42848957006998,30.85547344055706,25.146048862402765
49.45,0.0,35.13557112699614,31.624282028525528,21.30960993728438
49.46,0.0,34.845393829147255,32.31984463051135,25.188578018040076
49.47,0.0,34.2457422260773,32.629818007745264,22.924617184384072
49.48,0.0,34.40794786691045,29.312352042933973,23.51322921258072
49.49,0.0,33.340721499698795,28.374260135892346,22.65545898485549
49.5,0.0,41.04003053812061,29.389521329763248,21.234158402956318
49.51,0.0,35.02836501983319,33.21663332327127,21.980091514057214
49.52,0.0,32.81023924150046,31.415471808413713,26.447867590744277
49.53,0.0,34.44043270202437,26.32481956572461,23.308925359675403
49.54,0.0,32.67948025050661,29.536916661298704,21.86287872541869
49.55,0.0,34.084529343141874,29.65460799513605,21.380325303295585
49.56,0.0,33.679954625023406,30.583792526532193,23.869557584763665
49.57,0.0,38.321985453907025,30.002582610593013,23.671440779459942
49.58,0.0,34.813589111157455,32.53193724344248,23.184338092572123
49.59,0.0,37.427290899652505,33.70909187968,23.33952026388578
49.6,0.0,32.62765581208953,27.568639568444645,23.90539577028163
49.61,0.0,37.26261691163432,27.446800702085763,24.719107539928324
49.62,0.0,34.85249778686163,29.910682947082886,22.489516776462946
49.63,0.0,37.414389899017664,31.980084149031907,24.168421809453655
49.64,0.0,31.756071488627896,28.100186128800924,20.98586985885159
49.65,0.0,33.420430592790105,28.412039292711402,20.20331320250541
49.66,0.0,32.174243244957445,30.51949435096693,22.996858019581033
49.67,0.0,35.76973816977072,31.04197275463115,25.25078981451627
49.68,0.0,36.60358671782646,29.4242922078892,24.67015784248489
49.69,0.0,38.9680819066955,31.419408303591005,20.86683782234637
49.7,0.0,34.50854946264599,30.27579070159246,21.69115732871101
49.71,0.0,35.486837420661,33.612306305117656,23.181635587857983
49.72,0.0,31.325858934755594,31.548463186393306,21.332528476719073
49.73,0.0,35.63383126927202,29.193311891085383,22.018549763299134
49.74,0.0,35.53783419715787,31.364698873504068,20.773768562446207
49.75,0.0,31.89470327735358,28.161598773543165,21.200558920129623
49.76,0.0,33.38529513134748,28.62636761465263,20.803761123889856
49.77,0.0,33.70612196778697,24.775685172897308,19.784476461569184
49.78,0.0,34.252655883386275,30.014647716289083,21.64785186169988
49.79,0.0,31.807097978959472,28.472257560328572,21.97093141531242
49.8,0.0,31.20900195511362,31.670803311977327,22.365384363843454
49.81,0.0,33.60465037136009,28.870231635268926,19.854412134572495
49.82,0.0,31.84620134603815,28.759737316344395,23.612275125840227
49.83,0.0,33.804722487602206,27.460798249441325,20.645349376192733
49.84,0.0,37.89340164437443,25.07889344533629,18.625582758401627
49.85,0.0,31.885601554098834,28.389085332404935,21.912186432391486
49.86,0.0,33.544873284636445,28.81894231174975,20.43675739971971
49.87,0.0,35.54330706764425,30.44947086461592,22.958705664286857
49.88,0.0,32.12800440886245,26.87385914265302,22.62804650309483
49.89,0.0,33.62238887896613,26.56278982387945,16.107041502995227
49.9,0.0,30.802926407499317,26.468776761016898,19.017036544306762
49.91,0.0,32.47577736631966,25.442817871178356,19.931914224088832
49.92,0.0,30.935808789940133,30.240212198380227,17.5649153945449
49.93,0.0,35.285356431097576,30.853003410269686,21.276718767346324
49.94,0.0,30.94507444508422,27.994287326577165,20.600153451448108
49.95,0.0,28.44917681347547,28.71734944024577,19.175158265842324
49.96,0.0,35.889714342052216,26.96833626196283,21.72431885362527
49.97,0.0,31.83033619143538,29.6379050117603,20.98746610194263
49.98,0.0,33.42512958318673,26.701369245043608,21.862526804656614
49.99,0.0,30.166345949163382,26.637667653780326,19.944461939099842
50.0,0.0,32.73520351797356,30.501621254974648,19.32105588653033
50.01,0.0,31.372936591638037,29.636224260476595,20.828764338509455
50.02,0.0,30.165821876013503,31.218339728658062,20.022734941543238
50.03,0.0,31.699778070201013,28.839861307473207,18.831398076776672
50.04,0.0,27.133412901084583,25.886062584598985,21.089990091633624
50.05,0.0,28.327059007186215,28.18567477745122,17.59404134370803
50.06,0.0,28.817528455698348,28.171997708084202,21.17020495163842
50.07,0.0,31.78457887788518,25.23007608504491,17.921231642298032
50.08,0.0,32.28532453555058,26.08591616782099,19.988382294853515
50.09,0.0,31.300939627885043,24.040855555543576,17.686859459625907
50.1,0.0,35.25190187105681,32.07296109929374,21.191436303196376
50.11,0.0,30.28172553407892,25.63502220811208,20.47919945340941
50.12,0.0,31.592684228809116,27.142474494253836,21.282823494560716
50.13,0.0,32.5546679638561,28.284123421440512,21.65740978919991
50.14,0.0,33.22662444741472,25.025405546453193,18.68212732679495
50.15,0.0,31.417270542746117,29.34561531782538,20.75955562943242
50.16,0.0,32.39383019895,29.755264660811978,20.24467747449134
50.17,0.0,31.349450530013293,24.85743837014785,18.62452686293831
50.18,0.0,29.002983175969366,24.68334173599472,18.886472421683347
50.19,0.0,30.114691240373965,27.142448606529452,20.01012696772423
50.2,0.0,33.13570485875087,20.789871632277556,18.2793929406867
50.21,0.0,33.90958453018746,25.583979785718608,18.86157375178771
50.22,0.0,34.02368356265009,30.958179099081384,20.925531809955693
50.23,0.0,29.414716758591197,28.77188115794847,18.474260556427442
50.24,0.0,29.79855623655025,23.627777566934412,16.097783764446863
50.25,0.0,30.794509696068424,28.73924311342892,22.97837502729653
50.26,0.0,30.307778237674974,28.461766683639944,20.0025419320331
50.27,0.0,32.1362033391266,24.28833287621784,17.28233312456948
50.28,0.0,32.96999156304147,28.64325264689145,20.51529337715895
50.29,0.0,31.093664252755765,27.204411484856227,22.80086156698406
50.3,0.0,30.85893901713065,27.412610475237447,23.743158154978897
50.31,0.0,32.47925987391742,29.78816502100867,20.497061605831647
50.32,0.0,32.20090762932877,28.052589308792147,22.722647591482314
50.33,0.0,29.9337687287373,28.071519853857858,23.836688680162414
50.34,0.0,31.42856092178991,26.56289749038289,20.35065064960606
50.35,0.0,28.614963685845613,25.970957124803423,20.587175712783896
50.36,0.0,32.367547696588126,27.690890371498824,17.50343557858905
50.37,0.0,33.1734240150576,27.383240903743932,22.09985709938087
50.38,0.0,35.177844210145146,26.196992125747816,20.406392258560604
50.39,0.0,32.81326850031769,29.47693711125527,18.513823369018198
50.4,0.0,30.190907110319728,28.339887813520477,21.556805618685726
50.41,0.0,31.33325044139759,25.114327985939607,22.13185323610762
50.42,0.0,28.487790527688954,27.13786250453233,22.23364452691089
50.43,0.0,34.44175885026714,27.561425847774125,20.044776598921224
50.44,0.0,31.616027740789768,30.83237203534496,22.098272149637143
50.45,0.0,29.997817442060207,26.417222858028115,18.12467176453572
50.46,0.0,33.1194066681629,29.47863779342765,17.421327623610676
50.47,0.0,34.86034919864765,27.635082588385504,21.284203823504395
50.48,0.0,32.85885508781366,26.987845505282895,23.436992456357338
50.49,0.0,34.40060929084152,27.19454647650047,18.843459969594644
50.5,0.0,32.42844001453586,31.924367184873315,19.29848526452826
50.51,0.0,33.21007566247872,29.102413343699684,21.938059817547362
50.52,0.0,30.996396298226948,31.947039788740504,21.93412218514798
50.53,0.0,33.43061711766921,24.7847049265736,18.70482805888057
50.54,0.0,33.2065543729717,30.22903987571384,19.676890268749542
50.55,0.0,34.69385220961356,28.626467358457017,22.527682654178243
50.56,0.0,32.419383670287445,27.7885155634253,26.843501990670866
50.57,0.0,32.75511135773669,26.773346787968766,20.440262502237676
50.58,0.0,33.26200359793996,31.679795335795962,22.920136746285788
50.59,0.0,35.23632361881369,25.985483990978384,21.73941825363054
50.6,0.0,35.86036780969308,31.35925301734738,21.509981374866832
50.61,0.0,35.04169553354934,27.249365568923395,18.33459515420914
50.62,0.0,33.17240493143955,29.018187844704634,23.126204624592933
50.63,0.0,35.10366675765283,29.344109032028758,22.456328979892177
50.64,0.0,34.257096792331254,30.89432372138421,18.720054679617945
50.65,0.0,30.846389033774585,28.957655371890752,20.508019715565613
50.66,0.0,31.954878132409764,32.61622660817113,17.85524216369315
50.67,0.0,33.79566749194393,30.98907665993603,22.773147045022128
50.68,0.0,32.956477986170725,28.84046264679673,23.71844892867221
50.69,0.0,32.348094084003996,32.70281154234598,16.864939518939035
50.7,0.0,35.790762015935776,27.6833036718026,24.260568732964952
50.71,0.0,32.35105475977181,29.85200344856278,23.669914186124007
50.72,0.0,32.01276363024557,26.705708717972513,20.870391256128958
50.73,0.0,35.14789185762123,28.906477670200893,22.078096635116587
50.74,0.0,35.18513611192381,32.642311073351586,21.060713120310442
50.75,0.0,33.35991184589517,28.84957707541962,23.300676735957513
50.76,0.0,36.68415492163515,33.58282958232887,22.66323564205325
50.77,0.0,36.1340086454032,31.428891801013908,20.71824566413473
50.78,0.0,34.962701638865546,31.258498328140693,24.36708392045795
50.79,0.0,36.889451703164475,30.21003676595372,23.822491373335193
50.8,0.0,36.55693346899528,31.8347452755171,23.8091165325392
50.81,0.0,38.307789781172204,29.10838568238765,21.679030479681465
50.82,0.0,36.2585779069781,27.97032835220829,24.270895381188854
50.83,0.0,36.30524535634459,31.7488306419861,24.38504221843928
50.84,0.0,36.78115119257356,33.53504639588451,22.41834669769757
50.85,0.0,36.72311729642834,27.551749613795348,23.66936689000042
50.86,0.0,31.557945221209167,33.58930253925755,24.182258558134997
50.87,0.0,36.820189978081906,29.47464737970856,21.57038837937595
50.88,0.0,37.52011897022095,29.634991274989524,21.389602538409978
50.89,0.0,32.992766683423405,33.61222248095382,23.474364669532612
50.9,0.0,34.53248787600395,30.80260606611002,24.034145001991938
50.91,0.0,35.051820951555996,30.875758610353163,20.534831679097085
50.92,0.0,36.16019703806956,29.893363478378486,25.433622330215677
50.93,0.0,37.55807095447295,30.088565083551273,22.272479178656106
50.94,0.0,40.49233506735386,30.719737312717736,22.75676899801296
50.95,0.0,37.653193364987295,34.39929513578751,20.36681635912951
50.96,0.0,38.78198811491784,33.96442429096386,23.23105826171226
50.97,0.0,36.96111130440895,31.01623477384532,25.08133911806389
50.98,0.0,36.86430189050419,29.327135295699257,28.741107378963832
50.99,0.0,37.8855237069052,32.9601763267058,24.70341100678096
51.0,0.0,36.55688864880859,34.79337029375722,23.802526339296964
51.01,0.0,39.61909314265159,29.134375559157327,22.00169414737877
51.02,0.0,41.99190023417465,31.892912139244757,27.270281624106804
51.03,0.0,38.55813290304942,34.91191872729903,28.339097445373067
51.04,0.0,38.356445349914736,31.559721858982158,22.704474527575343
51.05,0.0,33.922815569054464,34.2392736275105,21.29609521818211
51.06,0.0,40.920550781425476,29.597369203293642,23.4236899501504
51.07,0.0,37.42308544263602,27.68578156676125,22.98475337099929
51.08,0.0,36.995225744839715,33.78540698125711,29.394257643498783
51.09,0.0,36.302932599158915,34.157119819976245,25.237104879312444
51.1,0.0,42.10157583081582,31.163227940062065,25.136282626145004
51.11,0.0,38.10793459234776,36.144785231452516,28.483369874588448
51.12,0.0,36.99147850092499,33.640963846005654,24.36074025352875
51.13,0.0,39.78405583928742,29.21853146973895,25.128078550180955
51.14,0.0,36.324540380535225,32.1196218216937,19.816432999183533
51.15,0.0,36.55171807118717,32.710874587291684,25.08031183139906
51.16,0.0,40.916181594972144,30.51090873458759,25.704202725389152
51.17,0.0,38.806961268840915,33.116725741436106,27.527442437517802
51.18,0.0,40.019654671441344,37.046071124164676,29.911427817101444
51.19,0.0,41.090649925160946,35.21239492488529,25.232182284756334
51.2,0.0,45.23489023954618,35.15874127939679,25.814199160758108
51.21,0.0,41.02391625013901,35.397191867794746,24.89700356752872
51.22,0.0,39.72433441729013,32.572142487964214,25.427815816060864
51.23,0.0,39.67392156377222,28.420044582391814,27.56757352483105
51.24,0.0,39.07925542922559,33.498653407862804,24.13617756149437
51.25,0.0,42.29801996599255,35.62244061930446,29.899390465491624
51.26,0.0,40.56928963271342,31.853440550110943,32.47133747112241
51.27,0.0,38.86447400644383,35.81720686152619,27.105513927352185
51.28,0.0,41.70787874569396,34.99072558061496,26.32992537883551
51.29,0.0,38.608228245054775,30.473295139727572,29.855320639165246
51.3,0.0,39.267302373357474,39.94595502382498,29.39415917642295
51.31,0.0,42.11763913741077,35.429807279549,28.18633787022595
51.32,0.0,37.85710513110602,31.714701123872885,24.372974239203586
51.33,0.0,39.40146560280959,35.43262660476574,27.26296020413235
51.34,0.0,41.55158654731134,38.79563628384471,27.128870053372747
51.35,0.0,43.96441291729897,32.81587708166549,27.556726241679225
51.36,0.0,43.05625808630659,34.73927742156153,30.922301759362348
51.37,0.0,39.575743570310095,36.029579674816226,27.19360249788528
51.38,0.0,42.82543396599748,34.41249578504668,26.929515911116336
51.39,0.0,41.25448577237332,37.19690904275128,29.926507327306965
51.4,0.0,44.64997328609044,35.67243483921869,28.224973418057605
51.41,0.0,42.78284719562679,33.856200237237736,29.797528304101483
51.42,0.0,43.686463446631535,37.233360339085976,30.102038226659907
51.43,0.0,43.45706082188266,35.686691362442424,31.697009305189052
51.44,0.0,40.657556325588935,38.40862382135441,25.955512354935017
51.45,0.0,41.718354644107464,37.48275018958826,28.685247781458575
51.46,0.0,44.485252229798974,35.559102681965065,26.02699256407876
51.47,0.0,41.82708813261515,33.664090402892164,28.00752636834025
51.48,0.0,44.559799306523594,35.62416960105912,28.897581474683253
51.49,0.0,47.162918053136195,38.2654219875715,31.514343220190337
51.5,0.0,43.80499733669507,34.60445411681395,30.973189039556623
51.51,0.0,41.653953941477155,34.58864332549198,25.64780771406669
51.52,0.0,44.661075875237366,31.604267680315026,28.978772792005795
51.53,0.0,41.295830535466465,36.106281520457614,28.523027665293583
51.54,0.0,42.60640683655831,38.09055191916497,29.976719729203385
51.55,0.0,41.012088407470635,37.015569593220434,31.773023139709608
51.56,0.0,44.675853933153654,34.277318742954776,29.49658474460939
51.57,0.0,43.57141227769877,36.20204549285421,29.901115693781865
51.58,0.0,42.782251886928115,36.75784097181361,34.31045614573733
51.59,0.0,42.315901880112854,37.410402975483095,29.20686705379305
51.6,0.0,42.2418334613874,38.653058128665094,30.775672075824183
51.61,0.0,45.268971907485756,34.49366309503111,33.24421539220662
51.62,0.0,43.862641369908374,39.456928486083676,30.808860325266384
51.63,0.0,43.59573119321899,34.66293235710678,32.991638138557065
51.64,0.0,44.55722221060761,35.6450500065487,33.50999524391159
51.65,0.0,42.50968322167479,37.07534363489892,29.6673262226776
51.66,0.0,44.29973302706062,38.95918082412652,28.767039433225168
51.67,0.0,39.446540372823435,35.562392169191874,30.9938914038895
51.68,0.0,42.34233858051117,35.8535149219248,29.77244014712998
51.69,0.0,42.65972629234946,38.56353939581116,34.699492258221724
51.7,0.0,42.63065624385215,38.57813652013102,30.761053069308915
51.71,0.0,43.29020159169901,36.93881936430535,31.98381081204565
51.72,0.0,44.59505313981695,37.157382017452036,31.380706561853493
51.73,0.0,42.92721305239341,39.3646351384229,35.59881929250875
51.74,0.0,41.774271216062466,38.11673572992935,31.43887175717886
51.75,0.0,43.73224215514419,38.31949530340663,35.836958575062546
51.76,0.0,41.66198547611767,39.15641956435562,31.41242266766619
51.77,0.0,41.05513844731902,35.463751551339996,36.46968403697137
51.78,0.0,41.608745236673464,39.38603863049739,32.67708204786095
51.79,0.0,43.69216250883195,38.46719217167068,34.666513335193855
51.8,0.0,41.6644442943005,41.339416647107136,33.43149293525141
51.81,0.0,42.73769193124244,35.19181379811824,34.3533989378689
51.82,0.0,42.30703942740127,35.30809088540302,32.57023671145048
51.83,0.0,40.9726342618179,38.633241087645985,33.570971677727115
51.84,0.0,41.28494450719938,34.901119557622394,31.22445947420006
51.85,0.0,42.96648814416745,35.81586040538373,33.800511225518164
51.86,0.0,45.185969771570086,38.001710304638785,30.05728873392636
51.87,0.0,47.801622416832544,38.0539372977959,34.45915081049459
51.88,0.0,44.925723471716786,37.13947736031275,32.06213373005923
51.89,0.0,45.75554170060844,37.0547396640009,34.49289481861392
51.9,0.0,42.993394751955954,41.17980313363248,35.70343810580893
51.91,0.0,41.13801671687687,38.01546268410076,32.99086745505418
51.92,0.0,44.13940745792653,32.24543035495749,35.4238174202351
51.93,0.0,43.01423207814226,36.71398696169546,33.50479747077802
51.94,0.0,43.000915915822134,36.592206450275164,34.20849239044909
51.95,0.0,45.01312102078408,42.2718825553037,33.788782264720844
51.96,0.0,45.62871710004087,37.56097832463016,33.94738918566889
51.97,0.0,41.69206722966701,39.00440330544262,34.39872198645333
51.98,0.0,47.87135909967703,37.23006949750241,34.559230393284786
51.99,0.0,41.34877936241113,40.01032788370746,33.49713501297852
52.0,0.0,48.37538484236992,43.5695637323898,34.63942784629163
52.01,0.0,41.98407877871296,37.39748014062404,36.13950493326337
52.02,0.0,38.47565667189198,41.453024003185476,34.03412939092998
52.03,0.0,44.94842156029126,40.5258609059827,34.20978780701063
52.04,0.0,43.993459057645204,37.27353715676788,34.37579856801058
52.05,0.0,44.142654085267985,41.95168615737999,34.59009815041004
52.06,0.0,41.81628397439892,40.51903997854519,36.27386471059494
52.07,0.0,43.15597346271353,35.52209040060695,31.34851167273222
52.08,0.0,43.7293013595533,39.679404831878635,31.470827195694216
52.09,0.0,37.97085223554725,40.65947112048695,37.271477261179726
52.1,0.0,42.679398347228414,35.642008967026776,36.169234969629315
52.11,0.0,46.20631397535435,39.857844854585686,32.46969024534091
52.12,0.0,42.892111973263845,38.29433226679107,32.101431440920116
52.13,0.0,44.410887460110615,38.332899888169585,32.88250344113398
52.14,0.0,45.19308475163692,36.479527854429605,34.50361758968233
52.15,0.0,42.65214160818929,39.1706587504114,31.37199772186589
52.16,0.0,43.929387636540206,38.08954827249761,38.52519501497521
52.17,0.0,41.88563995838375,36.89882675960615,35.88208774541014
52.18,0.0,42.00788362094641,41.425390138066206,37.93059685694246
52.19,0.0,39.549735826550865,41.8628421669873,32.07241165708328
52.2,0.0,48.98087793114001,37.951213560884696,36.70333422668745
52.21,0.0,44.046468189853364,42.81067521126646,36.02241000431686
52.22,0.0,45.41440876012044,38.403276936764165,35.650139378993615
52.23,0.0,42.11857619592009,39.13093822349906,35.739967528970524
52.24,0.0,42.84989424978585,43.487712196489774,33.10812226141895
52.25,0.0,40.824490796625035,36.93506706757392,32.98188172440825
52.26,0.0,41.98690920425744,38.05770912117834,39.91181192521224
52.27,0.0,42.23311971991466,36.66642651896535,33.54709527224496
52.28,0.0,40.65350770424461,40.77176260364012,38.15162378319349
52.29,0.0,39.24800811587405,39.80668198933088,37.09130970798391
52.3,0.0,40.55444798430967,41.22784278248768,39.3859651153975
52.31,0.0,40.670907440367806,34.03623024278649,39.63703184701305
52.32,0.0,46.37684748380848,37.084131310603624,35.67587343331466
52.33,0.0,41.5674118523417,36.33883667923367,33.51520451294708
52.34,0.0,40.92853809411296,38.228620649037964,37.3807799598166
52.35,0.0,38.70740241638327,37.513758886721384,39.53090428112941
52.36,0.0,40.62018923897767,36.480582315397804,30.391369556939278
52.37,0.0,40.9973039255713,41.09124051789683,34.305644688683024
52.38,0.0,38.65035124824645,35.25200038026018,36.08605563438619
52.39,0.0,43.53700581807771,35.80339918271986,34.080437822317236
52.4,0.0,41.30574401282639,37.92018633185737,36.25473095511016
52.41,0.0,40.57371231967803,43.70392883190224,38.6811876234382
52.42,0.0,42.256045918947805,35.57531871179762,33.82368551322582
52.43,0.0,42.72002216680147,35.85640110846917,40.016614658618295
52.44,0.0,42.41937707839232,38.1252930412776,34.82363224390451
52.45,0.0,43.47571581088227,35.4698555526892,34.14469528235081
52.46,0.0,46.39055934141428,38.958021305269085,34.881548020767426
52.47,0.0,42.229302062150964,34.05757895367646,34.17792479910943
52.48,0.0,42.50241924659697,40.495288994581415,37.603279891966466
52.49,0.0,42.95409384279193,41.58363289458894,36.38596451541107
52.5,0.0,40.68831707861498,39.12397951252001,39.52702362731204
52.51,0.0,42.394463397927616,36.59330096705109,37.0266806805039
52.52,0.0,42.879248783396726,36.276165745812,38.409464307788454
52.53,0.0,42.9356194105207,34.18258220543665,35.6702321009522
52.54,0.0,37.200690073241574,37.72687802521633,37.8968642310881
52.55,0.0,44.90870638720856,41.09994134149292,33.62770207508575
52.56,0.0,40.848493871109746,39.38639551333608,37.3247843165196
52.57,0.0,42.30191358679628,40.819042757450454,37.72957335244376
52.58,0.0,43.52146304996026,37.92722583039016,36.816747659333195
52.59,0.0,42.32318288377394,37.775635114490306,38.50731896656564
52.6,0.0,42.96358483412717,38.35215250107792,36.7183001667529
52.61,0.0,41.31026159733059,40.40230481027377,33.06719046662559
52.62,0.0,37.24560089323538,35.50771447979256,39.615212675932504
52.63,0.0,45.66656556274309,39.47507980252922,36.63602135261393
52.64,0.0,42.70833001078599,38.75456820009086,37.016183930030955
52.65,0.0,41.81613718465492,39.72487683441671,36.00573642325401
52.66,0.0,41.26427240990634,43.068514080387324,37.3535803346665
52.67,0.0,38.13583870092715,37.12657394862423,39.13737060839577
52.68,0.0,41.18079424729655,38.103308808729736,39.13969934634168
52.69,0.0,38.15246037945361,39.307930412714114,37.46305116294094
52.7,0.0,38.59954892631511,38.29757508775466,36.84373788873589
52.71,0.0,42.27992062415578,38.79270872474874,39.05061278124272
52.72,0.0,37.44139610915636,37.99808245499449,39.28805765452381
52.73,0.0,43.49448505540442,37.82426322162298,36.528640892566614
52.74,0.0,43.09586523383046,41.01216426428087,38.31061873659702
52.75,0.0,42.31198917852546,36.96653494426636,37.609832085679614
52.76,0.0,42.81693295309492,38.813202267418994,36.950275961762294
52.77,0.0,39.77525077473954,40.355477172026056,38.9697444588432
52.78,0.0,41.68972985581811,40.502077574758346,37.71599710507696
52.79,0.0,40.59772895546948,43.600589353185335,37.35989565471828
52.8,0.0,38.96517830479511,35.85440540966309,37.89115393131111
52.81,0.0,38.47834132658016,41.53843611867982,37.56190985163784
52.82,0.0,44.13779079091267,36.241463593571304,38.569396843579085
52.83,0.0,45.17020424916011,41.03595266730101,36.805834697074495
52.84,0.0,41.372967265096854,41.34570565094315,38.3278048182277
52.85,0.0,40.71246824118029,39.94046791991324,38.176657069852354
52.86,0.0,39.59995483047643,39.48369322667534,35.77639054160451
52.87,0.0,41.33635849816835,35.143392317408725,38.439985395317066
52.88,0.0,39.49354661130349,40.49467349508103,35.01570751325864
52.89,0.0,39.16610779148947,37.81072078068195,38.375632267679606
52.9,0.0,40.180015407427994,40.78299804207484,32.2827170218431
52.91,0.0,40.58163739912635,38.93008336694795,39.10463945804779
52.92,0.0,35.92820674819568,37.16190232127365,35.26721947206306
52.93,0.0,43.326387594483165,40.47076313574343,33.97913430691917
52.94,0.0,39.639077708147354,36.73896937124266,35.828509516619434
52.95,0.0,40.516920083529705,40.1861432268724,40.35277759809216
52.96,0.0,40.96578663821945,36.80352194639475,33.04809572994317
52.97,0.0,41.78686756997537,40.512245733016904,35.96317863965868
52.98,0.0,40.482680073221005,37.274407744292276,35.97384190552972
52.99,0.0,40.63879838802496,39.74799288598915,34.073681039590795
53.0,0.0,37.191138765635195,36.98719400048455,35.72234668904921
53.01,0.0,38.81793555949297,35.017189592098234,38.05742431805135
53.02,0.0,38.86467734408409,36.777953357963405,38.84603228484597
53.03,0.0,39.655912163027224,34.56112389206815,39.6165207114808
53.04,0.0,39.704440287436455,34.29168126423383,37.19919570975818
53.05,0.0,39.16298625625616,35.729277166838166,36.93176804022294
53.06,0.0,37.71568077124103,36.25335215229998,33.945981624626114
53.07,0.0,37.63236024055955,35.98726006460186,37.00145881521462
53.08,0.0,39.685749874812004,37.628402621105685,40.53781480193528
53.09,0.0,38.89082133016307,40.423154998713976,34.121636568263874
53.1,0.0,36.56798573703019,37.59888895229787,37.45257429436813
53.11,0.0,39.929807716779365,36.561170479797624,36.85984162239702
53.12,0.0,37.88332769201055,35.84774550516549,40.63057784748208
53.13,0.0,35.27012938515635,33.786794586591135,36.72118724951977
53.14,0.0,36.696581348212156,41.01095864051958,37.98570556807388
53.15,0.0,37.22987110288804,38.22172961975835,36.4833590304544
53.16,0.0,38.4532891493614,37.31296605136851,39.53880947850557
53.17,0.0,37.36101201150021,38.22744681844802,38.07072155849704
53.18,0.0,41.476154170632114,36.95260224333966,39.26372254325616
53.19,0.0,45.48550316996341,41.828430375318256,38.09663828797272
53.2,0.0,38.22993150620811,36.13075824910595,40.33021322986508
53.21,0.0,40.557625159909605,35.7598594203797,37.56453521573456
53.22,0.0,39.99978149485741,41.225150944690654,35.26567846749707
53.23,0.0,40.17305689875185,38.81207420888434,36.79522323339299
53.24,0.0,40.23914301868092,38.18935604122396,39.756417032572
53.25,0.0,39.254372173102226,39.27105795821782,38.955310678321666
53.26,0.0,42.18725947320629,39.25879329531981,37.86198024193733
53.27,0.0,41.96994602327827,35.96625761973974,34.477491758676834
53.28,0.0,41.97187966574889,35.99896780368482,36.37163223042839
53.29,0.0,39.823045022553785,35.237733738789245,39.40953846659078
53.3,0.0,41.474013675231966,38.9907156907233,38.79884142605268
53.31,0.0,41.24033853415547,39.45324589557655,35.32744854583926
53.32,0.0,39.09356300352277,39.29952750159834,35.675759882744075
53.33,0.0,41.2733068248985,39.80011393756795,38.48648137864174
53.34,0.0,43.733416053066506,39.14062258469264,39.31715169447177
53.35,0.0,39.643171528130345,37.54645436063648,32.39718039686427
53.36,0.0,42.8491765152525,35.206629411886595,37.71629953337865
53.37,0.0,44.0645042432712,41.01372168482345,37.29151017578378
53.38,0.0,42.73480820734389,39.853369565009245,34.13747068797143
53.39,0.0,43.83902204831222,39.11657269783568,39.79150210313831
53.4,0.0,36.29786359779335,34.854362953166614,37.11721629277517
53.41,0.0,37.839442910274435,39.489377678927966,35.309218699648696
53.42,0.0,38.14174528781712,35.16155890946127,38.65304177634879
53.43,0.0,43.58171755983511,36.21434916164572,37.24548769616222
53.44,0.0,38.84416125940049,38.18463127023947,36.156015599567795
53.45,0.0,40.63433345835251,34.7789797897209,35.09865390823976
53.46,0.0,41.476594816850465,39.441124942124844,39.106239310050974
53.47,0.0,41.802220459763745,40.26504123993719,35.6074203180684
53.48,0.0,41.70155799527394,40.1499776094697,37.66611972169816
53.49,0.0,42.02368092549602,37.3646082337944,37.742997221511786
53.5,0.0,42.28781054355279,36.97323495888674,37.736688059082155
53.51,0.0,38.916303197155756,40.304094159310054,36.42865796738853
53.52,0.0,40.8597560363776,37.6109755364267,35.83370338992765
53.53,0.0,40.1719326170044,38.27761305830652,38.86850592264063
53.54,0.0,39.44219523108452,38.88950772602412,36.395817873467855
53.55,0.0,41.45215220264353,38.247144817939066,37.694951839017335
53.56,0.0,43.323222845867804,41.81015445495768,37.51503305051882
53.57,0.0,41.00451671410051,38.76739943990213,37.81723069591375
53.58,0.0,40.460654342126745,38.55333623886125,38.720319923923725
53.59,0.0,44.86952326465585,37.73855260981869,34.06770757590343
53.6,0.0,40.39883831950378,35.91023820588581,36.36716091439238
53.61,0.0,41.98603497345044,42.89366683428364,39.06733869830365
53.62,0.0,41.17192948908223,38.3451152602408,37.698616149701294
53.63,0.0,37.49892360456829,38.02083724038546,37.22382636616502
53.64,0.0,46.10721523674213,37.52374335771941,34.914510793021115
53.65,0.0,42.19863650564663,38.817438858295766,40.78699275484335
53.66,0.0,41.64728623554257,35.249462761538666,33.63055473828949
53.67,0.0,43.420762079829125,40.63635117476629,34.900697235997264
53.68,0.0,44.38617570789583,36.545372558157844,35.92306894585033
53.69,0.0,44.20431752363032,35.24439014587221,39.628394536292994
53.7,0.0,43.99776339491124,37.99269357242265,38.45837488165128
53.71,0.0,41.53606126080003,34.70924378925228,36.26631724449487
53.72,0.0,39.28123602951268,38.137560468862546,38.242072077472756
53.73,0.0,41.76095190171937,36.6597326648815,37.81983609634652
53.74,0.0,41.15977425377298,38.09421415010932,36.74281811894217
53.75,0.0,40.97450262964764,36.80766057788266,34.72238048802349
53.76,0.0,41.65349943148473,37.74179214947311,39.2665336123394
53.77,0.0,39.887669185423434,39.3375079896788,36.29502245797891
53.78,0.0,42.39121501580275,36.06622294766941,38.579978585316695
53.79,0.0,39.422180330231036,35.75721425240479,35.314739091876795
53.8,0.0,43.609623368351876,36.10139377990541,33.46368125757148
53.81,0.0,41.22769421635667,36.91113446935016,40.044532091550025
53.82,0.0,44.573015324848946,40.53337310725278,34.41068109224262
53.83,0.0,41.938071709093336,33.672089163923935,38.72176536817845
53.84,0.0,42.911012317497104,35.77644207599379,38.118594955254885
53.85,0.0,41.72658959671239,39.750299752241126,36.20362049902811
53.86,0.0,40.465658004870775,39.428398130192306,38.733783902678425
53.87,0.0,41.85933921325183,36.227368717498805,38.211546660144066
53.88,0.0,42.78674007563707,39.96008676096166,38.94662732195763
53.89,0.0,47.24823958301581,38.993617529601494,36.15333575043673
53.9,0.0,40.72403146557984,37.5395314913825,34.88823490394164
53.91,0.0,42.77713022727182,39.04573567601053,34.27453006626768
53.92,0.0,39.35301491611061,39.96100023122896,34.054229309633016
53.93,0.0,40.711567891829205,36.476982810300804,40.442951183555245
53.94,0.0,38.14347336494606,38.18640276295108,36.986373370079704
53.95,0.0,43.51478488289285,39.40193952606493,35.63931105410267
53.96,0.0,39.04622553240796,37.07651379808197,36.21718688746757
53.97,0.0,40.74830629118902,37.440487542669835,33.3811054136273
53.98,0.0,41.650970105085655,36.17763421373875,32.44642885752151
53.99,0.0,45.54281932583647,38.345147326012224,35.13294133175785
54.0,0.0,41.08446773797893,40.46990886252942,38.29397266652277
54.01,0.0,41.7099585636452,38.507588683336714,33.54065845787354
54.02,0.0,44.27397759993944,41.29928810494063,37.873402977271255
54.03,0.0,43.7440313141323,40.45708334920885,34.91084028035988
54.04,0.0,41.88745902171631,35.89306510854267,34.23628756038795
54.05,0.0,43.29777125503566,37.985326884125286,36.18097765848701
54.06,0.0,41.16686032549947,31.729768450744377,34.284400113866226
54.07,0.0,42.66130498973578,36.106124198507466,35.61080365716714
54.08,0.0,40.19750619186779,39.68919721439168,33.570644167418216
54.09,0.0,42.81423426408701,38.17827346230015,32.571225467612884
54.1,0.0,44.114108941624444,37.95044591716622,36.28186458913145
54.11,0.0,43.9489921721176,36.49059180709433,33.88754781473004
54.12,0.0,41.755152683400844,37.1317962547043,30.21556876623742
54.13,0.0,40.339625973971486,37.212430037494435,34.63913885478225
54.14,0.0,44.19249346588387,40.50665221321415,33.574315599018746
54.15,0.0,39.78710084113392,36.04795947313331,32.6331031272269
54.16,0.0,42.82328284539295,36.30387040918214,36.04001815418903
54.17,0.0,41.99643170252842,35.91872309359953,31.173355462873964
54.18,0.0,41.36513057252755,39.331993301248986,33.8413846336701
54.19,0.0,44.09702394191714,36.095924304424116,34.689342716440876
54.2,0.0,42.86476930763095,37.827458855506514,35.40665762266561
54.21,0.0,45.63797549976858,40.16517587767345,34.40887299712466
54.22,0.0,41.7677492771648,36.57265284798383,37.2248974923197
54.23,0.0,44.16392591128115,38.08760663251771,34.15390210934983
54.24,0.0,43.21834889769421,34.94774634138443,32.73575894345745
54.25,0.0,43.77809552117968,36.82367355180966,36.76863976773647
54.26,0.0,42.905676786157784,38.841153691585404,36.16751882914615
54.27,0.0,44.64572484916862,36.064178211671724,38.65278712764854
54.28,0.0,40.43717781173418,38.74314051696078,35.456610984235056
54.29,0.0,38.87983551877622,40.22855946985508,35.503042135147226
54.3,0.0,40.91260585458676,37.70474432569056,34.80015617056687
54.31,0.0,43.60367215911121,42.22982562770055,29.463484755482774
54.32,0.0,41.093086014654375,39.00119131907179,31.750305108704637
54.33,0.0,41.66587694986563,38.30295777451552,34.273195763632465
54.34,0.0,44.82917455963059,35.90062939986397,34.36886996438458
54.35,0.0,44.90051124212318,34.38093023764981,34.14382103064582
54.36,0.0,41.868633431321456,38.24695990697777,35.34046725056972
54.37,0.0,42.416289574185356,38.36474252965989,30.730161636989262
54.38,0.0,43.281376825026356,37.08708657273005,34.71533274236915
54.39,0.0,40.068101145722565,33.7807643842896,30.634109565441413
54.4,0.0,40.15529807564705,37.77156875196712,32.72028247937817
54.41,0.0,43.835260911823845,36.838258172800025,35.018770926970724
54.42,0.0,43.338113763997725,38.78470911226456,29.83385149428919
54.43,0.0,40.85084311857732,37.53506614164862,33.06413268569272
54.44,0.0,39.33737421776269,38.06085568652949,33.48232428356015
54.45,0.0,42.35327222858096,39.26245441186136,33.28589546538122
54.46,0.0,42.69806055686269,36.70424391063377,33.82034413600096
54.47,0.0,40.77380458675805,36.76430944914037,33.85745100275462
54.48,0.0,44.24280635849294,37.65470407141804,33.434972783778065
54.49,0.0,43.81926944783362,38.82901702823494,34.262196171819866
54.5,0.0,43.77887951331443,35.809454628354246,34.905356731250215
54.51,0.0,43.15040159791315,38.407963975959504,31.13805628131679
54.52,0.0,43.43010852805758,34.583131747068315,33.19208250875071
54.53,0.0,39.198978121703554,38.64428699490081,30.58438800151509
54.54,0.0,42.21133513150423,39.7194999649235,36.321417256367695
54.55,0.0,43.479826611121716,35.34582255237716,32.95060416423032
54.56,0.0,45.0497956678341,36.73863091997294,31.303119131203385
54.57,0.0,42.07428668201142,36.746179676110785,34.036926044512484
54.58,0.0,43.43368562406616,36.82180661742455,34.73717526666448
54.59,0.0,43.511773897128236,37.22487357620287,30.937322795802974
54.6,0.0,42.45692630439979,36.05857981096608,30.742124764693827
54.61,0.0,40.62365120844129,35.850336689352154,31.148771604380464
54.62,0.0,45.4752872137669,37.823828536221434,28.748205496084744
54.63,0.0,39.94426598388269,39.71558705444032,30.67458067148791
54.64,0.0,39.689170112280046,38.83670525570666,29.49486550572916
54.65,0.0,45.22138948893809,37.509479703252104,33.46788994744367
54.66,0.0,41.75711585090301,37.739628528418756,28.889199815213868
54.67,0.0,42.830754328158974,36.61749446167856,30.959852440214586
54.68,0.0,38.4183706289643,39.971647008868864,28.65480989278264
54.69,0.0,40.98368672653084,37.84736714070754,32.80118964468815
54.7,0.0,44.91854938618862,34.51889170029882,33.847668776499404
54.71,0.0,42.90835845044485,38.913959286724584,31.93167321365444
54.72,0.0,38.79365449675743,37.47846976193412,27.35025395999299
54.73,0.0,42.408001768365246,40.73277977237142,31.323284733686855
54.74,0.0,42.58010557013247,38.78717913597694,30.499327354467663
54.75,0.0,42.31799896190287,31.519860704230105,32.957955794819156
54.76,0.0,42.348526552887385,35.83072083257128,29.030409571932154
54.77,0.0,40.638456732965565,38.4837992432749,31.001600199501418
54.78,0.0,43.30188611236433,35.88116551922871,33.2209422391454
54.79,0.0,42.65882324833876,38.766560168786036,31.812164824859916
54.8,0.0,47.09663737826847,37.1077410619702,32.50596930306398
54.81,0.0,40.105655298067965,36.85752524378002,27.451038663857414
54.82,0.0,40.371966800132235,32.430921978092385,27.94469589890182
54.83,0.0,38.63372548835165,36.373927299547994,24.80555232783672
54.84,0.0,44.9795882878117,37.52066694302389,29.3880392959842
54.85,0.0,41.24690950352592,35.77516832879287,30.058375826801697
54.86,0.0,45.084793566160876,35.8083304230632,28.017212640100336
54.87,0.0,41.72699554853397,32.41653757087498,28.071773850357523
54.88,0.0,41.77200699419879,32.42832424907512,27.971997461487522
54.89,0.0,40.26442313456473,37.05402791089824,28.84967811564879
54.9,0.0,40.65451297518481,37.63483068546469,28.310440359475383
54.91,0.0,39.41795713271859,35.47021433202062,27.20274302137635
54.92,0.0,41.23078228490468,32.34612810568607,28.89343363955303
54.93,0.0,43.83642118807652,33.50427664738376,28.991492993269176
54.94,0.0,41.76586778470292,36.58799148162992,27.838991680016527
54.95,0.0,40.33104269559812,35.096429402903176,24.414276665613706
54.96,0.0,39.86978027331583,36.320954979768125,27.877655447603736
54.97,0.0,40.51058484428042,33.25292720547736,26.226801107483933
54.98,0.0,41.82503939273203,34.80607730189089,27.2360024883143
54.99,0.0,38.89267597759097,35.72944938062454,31.444354680304976
55.0,0.0,40.74060915502045,29.53688784059244,26.483454796386955
55.01,0.0,40.38309163569016,37.25738805888772,27.72344019595686
55.02,0.0,37.53428973704548,36.56573056572694,28.273833617555482
55.03,0.0,40.62351948615132,32.894391147605816,27.36079672949571
55.04,0.0,42.2408278528281,33.05219276784116,27.05195664086113
55.05,0.0,41.26817552932382,34.83600026427409,26.876794356906554
55.06,0.0,40.764580015362995,34.51680637442668,22.94963833681009
55.07,0.0,39.19794195200747,34.32703247036492,28.811691307787935
55.08,0.0,40.37097698366852,36.252968569271864,25.4527898148762
55.09,0.0,37.89016375273422,37.10198868870335,26.471954931579667
55.1,0.0,40.986126693422605,33.552325544605516,25.084016715810638
55.11,0.0,42.06275665782911,35.37264633637383,26.004939121359104
55.12,0.0,41.00169783220518,35.69034634252985,24.67207558358004
55.13,0.0,40.06931508014049,31.473049693020727,23.80904098672771
55.14,0.0,38.80047691350123,35.6472173980064,26.851955793397817
55.15,0.0,39.92858154635919,34.02222853463662,24.340450990453316
55.16,0.0,40.233301053578614,32.27242528534326,21.881609774567195
55.17,0.0,34.85922195558956,33.38245571369927,27.220938655165234
55.18,0.0,37.06795486659501,32.752554179156235,26.112247310056727
55.19,0.0,39.04364172721225,35.36080623885627,23.285504234974628
55.2,0.0,35.36894869236849,37.575817155115914,25.302005893652183
55.21,0.0,40.639891007550055,34.29555597873075,22.570478795250605
55.22,0.0,40.11069115573456,32.128490902268425,25.292318057164543
55.23,0.0,41.64772807688657,30.95946824274878,26.798784094411
55.24,0.0,40.4404157143624,34.290230612018334,25.211115832175935
55.25,0.0,40.36754389668019,35.36878232297934,28.77188606175707
55.26,0.0,40.433784947144645,30.47896601936158,25.334017720282294
55.27,0.0,40.92168823434187,33.0773522261296,22.62504635705579
55.28,0.0,36.77015057694212,32.285065194463286,26.34511863068948
55.29,0.0,35.066152534070916,35.39962379856346,24.653980194000372
55.3,0.0,36.624712191243376,34.01527664574917,28.223500397850234
55.31,0.0,39.00322963318297,32.27933201817095,28.94093153803927
55.32,0.0,41.067346614331,32.696604314713674,23.20138946085218
55.33,0.0,36.31974366009569,30.490269405011293,27.856126450775996
55.34,0.0,38.92541529829984,31.275294115846833,23.99943505473761
55.35,0.0,39.84586345706853,34.32692118061878,22.4822800962779
55.36,0.0,38.474624437594834,31.184250797222795,22.609520395243113
55.37,0.0,37.404746249452536,34.94287000428458,23.324781990445903
55.38,0.0,34.110553494163085,31.919533855819616,27.082646680847226
55.39,0.0,39.43487368984183,33.20460188887425,26.382690549921026
55.4,0.0,37.7117664064248,31.65061359146134,25.860621673985396
55.41,0.0,36.60848705493602,31.022245368721304,23.557386289527283
55.42,0.0,39.42424419780242,30.414382076465092,28.840457607059726
55.43,0.0,40.60828362185971,30.904612606396295,22.885524637229626
55.44,0.0,39.74438164913553,28.973288509948265,24.222534490967863
55.45,0.0,37.91459955484972,33.89177336157756,23.065296684365375
55.46,0.0,35.502996611272664,28.26658217438277,26.109965817789508
55.47,0.0,38.72969378104077,30.699236500956616,24.924307714800534
55.48,0.0,38.93294497490332,28.393674479998634,24.588146029753965
55.49,0.0,37.50480997864776,30.678968553589595,23.213766926197824
55.5,0.0,33.5834886401951,32.91120366528551,20.7980687422627
55.51,0.0,35.260558977510556,29.576489341311724,23.12004257636854
55.52,0.0,34.6513978227656,32.51821154106556,21.649774940390863
55.53,0.0,36.52276498368557,30.997280816687,23.36509800035561
55.54,0.0,35.10646916086976,28.970940553787486,26.25705770293721
55.55,0.0,35.80672146225781,30.673263900132234,20.854580378386416
55.56,0.0,33.80250742909651,31.64433877055084,20.195644048473188
55.57,0.0,35.1468164989359,32.10307706881258,20.57850878158413
55.58,0.0,39.05060625284486,33.58571643033174,24.207570192427212
55.59,0.0,36.77505469589026,29.917389952862795,24.837259824274593
55.6,0.0,37.007902661640586,30.7139815248081,26.451080967337585
55.61,0.0,35.47916333352131,28.945283011263335,20.93099059490907
55.62,0.0,37.7259440552846,29.08481494731324,22.683184349071297
55.63,0.0,37.91397102143212,31.262818548469685,21.042283862905883
55.64,0.0,32.35814166590033,31.663292213973158,20.929794501848836
55.65,0.0,36.68951034802964,31.522053061644492,22.09933814989029
55.66,0.0,38.06932423991167,30.055827988141317,25.180454438842347
55.67,0.0,35.37305789380969,27.303008284449433,21.64318705949835
55.68,0.0,37.389894737295165,33.95944151525284,22.004348341879524
55.69,0.0,36.66683004349723,30.67369490036911,22.43384871935633
55.7,0.0,35.46780942333194,29.901361914062566,22.92094570674943
55.71,0.0,34.83130015841486,32.62731650225283,21.832697836122254
55.72,0.0,31.731307352556456,30.926968466320027,22.26263166382236
55.73,0.0,35.12484216708346,29.015583868300478,22.150909849538305
55.74,0.0,34.22722473889856,30.21081805366378,22.403026143853427
55.75,0.0,37.6868488940737,33.958355067697134,22.635232142475346
55.76,0.0,33.59509024476101,26.968711441841,19.74705703451264
55.77,0.0,31.889053220441763,32.30856278244436,22.456578230041945
55.78,0.0,35.4465585765453,23.3228237357791,19.522785813263702
55.79,0.0,33.36521787806738,29.353544662338987,21.628534794882345
55.8,0.0,32.49207948955058,28.378234879955915,24.483619530984257
55.81,0.0,39.158723366097014,27.163572421554328,23.715519961209935
55.82,0.0,36.668979473778826,32.07858454030585,18.88324286043447
55.83,0.0,32.604122099557664,29.56748576353065,18.431550451690466
55.84,0.0,32.05320588781896,28.809479609444036,23.116327508883888
55.85,0.0,32.379692208287736,30.399691791608543,20.2782046024801
55.86,0.0,31.679607586181767,31.557920374231216,20.96635572459163
55.87,0.0,33.11354878180678,28.552413641377857,20.195356885581766
55.88,0.0,36.78462029108466,30.08455339624088,22.40616445608558
55.89,0.0,37.425682136411844,29.111704733798604,22.66920274871853
55.9,0.0,31.67803100476526,27.6417101214714,24.47570353350243
55.91,0.0,33.15158920743137,31.050942622024785,20.98123578326871
55.92,0.0,36.90279045921092,27.15690541122738,18.966035926264553
55.93,0.0,36.71650870931606,30.311883221045044,17.619013699366178
55.94,0.0,33.04057806944133,30.88500963979719,18.702279881678123
55.95,0.0,32.81133251107165,28.761891606785035,20.003859614134477
55.96,0.0,32.55790868164166,28.1358484787651,19.43576188678762
55.97,0.0,31.418587138307682,25.914988507615227,22.065516697923854
55.98,0.0,32.46592735714187,28.822019629858723,22.28022540845588
55.99,0.0,36.05494332358813,31.312631681054764,22.661223788594352
56.0,0.0,30.65360567275609,28.78107227196779,23.014010727023546
56.01,0.0,31.4288478714304,28.691198990765457,18.590658350807463
56.02,0.0,32.530056458104724,30.06398478353513,20.835454840262884
56.03,0.0,30.41564583451236,30.24214517553867,22.27800080886574
56.04,0.0,31.416539687517943,28.17664792187048,19.238593418183516
56.05,0.0,33.129777388602065,26.015682690334366,20.669452454740153
56.06,0.0,33.50831225846671,28.783776823429843,21.15032268457772
56.07,0.0,35.26460762950427,29.897899621852844,20.713593719183688
56.08,0.0,35.37541450468035,27.619130918884146,20.497029108193537
56.09,0.0,33.47931320122084,28.977482103850207,17.948142004291384
56.1,0.0,36.08701658301753,28.838366237159683,20.476324664837094
56.11,0.0,34.02250112204519,30.61497117334778,21.16843526407168
56.12,0.0,31.56061337337234,27.935215972618547,21.751815939231076
56.13,0.0,36.88550998408604,29.276591277505442,20.53936817392564
56.14,0.0,31.577531359477916,27.929363081079806,22.746854842182277
56.15,0.0,32.60169610930678,27.326484159054363,19.325690020111967
56.16,0.0,32.86073313337773,31.688849796961385,18.775767789176506
56.17,0.0,32.87298817718539,27.91879221389632,23.68744980400846
56.18,0.0,32.67899749182944,29.647444280707454,19.92316579797643
56.19,0.0,30.96800288184762,31.919053728910463,21.101685394573696
56.2,0.0,33.56015692014025,27.268560531926127,21.402044077381667
56.21,0.0,29.043897625713438,27.88122960757679,21.811116505167373
56.22,0.0,36.539318851116725,28.524829453763232,18.698307333948396
56.23,0.0,35.0305933822725,26.6483539067586,20.894156045683882
56.24,0.0,30.796569595567494,28.02981925975921,23.3894404912222
56.25,0.0,31.800469659935793,28.041849304413898,17.501955600657755
56.26,0.0,30.710671547902106,25.18442602776329,19.30792077570734
56.27,0.0,30.83492800448253,24.169601886709223,19.2242760964194
56.28,0.0,30.957929873280136,26.820712468038447,21.33160371139854
56.29,0.0,29.893546929079903,25.39953239260364,20.94385366417799
56.3,0.0,32.046520678931756,25.22762415279223,17.608708423411382
56.31,0.0,37.494387001650914,26.151884616039197,22.608159455855706
56.32,0.0,29.41146876166942,29.030356854984188,21.727207036191906
56.33,0.0,30.63173694437281,30.91193143479243,23.310494725975552
56.34,0.0,31.502656659543476,27.116446262661444,18.239940270310047
56.35,0.0,26.81303440650592,25.837255531543043,18.647859198743873
56.36,0.0,30.71175894867501,28.070033117499058,16.821873124868294
56.37,0.0,31.653478334958354,28.32059348669491,19.9229483458072
56.38,0.0,31.010355685475353,26.773780197152835,17.626419482060506
56.39,0.0,29.91557767250513,28.12238319178502,17.749427348941765
56.4,0.0,27.073663864095614,24.62386743039125,20.767396660165534
56.41,0.0,32.00354901444296,24.25682350372237,21.238352077589703
56.42,0.0,30.12883510088073,25.343787706809543,22.661574905345475
56.43,0.0,32.528275220236296,24.7423969062213,16.205501868794457
56.44,0.0,32.8018747436239,26.389535046575276,18.03059686751775
56.45,0.0,28.206957136884704,28.23419137981631,16.81732703275572
56.46,0.0,29.99351624640505,28.75568909374482,17.77085907029284
56.47,0.0,28.592647014229026,28.93174834819036,16.541010939749192
56.48,0.0,32.4974924098549,29.50806703137811,23.6747210148549
56.49,0.0,32.737318174622494,29.19155019084583,19.710830318496843
56.5,0.0,34.336873805097945,22.331233275256956,20.167042128226303
56.51,0.0,34.3576130642838,28.21547365560416,22.14877173711201
56.52,0.0,34.17635938466132,24.367583813514344,22.012634507485362
56.53,0.0,31.768409236353197,27.31387702655913,16.480369804647975
56.54,0.0,32.75204889968352,25.989073985911638,19.57951312497306
56.55,0.0,28.295803275115393,28.427344079608726,16.983777407816167
56.56,0.0,30.17491746835131,23.79365496539733,17.851525872754493
56.57,0.0,30.481547276452087,25.83534083003923,16.680020807803754
56.58,0.0,31.627338778581812,30.97859034707256,16.23117579808533
56.59,0.0,32.72167245007683,29.204731852387418,16.302972578206287
56.6,0.0,33.809862026985954,31.33009566669356,23.639282017686565
56.61,0.0,32.96309543993754,26.91347739243232,17.548574672569398
56.62,0.0,32.64498888252167,26.366474720081413,14.37727346345682
56.63,0.0,33.39135566633617,23.02250739682844,17.463092367492035
56.64,0.0,34.3036634178925,30.3114432147511,23.32241924056808
56.65,0.0,32.701916146486326,26.54056243856808,17.828717820265386
56.66,0.0,30.848039833243913,29.11806392082499,22.095937758829002
56.67,0.0,31.379657576337845,30.61005345265243,17.797968648024014
56.68,0.0,29.451544384469077,26.11107117750434,18.824730980939623
56.69,0.0,32.16099477606091,27.62639946399844,18.993945658108608
56.7,0.0,26.72368681142656,27.739454628324964,18.679568933474723
56.71,0.0,34.66387463189501,25.450607567051733,17.92114368922518
56.72,0.0,27.49988688938814,30.240556041150025,18.985913904502695
56.73,0.0,30.581896231891424,27.140790978938472,25.140363131661825
56.74,0.0,27.47112075879077,29.950373403214726,20.17860495301873
56.75,0.0,30.620387653972863,25.952188915803294,23.735990605584316
56.76,0.0,31.600204863167747,28.041281549236814,19.777111304129736
56.77,0.0,31.946398966453415,26.374567461772223,16.762468201724733
56.78,0.0,27.24320028072466,28.500235412490497,25.245849284161693
56.79,0.0,34.84652047045679,29.787947343776693,23.254901829523682
56.8,0.0,29.048818851187463,31.972363704790187,16.939737299644932
56.81,0.0,31.49676954264784,27.683745517689513,23.64902344750004
56.82,0.0,33.2271994947983,25.75365976199548,19.22513697978296
56.83,0.0,31.742554318470134,28.42700464758316,21.615532840041755
56.84,0.0,31.35652550675852,27.085180164265694,20.035848949800236
56.85,0.0,27.822194661356832,32.70582966668898,22.38137114393862
56.86,0.0,33.414591387796804,25.361904333621638,20.901030337136888
56.87,0.0,33.61717889934419,27.886939851683703,20.863291266171387
56.88,0.0,30.919498822469052,26.361045118175976,19.821990315693427
56.89,0.0,32.62817458531937,27.748277153093383,21.404787657876454
56.9,0.0,37.79400688574503,31.793279690371776,22.225171597720028
56.91,0.0,31.737078983269694,27.92371295929921,21.95153038468375
56.92,0.0,26.734853982282416,26.44662617110116,21.866095107548666
56.93,0.0,35.162710953662966,28.16228863678169,22.72841599339107
56.94,0.0,30.30129180308263,27.3003297264585,16.763894694540753
56.95,0.0,34.50706003438997,28.771113082371475,19.68879134531022
56.96,0.0,33.54953797003478,29.383152126989593,23.464237168812016
56.97,0.0,29.547752171118958,28.200992012399507,24.73849050044622
56.98,0.0,32.92661700608752,29.320544123925234,23.030403751448855
56.99,0.0,32.732214983699556,27.900904053887572,23.23332489725522
57.0,0.0,32.49537474082421,27.286703561525748,18.56138963654979
57.01,0.0,32.158394580522526,25.882053336426026,16.66649243977183
57.02,0.0,35.737158712969126,28.79146176191805,22.752490020107846
57.03,0.0,32.02255769792935,34.49723081706269,21.92024088479037
57.04,0.0,34.09054821597769,33.046217641625994,21.753632790841536
57.05,0.0,33.97962067077472,30.469751531549658,20.398230042063503
57.06,0.0,30.83646894189137,30.309003681363972,20.840903623746797
57.07,0.0,35.79772328166099,29.634216578611603,24.646055846296246
57.08,0.0,32.59198311114366,29.101941678679978,24.907937203133848
57.09,0.0,35.10300866236506,31.255310732518353,22.211424464562572
57.1,0.0,32.44104462209611,29.05236021651721,21.929995877415173
57.11,0.0,34.503069813213706,31.297272738775018,24.37625902704585
57.12,0.0,35.323371913423344,26.43360164734481,25.64315631453405
57.13,0.0,30.88825238292709,29.98473057674698,24.074364148920193
57.14,0.0,33.65821855570884,28.572380758571356,23.796551079349506
57.15,0.0,33.72929404043218,30.144658989917843,22.408777214630963
57.16,0.0,35.50494744065111,33.27277966520151,23.004793023279177
57.17,0.0,33.73206175593348,24.38980700873661,23.825550975243207
57.18,0.0,37.55179798596835,31.619743358288826,19.08536630890442
57.19,0.0,37.87066037605434,32.45369609336553,24.75896129641845
57.2,0.0,37.766768250713,30.4914684673686,21.037370473423135
57.21,0.0,33.22604981514799,28.989960239486145,24.691065216838748
57.22,0.0,32.60682438735462,34.06419179261483,16.268769420527995
57.23,0.0,33.931548771313786,27.52710037011979,22.547093308256375
57.24,0.0,38.14059782132839,31.317600428938658,25.051761233035442
57.25,0.0,36.144780912068114,30.304564826042068,21.75834058639858
57.26,0.0,34.38459105202763,29.757263136208685,21.437757460681382
57.27,0.0,34.04653219877065,30.202772105206567,25.412020589846286
57.28,0.0,36.00814577858549,30.108512387728698,22.09572879546028
57.29,0.0,35.38306831126935,31.235919463639895,24.540501400927226
57.3,0.0,33.3609665263643,32.5503120993003,24.0437015092263
57.31,0.0,37.32599514691014,34.082080040823094,24.141067251360035
57.32,0.0,37.672918883157976,29.671717086108842,22.626503178975867
57.33,0.0,37.59202345876877,31.06456248110836,23.80767217068642
57.34,0.0,34.162916392418765,31.565978025056054,24.67004503438097
57.35,0.0,34.339278064874534,28.965911473665066,24.566819314771053
57.36,0.0,35.53269367096126,30.788305041911666,25.531130249872543
57.37,0.0,31.671210440370377,33.30513810812103,24.545494276073622
57.38,0.0,36.267029085976155,33.16196067938399,23.6197381673656
57.39,0.0,31.170435019013617,30.73896206788398,24.58275401442757
57.4,0.0,35.08554937575416,31.566411107303054,25.03820980075841
57.41,0.0,38.85773692360115,32.10298981203583,24.365253376711525
57.42,0.0,36.6778902875399,34.97238656436773,21.72379264593462
57.43,0.0,34.5813513882327,34.15468025058609,23.51358854594678
57.44,0.0,34.73103140384481,30.006687061189613,25.78177099300465
57.45,0.0,38.48627410296184,29.468443508419757,24.12558241608148
57.46,0.0,39.37536440343044,27.880145588381584,26.23329492613076
57.47,0.0,38.05825697925589,32.05525785567925,25.31710868373073
57.48,0.0,37.208339786378986,31.70541793307854,26.438694444571002
57.49,0.0,35.69329699755906,30.382988216347194,23.84910130828845
57.5,0.0,38.1575372559776,32.51093783748386,27.02907762738284
57.51,0.0,38.03230380251824,34.272666276012416,28.133727848090516
57.52,0.0,39.06338681071855,32.2434045799343,25.79171054389465
57.53,0.0,39.35849789758532,31.248766655140603,23.483744224056704
57.54,0.0,38.900148220134305,31.206911793486903,27.24221552491024
57.55,0.0,39.07554790000968,32.87023770650999,24.808755653079814
57.56,0.0,39.18944472698242,31.6613345459149,33.00783677779117
57.57,0.0,39.11701650440316,33.962421895148346,24.9579238488143
57.58,0.0,43.38727896917123,37.4915494074541,25.744899254565837
57.59,0.0,40.30790853101907,31.445617000445978,23.977123754814723
57.6,0.0,38.899954918375386,37.11032908371831,29.58412809602592
57.61,0.0,40.34169490809549,34.451153595825375,28.1806380612883
57.62,0.0,42.03548996872901,33.87119487821686,24.91189596521757
57.63,0.0,36.5111440673996,35.38905965207086,28.107242868117236
57.64,0.0,43.44167930956383,33.60239363521669,24.043651876592932
57.65,0.0,41.00298740368164,33.69959119264413,27.762286619254287
57.66,0.0,36.24785305616898,38.16229811352186,28.105216957109537
57.67,0.0,44.39596190580022,35.311793863058874,25.778027742848142
57.68,0.0,39.9432241059535,37.93643519750136,23.109381861368725
57.69,0.0,40.62301151418114,37.6964123604553,26.897800335936758
57.7,0.0,40.67807416174228,38.484699466009296,28.932981385386533
57.71,0.0,37.709488503338235,35.37456827288936,28.765724514740636
57.72,0.0,38.24886787585666,33.391602927864504,28.612033741070878
57.73,0.0,42.883410035969796,35.18964463323889,30.156884095251044
57.74,0.0,43.399539823502,33.93769987707065,29.27702709922697
57.75,0.0,40.93844008793083,36.61801597039727,21.94443873088627
57.76,0.0,40.40054182186408,35.89793330389523,30.62642182255842
57.77,0.0,37.72297305731994,33.74584125026625,29.501945220416335
57.78,0.0,40.25520518062458,37.57760351538836,27.227820247094122
57.79,0.0,37.96785845705676,35.40872111559993,28.725752641160664
57.8,0.0,40.85596515215369,36.341043034730546,26.6738048694645
57.81,0.0,39.95125718845725,35.927434364371244,28.99765169421537
57.82,0.0,41.52040563267927,35.3046866678939,28.852350688923806
57.83,0.0,43.00192156148199,34.26816039935901,31.17015730413393
57.84,0.0,41.701960965599525,32.33224221842544,21.861132514823332
57.85,0.0,41.48325031903892,35.19272176923213,30.112443461429717
57.86,0.0,42.508471613626476,34.67943280685557,24.02766284137098
57.87,0.0,41.314886210791585,36.64975151507966,27.905580964868637
57.88,0.0,44.00505617965775,35.62425159390409,27.617593117601604
57.89,0.0,40.02904769709701,37.388830162276086,29.14035613679177
57.9,0.0,42.521837408974754,35.12798256168963,29.052884980670175
57.91,0.0,39.93375724491927,34.96346613510519,29.47751739468854
57.92,0.0,44.25060293559276,38.27507257269178,26.98064423579328
57.93,0.0,36.750283140513055,36.36690127689261,27.99771507219944
57.94,0.0,43.19181581807841,35.12443160606014,28.283486605546173
57.95,0.0,44.08135499367591,36.58472493016496,28.911515994033998
57.96,0.0,40.77554496396959,36.47978893107947,31.30792390730809
57.97,0.0,41.579836390288385,31.91559871193998,29.618231930296147
57.98,0.0,42.453551020582495,34.78023909431896,32.227755449598966
57.99,0.0,43.183782695049935,36.776882719494125,34.2551236237059
58.0,0.0,43.23195657704444,39.492497465570025,30.4167531340569
58.01,0.0,42.905445995530734,36.42726792195094,29.522058650172944
58.02,0.0,44.44374975919494,38.46841052873017,30.67486017736885
58.03,0.0,44.19446956405873,33.390828463935215,32.87701854970598
58.04,0.0,42.17846929266085,36.137167848041834,30.677351084071518
58.05,0.0,40.80926952006474,32.6177294632993,29.504191446413365
58.06,0.0,40.41365155692807,38.57128761675872,28.99916098078431
58.07,0.0,43.645169745888865,38.7619007789945,29.514190953933458
58.08,0.0,48.1328689709299,37.326416747940485,36.16132133549103
58.09,0.0,40.72699031286054,37.16342246746867,31.729046298667207
58.1,0.0,43.660956014478394,36.144274262436156,31.858950821723006
58.11,0.0,40.551485712863915,35.31445836862101,31.33152206730962
58.12,0.0,40.512670741984245,37.608343918487044,28.353994090857853
58.13,0.0,42.079925778812225,38.24960217292444,28.92503185628915
58.14,0.0,44.911984925088206,37.768333624018055,35.961510158902186
58.15,0.0,42.7363761990587,40.70650606445713,31.505336516919968
58.16,0.0,42.20217361609843,38.7669426458876,31.193304922684497
58.17,0.0,43.57641453217157,35.382030423799705,28.75793234564625
58.18,0.0,43.58875712638045,37.13299259288177,30.933300469509575
58.19,0.0,48.48249137203633,36.45564809395386,29.26956886726057
58.2,0.0,44.43154291396097,37.69666398020613,33.070197373850625
58.21,0.0,44.10227715179106,37.784326249384215,34.64414265850921
58.22,0.0,42.44418590797822,36.52769031000834,33.29696965701062
58.23,0.0,41.39244855377988,36.46503149951325,33.723848658577936
58.24,0.0,47.3092216165024,35.719110537369495,32.34879111301028
58.25,0.0,39.16791979616664,36.24503191877347,31.532386647595203
58.26,0.0,43.438015396932045,41.09676162307978,30.894349308768344
58.27,0.0,44.34439470977721,40.72986615585216,34.827276160905825
58.28,0.0,41.9551798415913,41.06978828291621,32.741715825215756
58.29,0.0,42.52535610465831,37.621084780270465,32.12883397532582
58.3,0.0,41.1728212313522,40.875541059160525,36.177707309988044
58.31,0.0,41.63508146933464,39.24977545252768,31.259953237677358
58.32,0.0,45.04912047922324,38.39136094800067,33.71972825861471
58.33,0.0,44.86236553239918,40.54602865759487,29.965768270232275
58.34,0.0,42.819273158024274,38.11380160847767,33.90691434812248
58.35,0.0,44.709366739418854,37.94714413639101,32.70295079751283
58.36,0.0,44.116811898378906,39.23637792518724,32.809071010351346
58.37,0.0,44.63746846081896,38.483643557722516,34.43809363301999
58.38,0.0,44.192652365643,40.16788832197184,30.568973923476626
58.39,0.0,43.616853925600694,39.70249500599151,32.596314091117925
58.4,0.0,41.750680811704186,38.65894659657925,32.45127103451339
58.41,0.0,43.941200206728816,39.014629069306075,34.74700012826369
58.42,0.0,42.41219089780586,34.999124355131826,31.860975155316037
58.43,0.0,43.82962600111916,36.34528751619134,36.688503908037035
58.44,0.0,42.44397550386951,38.34959525283324,30.215560281706942
58.45,0.0,41.105364471578234,36.779162686982595,32.43125631419382
58.46,0.0,45.845282145875025,37.093854510780595,36.046183471935215
58.47,0.0,42.443584411202146,38.53810973466127,35.125245192748714
58.48,0.0,43.75909563460077,40.35806599843208,32.99161225871895
58.49,0.0,42.84637383180277,39.18817391881926,31.485937614778763
58.5,0.0,44.48498978835113,39.75094052911885,32.83506768457598
58.51,0.0,44.1177724605412,41.845943770590864,30.23062673015858
58.52,0.0,42.71049828777368,35.97765824515618,31.095293574449855
58.53,0.0,42.04101499167053,38.59261630051623,32.219516194968094
58.54,0.0,39.68164848659905,37.23021863864214,31.580511851923884
58.55,0.0,42.365522213815524,38.06588118068235,33.78343159963376
58.56,0.0,42.88679098364169,38.27627370366707,37.062016959651956
58.57,0.0,41.758161770472725,37.279949252392164,35.604791348143436
58.58,0.0,40.58444010891643,36.45746727759769,34.904170194853016
58.59,0.0,40.22643888908584,36.24676008036283,33.38548610306558
58.6,0.0,43.46562482182833,38.8597539693218,35.322631404049474
58.61,0.0,44.970064779006584,34.92106768354274,34.961181003555645
58.62,0.0,40.19872873740218,36.70700115707598,32.81364216546283
58.63,0.0,41.28774882513356,37.64389462752791,36.033890576730556
58.64,0.0,45.77520012274432,37.2389396158179,36.32489927258234
58.65,0.0,42.40214965168486,40.150117706698346,32.826869763524456
58.66,0.0,41.9241625635715,38.210009335728664,36.193472522298826
58.67,0.0,41.30127990338215,36.047021583084266,35.133818414387186
58.68,0.0,44.6447644725474,40.4108258786906,35.72693134786384
58.69,0.0,41.571938381225294,37.9471288586877,37.59254599942201
58.7,0.0,44.33323480693419,38.95996533086032,33.74256801571705
58.71,0.0,41.11322672847315,37.27747937660516,37.43783069021652
58.72,0.0,40.6029050043977,40.478108283076125,33.45294962888974
58.73,0.0,39.75580203987067,38.75912295665162,39.628220864045254
58.74,0.0,45.93658117705547,38.79597267082954,37.77562440348608
58.75,0.0,43.1110089868315,35.21236029065699,36.797661084416916
58.76,0.0,41.885385323814056,39.70494677154517,36.93619702301054
58.77,0.0,46.41806596835154,39.372093693522565,37.73318491220928
58.78,0.0,43.78390291387353,38.98437705646792,31.657643924532227
58.79,0.0,41.06570429341557,38.75387243596671,39.30091625026386
58.8,0.0,40.69917284474225,37.708025893293474,35.970924487937786
58.81,0.0,43.080495846783364,36.953521707216886,34.08494278566065
58.82,0.0,40.515747534422324,37.6743330514261,33.532462570240675
58.83,0.0,43.824384475486205,37.43636396824031,35.74718109760359
58.84,0.0,43.792859147635774,33.43661099976514,38.15380892352581
58.85,0.0,43.28141832850271,40.27712938822617,35.1817012883475
58.86,0.0,42.34970371994956,39.38637891306662,34.80861258983463
58.87,0.0,41.79692567858188,34.358204296546354,36.99222677521934
58.88,0.0,40.27657580103497,36.90851992419359,33.59807399560639
58.89,0.0,44.15086039352942,36.74710873929053,35.60744556829854
58.9,0.0,43.909791729733975,37.444135094894115,34.16619656498806
58.91,0.0,42.45417489011926,35.469789076007885,36.68361596872762
58.92,0.0,42.373090552063694,40.214714114402774,35.095289909528276
58.93,0.0,44.032605262859974,37.5127954467384,33.331500853949564
58.94,0.0,39.84988645402681,37.38091420187127,38.93763819335154
58.95,0.0,44.35315529258499,36.6004554187331,38.10407589167312
58.96,0.0,41.20313859871579,38.315051587480774,36.698038831846766
58.97,0.0,42.340983083337115,39.74926190214488,36.83479126572071
58.98,0.0,41.741335125180385,36.54846081436602,34.38626948420049
58.99,0.0,40.53642080464727,37.72396709481137,39.490818284983234
59.0,0.0,38.8568044706231,37.95626327585256,36.864518799978676
59.01,0.0,43.323641906569215,38.26147775103391,36.97181368962701
59.02,0.0,38.6454998809642,40.085619761887564,34.382595073989975
59.03,0.0,42.994266184545964,39.265957627591575,38.52279183962878
59.04,0.0,40.678294307131615,37.568782311250274,41.36959102532576
59.05,0.0,42.30930783673071,39.31097353561789,37.47740009469172
59.06,0.0,42.241176791052574,36.925330353774484,39.65058024200051
59.07,0.0,40.97205189619925,36.73983024758717,36.43873482999728
59.08,0.0,42.70283010757869,39.97077695459563,35.70991348127996
59.09,0.0,38.091889150890935,37.988654163042504,36.85549406526997
59.1,0.0,40.757984789078954,39.87285162705706,36.424355103886846
59.11,0.0,41.226166335732756,38.64493311981286,39.29022928016108
59.12,0.0,41.89508390005177,35.85251333713848,36.82615769264403
59.13,0.0,41.64453364404463,38.44251993558208,40.79450412337565
59.14,0.0,41.97611178988548,41.55145590420253,35.234645457488554
59.15,0.0,39.821869051416066,39.33524420347375,36.2286233639676
59.16,0.0,37.26048192600188,42.851748012275586,37.7276237019944
59.17,0.0,40.21452299409795,37.64174370518382,39.718064157185715
59.18,0.0,41.39766327476664,37.91526003833788,38.26453207141339
59.19,0.0,39.30336768731567,35.60652084975246,37.303564132853275
59.2,0.0,40.034148684795795,39.651583882569675,42.041126128229756
59.21,0.0,42.32503529413085,38.94316656104594,37.25594628265691
59.22,0.0,42.55773216351613,38.268342045481475,37.150273642817176
59.23,0.0,42.87737735476978,41.14788241942321,37.74481132916846
59.24,0.0,40.38373674575613,37.617441554220356,37.7293671886106
59.25,0.0,37.788967746724985,44.35154305477719,38.45710952488499
59.26,0.0,41.17509093741251,36.46199678483172,38.79582517078408
59.27,0.0,42.8753121460801,37.5818216943115,39.94592871920351
59.28,0.0,41.08171222034102,39.157227026926265,37.89901821318125
59.29,0.0,41.050959930935115,36.180810763821476,39.69538561606443
59.3,0.0,42.16154160425117,37.11061169682462,36.96904580712527
59.31,0.0,36.866843084959484,42.70173943520222,42.35695967599834
59.32,0.0,38.97948246578141,37.625862401036535,35.297144818615116
59.33,0.0,37.936141015361486,40.51640975630907,39.45252448612609
59.34,0.0,38.53452974252757,39.621895456013114,37.7312386837009
59.35,0.0,38.95925479093239,38.223150686995616,37.139895936972835
59.36,0.0,41.06718923050618,43.301420364810625,41.237555059430164
59.37,0.0,42.585939659351205,39.7388641528217,38.603836896004374
59.38,0.0,39.67070339313207,37.79271795597738,38.07196827644546
59.39,0.0,40.843654228143336,32.55216716715061,38.265665207850176
59.4,0.0,40.8405124338785,39.59575810834079,38.8648340554342
59.41,0.0,41.10439002286197,36.21796861166429,39.613760443953645
59.42,0.0,39.02202967072558,39.376009739905875,36.39488757751471
59.43,0.0,39.29188010289914,37.585220869995304,37.59800864095543
59.44,0.0,42.70997378009573,38.63090464013638,35.733858758332865
59.45,0.0,40.080804853630205,39.412808898443615,40.71592033834651
59.46,0.0,40.33653961770901,37.03032261137611,32.147537432893735
59.47,0.0,38.37102935716232,42.99901712869574,39.432761816087655
59.48,0.0,40.581122179296926,35.08861201151841,39.09438275460368
59.49,0.0,39.225202959071325,38.008199686124534,39.13483511352295
59.5,0.0,43.22036674872593,35.145070597563056,37.0799421668344
59.51,0.0,38.44154492894111,34.71988976825156,36.84879988664077
59.52,0.0,38.27082244596905,37.22211704110032,39.585768991461876
59.53,0.0,40.076796223379446,37.84545870195955,36.90188189312123
59.54,0.0,39.267889162643876,39.23437622680802,35.81391108981098
59.55,0.0,37.1102359307389,37.14485519721747,36.88381259460502
59.56,0.0,36.95850179015703,41.60513149793682,31.703170154474712
59.57,0.0,38.17781064344109,40.708841330865425,39.94206413784438
59.58,0.0,42.225918221494105,40.96423510231734,32.093456521268145
59.59,0.0,41.155861494083915,36.78712630703153,42.03668393821028
59.6,0.0,41.82309947157081,35.43299832735954,36.4185638837917
59.61,0.0,39.98258563198128,37.51023964795457,39.83435099217048
59.62,0.0,38.68455851914136,38.24415173176815,38.16965208113656
59.63,0.0,39.71000340707907,38.2978354812581,36.30062328024444
59.64,0.0,38.088606005885,42.26672114794084,38.30423842057818
59.65,0.0,37.81117220420286,39.969330532752686,38.02526273077387
59.66,0.0,39.06198008235692,36.71833351289895,37.51874449447712
59.67,0.0,39.84372042704181,37.25809697012015,37.53227730271316
59.68,0.0,35.968236225111504,40.221127736461455,36.85071185571193
59.69,0.0,42.574047767350166,36.74110909045454,36.502439381965566
59.7,0.0,38.92479278798578,31.53874640854895,37.82669021071142
59.71,0.0,42.59871350867024,41.182110100741475,32.29099858638415
59.72,0.0,39.858854913996666,36.98142429681683,36.439857715745035
59.73,0.0,38.98535999717154,35.04621975906087,38.61057606626082
59.74,0.0,38.76438211383977,37.612567369097505,37.6109168179996
59.75,0.0,43.119219137842805,37.6604448758145,39.99020127342871
59.76,0.0,40.02739935903204,36.338196410631106,35.83520114815302
59.77,0.0,38.229228492893334,37.990359075699466,34.18528120592566
59.78,0.0,38.55592950189138,41.08876274245944,37.65510899480475
59.79,0.0,42.90911746468671,38.58362369123297,36.203005750954304
59.8,0.0,39.701397805294505,38.96954066827259,38.82389433109769
59.81,0.0,39.77397777329188,38.50149492275816,37.29528985110464
59.82,0.0,37.31362646074674,35.74107436793619,37.55816296743137
59.83,0.0,42.17946308251753,37.40109651589112,34.77864533886407
59.84,0.0,38.948397800993305,35.54685216057854,39.86721675206926
59.85,0.0,41.78936237094363,37.71504506656696,37.89838720151893
59.86,0.0,42.29869002120537,37.00323199043725,38.738076163072385
59.87,0.0,42.50689622046463,43.728779022348704,37.204875963480724
59.88,0.0,39.557878404790756,36.30525813926839,37.6505201569376
59.89,0.0,41.87921416568786,36.9846764387842,35.846364390318165
59.9,0.0,37.28905634022609,37.912454281005026,38.57253677601728
59.91,0.0,36.882505112141345,36.15412655440818,38.94429779568623
59.92,0.0,37.79601424487716,37.1299663965616,36.968455644081736
59.93,0.0,40.92296540443853,41.62989668416209,35.74920283599617
59.94,0.0,42.07920403397072,38.131098171341094,40.77750561970688
59.95,0.0,41.589300278306865,40.91091634352847,37.12871830309451
59.96,0.0,40.649291517458714,35.26413483992546,36.969779574804164
59.97,0.0,41.11080422161587,38.02834676159702,35.85039643995922
59.98,0.0,40.98223506647555,37.29356309009023,37.49140051042965
59.99,0.0,39.16718842609767,37.47624545823924,38.86919146063775
60.0,0.0,40.20776694282732,42.070393343533325,35.259940413290686
60.01,0.0,40.91275252549966,39.190876778895074,38.46699391581129
60.02,0.0,40.497912967061076,39.239346674610424,37.255754043311285
60.03,0.0,40.94389845778105,41.354357747856746,39.898740259543985
60.04,0.0,42.20552939000517,37.58582359231018,34.67423299687482
60.05,0.0,39.40255531177309,37.13207748749737,36.17266498761863
60.06,0.0,39.66882073455879,37.815230053821,37.54297241520499
60.07,0.0,38.60534477019571,39.88496885687583,39.13295301747892
60.08,0.0,39.51513028639313,38.89080887182812,34.592038019253934
60.09,0.0,40.92770579620762,34.87581153929836,35.70163992782804
60.1,0.0,43.008604151462414,34.78575312936476,39.79751302718789
60.11,0.0,36.72847478897871,38.16328671674781,36.75704640593781
60.12,0.0,42.736037439141974,37.13680719444534,35.55924402659661
60.13,0.0,41.384174124003664,39.72489967127127,38.176678083517245
60.14,0.0,38.083457945355015,38.09748819886295,37.742172514960174
60.15,0.0,41.9927518102678,40.06355514000846,37.347763616900735
60.16,0.0,44.2009250119159,36.12070923962798,38.1425075757799
60.17,0.0,39.525570022459235,35.35886213320962,36.19004434315628
60.18,0.0,43.42743858322158,39.012004539183984,38.97205774688935
60.19,0.0,38.432789784149605,41.114710324491575,36.40406610057669
60.2,0.0,41.71673175602882,38.074657148484576,39.60062059317682
60.21,0.0,41.535625401410904,39.79874224754564,34.45996670583541
60.22,0.0,40.296985549804205,39.10158968732816,35.91007674150208
60.23,0.0,39.70517230676462,38.0581044709009,35.96670313463677
60.24,0.0,40.13479655201306,36.722400105776124,39.44706121278635
60.25,0.0,38.000424720467734,33.35077854034888,38.01016801063583
60.26,0.0,43.03571667393861,38.52272969962516,35.170739939221555
60.27,0.0,40.476174374689094,38.355042170388266,37.78494520268101
60.28,0.0,38.34282997783711,40.02537078549705,36.140155551121005
60.29,0.0,37.79306811315869,39.94958983529999,40.22318897962452
60.3,0.0,41.53734837861954,37.136919808049186,37.15564748450706
60.31,0.0,39.543837300430276,37.072649148036305,39.809599989261976
60.32,0.0,40.405906168909084,39.73962030767464,35.09405229916687
60.33,0.0,41.67773548181423,38.38401437577215,40.05807920673131
60.34,0.0,37.97980602806464,41.33521222968968,37.77663463984575
60.35,0.0,40.67314933056476,36.28916978367686,38.59277934505739
60.36,0.0,45.31158036815554,36.99870773686565,40.19306894523993
60.37,0.0,38.552572272865305,41.13069110059863,35.57755710957362
60.38,0.0,38.80226608908681,33.91101949462545,33.409412758173026
60.39,0.0,36.440531114431586,35.91583280856346,36.16547904578714
60.4,0.0,44.46655948126071,36.19811102828875,37.492244251821674
60.41,0.0,42.575798796744486,37.62512085609135,37.09674358414814
60.42,0.0,40.95197486417132,37.013832004359465,36.66563080161114
60.43,0.0,39.51377394883037,38.32016204692451,36.352905622419875
60.44,0.0,41.85160240744259,41.409995302341294,32.038118036557336
60.45,0.0,39.33813328762374,38.784907152025234,36.14905722985802
60.46,0.0,43.866320982739744,36.84756584042248,32.64982928037687
60.47,0.0,42.947831829112715,38.01871275152192,41.541690035422604
60.48,0.0,41.77086446298867,36.619781578551645,41.297417460255595
60.49,0.0,41.00883379588033,34.129084510341556,34.622065675543844
60.5,0.0,42.278908327271296,39.037103425752406,37.40916926280594
60.51,0.0,40.02542247094538,36.31196458031081,39.47571377528347
60.52,0.0,41.37692037098337,38.03996806640191,34.800003186655545
60.53,0.0,39.00313827450101,36.30960198384016,37.948489498186596
60.54,0.0,38.590781710642666,40.768226792389854,34.044333552813484
60.55,0.0,40.60469396576304,38.63739459255751,34.37814448002999
60.56,0.0,38.702493347302116,40.296331413555194,34.74506965264856
60.57,0.0,40.3742726952858,37.94355788827315,35.82647410433079
60.58,0.0,41.2337930416976,38.22704193075946,35.086987967939976
60.59,0.0,42.02492907992309,35.263302387535894,35.52951544888471
60.6,0.0,44.74542758107425,37.41223058418507,35.24700824905152
60.61,0.0,40.641507661567644,39.5460674099166,41.247106838013245
60.62,0.0,40.50047055705628,36.37156977525766,35.22864045356051
60.63,0.0,40.69866196319478,37.1313040120491,37.02881161388953
60.64,0.0,42.47492031086378,35.40814596339425,33.43262261081219
60.65,0.0,44.13460819175318,35.714110580180964,33.66971787031388
60.66,0.0,45.056100084531266,42.344531870389396,36.97561417525366
60.67,0.0,40.54766778992579,37.88913160693408,35.01355214471566
60.68,0.0,41.37596991929357,38.683794412830295,36.58915064877412
60.69,0.0,43.936116095771034,39.93780335332336,35.656903320105236
60.7,0.0,40.603130741320435,39.446961457201134,32.24770579602877
60.71,0.0,42.10604208761549,37.26605562934103,34.05737659755713
60.72,0.0,42.04418949242004,38.319274545152155,34.34896765935994
60.73,0.0,43.80168909395263,38.63275912189654,35.671117490371515
60.74,0.0,41.861438703828,38.795061951763024,35.87234199197127
60.75,0.0,41.50717908190328,40.180803105232826,35.575738750101785
60.76,0.0,40.970160948301526,42.094519229864574,34.48417343073591
60.77,0.0,40.19751379514639,35.63918264971894,38.19842134688345
60.78,0.0,40.797922685524114,39.41072170355875,36.34066538450668
60.79,0.0,45.34653836104903,36.82336407238329,33.02226604465854
60.8,0.0,40.13255809894777,35.7519724131659,35.56550457187949
60.81,0.0,41.33545781714355,39.801956131790746,36.701746447674
60.82,0.0,41.333106278492274,38.21749150150688,33.33443045135607
60.83,0.0,43.15623178431946,40.31432287998207,33.10103227876417
60.84,0.0,43.239168704839116,37.983099104297146,39.07061886444076
60.85,0.0,41.01469426386336,40.16897331008051,36.26458963830945
60.86,0.0,45.44798827953311,37.45452266613544,34.56482200446829
60.87,0.0,42.4528216401813,39.672557631963464,35.278283296487054
60.88,0.0,43.9705990508641,37.555957813237136,35.920285355333206
60.89,0.0,40.474224701912654,38.063055439919495,34.1328747871108
60.9,0.0,44.024353843065036,36.37308206133785,37.725955091372704
60.91,0.0,41.426555225450265,40.93390463040485,36.08272320297242
60.92,0.0,43.516979021941694,36.35772988289493,36.010480056104065
60.93,0.0,46.24166077811306,38.79123194283068,34.480123924328346
60.94,0.0,42.137810333038786,36.5332399780801,34.13473741751708
60.95,0.0,42.75109009015441,41.13476106958161,37.50738125014088
60.96,0.0,44.239060315451184,39.49121345713813,34.22343118333231
60.97,0.0,40.94963229689629,38.13344630469745,35.92383509674598
60.98,0.0,38.419931926516405,38.11377845197455,34.88389417640846
60.99,0.0,42.77019390625196,34.014427797713125,37.31966991770923
61.0,0.0,43.00137327388519,40.458231720186376,28.62000223790174
61.01,0.0,44.01733530424731,39.46544116108519,35.454853252020015
61.02,0.0,41.92441103595102,36.39427922061918,33.082633548916206
61.03,0.0,41.067204421783956,37.82681721167645,29.72721708927803
61.04,0.0,40.47324293770978,36.87285893948209,34.47640265794874
61.05,0.0,40.512864726747765,40.65799350603126,34.83163127879425
61.06,0.0,45.462247479568255,39.80938042709785,33.53464607990081
61.07,0.0,41.15658548167984,39.10741206478759,33.2648162901377
61.08,0.0,43.58296142503492,36.9027199283383,34.6172063067193
61.09,0.0,44.77592635356586,36.05676703161604,31.124849926617713
61.1,0.0,43.659990804423586,36.8655134373638,35.844193206952305
61.11,0.0,39.90088238382942,38.06622974673381,34.37617269917959
61.12,0.0,42.40641285601624,38.21847834172635,32.86445908140705
61.13,0.0,39.66476732094691,36.590226683129714,32.94944686466884
61.14,0.0,43.666211985171735,38.3458266414763,34.14509047528337
61.15,0.0,40.291142738702696,39.4819871966449,36.046268173716264
61.16,0.0,40.48500461707416,38.10067732008595,36.045498818198325
61.17,0.0,44.450903291709665,38.17396698812938,32.917005617171846
61.18,0.0,41.488270243903244,38.06867476439072,34.0289311783818
61.19,0.0,42.2932601680266,36.55401696772746,33.10691507014697
61.2,0.0,42.69231823649828,35.63782183573383,34.73888370225374
61.21,0.0,42.798217728793134,37.87581922984991,31.172334032888635
61.22,0.0,42.34407168510725,40.372597559996244,29.498338887184165
61.23,0.0,44.11236271507178,37.49177930467644,35.32167746398937
61.24,0.0,44.918862082969696,36.503080821478186,32.82458285457131
61.25,0.0,46.460123636993785,36.65671928530254,35.66144488812756
61.26,0.0,43.91663120140309,39.710193217444434,31.95267589466111
61.27,0.0,44.9162451977191,38.186605124623,33.77026615183483
61.28,0.0,43.20269998402168,37.75831628686666,31.091218498887024
61.29,0.0,43.9725080431206,42.05405058543778,33.729395093511464
61.3,0.0,43.5783989518863,34.34129088417555,27.49678255341206
61.31,0.0,42.61523297931697,36.684083398226456,31.876676126103142
61.32,0.0,43.31693851783415,37.154046449495674,33.27517669984752
61.33,0.0,44.7271019063377,34.56296994737906,32.39192571110428
61.34,0.0,42.70790962155197,33.425630878400156,37.02719208310204
61.35,0.0,39.60583026916536,37.019516949271726,34.79739206168923
61.36,0.0,39.37369494774664,34.77521689349169,32.33498638315328
61.37,0.0,43.276801028851075,39.09056803225976,31.8261149188577
61.38,0.0,38.977717769956634,38.81128949664099,31.823018405406465
61.39,0.0,42.41982438380984,38.36977038069317,32.74909501640351
61.4,0.0,41.981778134019585,36.07011218581442,33.94219836048285
61.41,0.0,43.1824624069479,36.38895892839557,31.19788023519772
61.42,0.0,41.101864251866665,35.16006163286632,30.066378861521898
61.43,0.0,45.234658890261336,38.35715004129605,28.395202336912778
61.44,0.0,41.835349813633265,36.70058450579071,33.43227702962328
61.45,0.0,44.30490838316415,36.54142177822562,29.870898453185642
61.46,0.0,43.91713573014453,37.67890069422723,30.811385465247177
61.47,0.0,41.138591748846395,41.22408224145866,29.09259470136995
61.48,0.0,39.441323364972774,35.82194999750464,33.58880351258391
61.49,0.0,40.26113738481371,38.51507582118678,30.635295719961924
61.5,0.0,40.59902363243846,35.00475056407595,31.455547941453723
61.51,0.0,40.49323004044687,35.86172028069573,31.24191632059517
61.52,0.0,39.23569619644451,33.223811827907966,30.440687375864293
61.53,0.0,42.030794399911976,33.77119725243138,32.3520270495936
61.54,0.0,43.37097970718061,36.56635260075482,30.854761255056644
61.55,0.0,40.23815775071778,33.98911527759531,26.739896652021674
61.56,0.0,41.39398591613702,35.20160025651013,31.025010194866354
61.57,0.0,43.26198647953822,34.95538464857235,29.531210923022186
61.58,0.0,46.16770760636719,34.73479894400004,30.24667227586954
61.59,0.0,42.32438970749694,36.749716382666804,30.456657921720215
61.6,0.0,43.093680632694706,35.02138324845854,28.856780488239032
61.61,0.0,40.70288252932495,41.04684540038465,28.450236828858998
61.62,0.0,45.31191488485565,35.82207475205735,30.950544187241956
61.63,0.0,41.82616087194382,36.170013877871654,31.761630526032405
61.64,0.0,42.01317119643866,33.41956493637134,31.672213011183054
61.65,0.0,40.559169664048746,38.091981106167395,25.18492350395685
61.66,0.0,40.40679388217156,37.004175155070676,30.09801840502474
61.67,0.0,39.5064036951272,38.16762208995001,29.76854594758298
61.68,0.0,40.30590720503121,37.36666507642568,32.70238689360776
61.69,0.0,42.499837366894056,36.282815707293246,30.129973091152173
61.7,0.0,41.925953108957565,31.883452657096722,28.164797354667066
61.71,0.0,44.053585299747795,35.61391905977748,24.225045147205783
61.72,0.0,42.131015358799594,37.14211503689183,29.045435548260972
61.73,0.0,42.28530485843387,33.167913975204456,29.211625211524666
61.74,0.0,39.203726394334666,34.61354159017368,26.788860374088596
61.75,0.0,44.251544235897924,36.46337355773569,26.383786401970486
61.76,0.0,44.86329404073385,30.37536119997212,27.19471763205457
61.77,0.0,42.02520736933656,35.89191970121579,29.61401614590801
61.78,0.0,46.55308444547594,35.552563171943945,30.660722306383253
61.79,0.0,41.704867788958715,33.3373730897228,30.770031319483042
61.8,0.0,40.374596715260644,33.0457368104805,24.615013236837562
61.81,0.0,41.62377020846713,35.787634589299884,30.69393929137214
61.82,0.0,38.70052735064286,35.73187767038838,28.716867085905925
61.83,0.0,42.33527636140999,34.044735520557126,28.364912879751362
61.84,0.0,38.385609550153106,39.83193942706074,27.713121100377595
61.85,0.0,41.525240695132396,37.437880610926996,30.2097511852471
61.86,0.0,43.51402464825799,38.313391902521644,29.40567378257444
61.87,0.0,42.22242679371209,32.8135911027228,26.93795253577206
61.88,0.0,41.57827889490194,31.52252617547838,29.31069013897291
61.89,0.0,43.08225533445386,35.9934971516009,31.031213841824737
61.9,0.0,41.04356651754447,34.251718920378146,27.341963219939323
61.91,0.0,40.205690260304564,36.50312301254764,24.54819361670327
61.92,0.0,39.40465560955014,35.25142886217804,28.34382440854115
61.93,0.0,41.77957741706904,36.13936932006548,28.77005815089713
61.94,0.0,37.73427539841331,33.73305388579245,28.35124812481854
61.95,0.0,41.144255919312464,34.23436234806032,27.1654875848538
61.96,0.0,39.26577236974564,34.02181974880411,30.222310190182895
61.97,0.0,42.85441585827756,36.356033628696615,26.30077812878885
61.98,0.0,38.47854667261252,30.85559719716803,27.770285402633014
61.99,0.0,39.92080885299092,34.0143926304968,25.754260320222695
62.0,0.0,40.01660952782305,35.37466038015083,27.81592883718706
62.01,0.0,40.61381288203825,33.15235507578668,25.46853165237773
62.02,0.0,39.33443372430057,33.78723532218494,26.398612920617918
62.03,0.0,38.82011467996445,32.06025763150041,25.407718294030595
62.04,0.0,39.04216884178057,35.048562737732986,23.178996586892566
62.05,0.0,40.09461421886915,32.93721484845911,30.67960694627878
62.06,0.0,43.167150416878755,31.794364244567234,28.296236751643512
62.07,0.0,41.844464722114,33.35888310762976,23.304517317874485
62.08,0.0,40.0899056573068,34.29658045777504,27.27765135160842
62.09,0.0,42.49379983499281,33.19952882699401,27.971627437770476
62.1,0.0,42.092004280441024,32.57874227469301,22.975442403241093
62.11,0.0,42.036685256537616,32.83716574738046,28.072614668735397
62.12,0.0,39.26033871724247,33.82825425579023,26.083512628575168
62.13,0.0,38.55688167618896,34.01521645429987,25.381514628965782
62.14,0.0,41.90545543392261,30.615246882692475,26.2217293012131
62.15,0.0,42.48559520646941,36.58142759479498,23.13436176767021
62.16,0.0,36.45037552210845,30.71555212173681,24.256986760685056
62.17,0.0,39.01200393211747,34.67760851688777,28.72121593981801
62.18,0.0,37.787070220291504,32.6902841490776,26.97480509232794
62.19,0.0,38.604635935300436,29.96328782977294,26.694903018973363
62.2,0.0,34.5712218937118,32.30738887219646,25.551083771432044
62.21,0.0,38.552572773887796,34.81392977666407,25.186008385085888
62.22,0.0,39.28956961641837,32.451445489092706,26.27331384620093
62.23,0.0,38.369045955837144,31.85706103596514,25.71936041004851
62.24,0.0,38.959543237925104,32.11794142725592,25.223659731460746
62.25,0.0,36.7056017139106,31.839169416589684,27.227584108621457
62.26,0.0,38.95579735326619,32.365855600524924,24.816657232757308
62.27,0.0,36.29817899589714,32.31897493365606,27.393840736214667
62.28,0.0,37.820506507611064,32.65399019877785,25.088980941426634
62.29,0.0,38.20651187932505,33.9767461547869,29.47281216351001
62.3,0.0,38.15267165930042,33.8960961149985,29.158437464310552
62.31,0.0,37.28811366507755,27.46780534514438,27.700659717037944
62.32,0.0,41.64492753051703,35.186072054783224,25.167069678604566
62.33,0.0,36.58268125977044,29.409824331352837,22.46032374089381
62.34,0.0,36.947173509135034,31.342636535522566,21.921836619196316
62.35,0.0,37.12877146652521,27.150412017073535,22.313923664318544
62.36,0.0,36.74802943041106,32.6609828011552,25.13195692300599
62.37,0.0,39.314492678752295,31.98301583493872,23.119543470957375
62.38,0.0,36.89755075665613,32.58012312737567,24.48345774150696
62.39,0.0,39.80735636376667,31.052048688456726,24.273343844710304
62.4,0.0,37.397211194333174,33.943098785990436,23.612841157785162
62.41,0.0,38.63985931955151,36.059702105810366,20.606843812657775
62.42,0.0,36.22909871851019,33.74115162114306,21.019285419426218
62.43,0.0,34.23478083497217,30.726948947199876,24.765388155090356
62.44,0.0,38.274365610493696,32.48448791158724,23.70316703628098
62.45,0.0,40.2154956869872,34.881243820875355,21.298578741773763
62.46,0.0,36.03378248021276,33.28033018511902,23.95135039333862
62.47,0.0,38.922636548438014,32.894363155953144,23.448585101597622
62.48,0.0,37.478871121247806,31.742968773191407,30.029800361146233
62.49,0.0,35.38732343707214,32.14354025703266,24.483996240032525
62.5,0.0,38.226148059114806,31.248173128101296,24.1273820579704
62.51,0.0,36.13146872787518,31.05517369322934,25.835996759052243
62.52,0.0,36.80033112515604,34.83458150398726,27.559945292567438
62.53,0.0,35.94678877334677,29.52139955844312,22.497044420789603
62.54,0.0,34.67935661355912,29.345858777786724,22.67272060307122
62.55,0.0,35.38131504970583,33.19463356679379,20.874094680980534
62.56,0.0,37.05426967831307,27.093810839913736,24.199476648325838
62.57,0.0,36.505112127847106,32.20346419973788,22.35546930246556
62.58,0.0,39.2837415265197,30.085024275973115,21.285321734668308
62.59,0.0,36.30936254613326,31.578513637360537,22.80131567184714
62.6,0.0,34.33325836246411,32.68097610663678,24.920008319733853
62.61,0.0,35.508358184054266,34.81707449525753,22.93339800633918
62.62,0.0,40.07941127973314,35.898039729422116,22.02543532935459
62.63,0.0,33.97575823191172,28.971039097820146,22.75473916123317
62.64,0.0,35.207272428347245,32.079630538505036,19.702401535384148
62.65,0.0,35.61689054667384,32.53172511412652,22.867914647372608
62.66,0.0,36.673656622243634,28.440879129397945,21.45230115980794
62.67,0.0,33.6359970629069,31.38774801849506,21.617521194244556
62.68,0.0,36.11271260651832,28.56384808939735,22.435018718357377
62.69,0.0,36.62982983733332,31.73360678246171,23.78063551657962
62.7,0.0,36.606064210250786,30.512730479978714,22.465593391688515
62.71,0.0,31.70419941447169,30.03591486460225,20.148746382988485
62.72,0.0,38.66670894702174,29.833630857965023,24.438012294736698
62.73,0.0,36.77734203235004,28.12692946576895,21.89412846652681
62.74,0.0,37.993704644642875,29.961784059750094,20.907242033482003
62.75,0.0,34.98784417302683,29.89949120400794,22.200571850705575
62.76,0.0,35.24702126961453,28.073968540845364,23.766064507912205
62.77,0.0,38.87381047182409,32.91414598476141,24.30591113605705
62.78,0.0,32.62640877271173,31.387986443408128,20.18279337192441
62.79,0.0,35.28268440240586,27.258360100814222,22.57005807768974
62.8,0.0,35.72856809999899,31.339915851313958,21.809131105829326
62.81,0.0,34.89967620415194,30.10415804029235,19.87662410896724
62.82,0.0,39.18707327777324,31.267454415355928,25.31301689379257
62.83,0.0,38.50398801520244,29.146766400533103,26.09287574407005
62.84,0.0,35.710965598569224,30.702191094437417,25.139349832728033
62.85,0.0,33.99218017402991,30.64866789841066,22.938131025978247
62.86,0.0,40.39228834474021,28.359509729247527,22.01580575531342
62.87,0.0,35.46697785132458,28.178048260818283,18.879272347050957
62.88,0.0,35.240758891518375,27.759932451741317,22.828753729392
62.89,0.0,32.353353389349444,29.568971466102685,24.865038868807062
62.9,0.0,34.56608353661986,27.416030142220425,22.223456750376155
62.91,0.0,34.36181823614708,28.577733802292425,23.794346238611674
62.92,0.0,33.07895341000844,32.39791520474142,22.85416821588255
62.93,0.0,31.308416715363084,27.16280301781492,20.037078566838225
62.94,0.0,33.638085011513176,26.418437658615787,21.870233505253157
62.95,0.0,31.43932446363354,27.252433080692295,23.799364359338515
62.96,0.0,32.13880123953404,32.094892090272516,22.36918473525536
62.97,0.0,36.20188520815702,28.94377886649283,20.163564166158586
62.98,0.0,32.322370800091505,28.962295379480604,19.407452969629055
62.99,0.0,32.883473708646015,24.72641461326537,21.712163924173016
63.0,0.0,35.57387570795289,33.30592943456078,23.860976769138553
63.01,0.0,33.13322121674396,29.315694825195024,21.37001543513366
63.02,0.0,31.111312768346135,28.4568868441955,15.891219764821116
63.03,0.0,33.013664686848564,28.96699531690999,20.683930241878837
63.04,0.0,32.35713336333718,28.110323931937078,20.617429473401963
63.05,0.0,30.378457958552406,25.33324031270024,18.14738701264024
63.06,0.0,33.551633873155296,25.284029607446413,19.57323052635084
63.07,0.0,32.087211298931095,30.215188106896143,20.148999602433836
63.08,0.0,29.663345557909444,28.648865586433974,22.590076593591274
63.09,0.0,30.484321792553697,28.447620289592027,17.477546095590636
63.1,0.0,33.008469082221936,27.184663550757023,19.133569435752992
63.11,0.0,34.653976946693405,29.104358915897595,21.08238844180372
63.12,0.0,32.45395883800032,29.500650689309943,21.277469968549564
63.13,0.0,35.8799408036556,29.31385551784497,21.190494557372833
63.14,0.0,33.61758703185495,24.693233249595146,20.998778007420846
63.15,0.0,32.50919598694878,30.11814272595478,18.901987474305205
63.16,0.0,36.06122494074828,25.76855122361625,21.021267050375943
63.17,0.0,33.97952645805768,27.762151388373113,20.396651319952053
63.18,0.0,31.48537535460205,27.695627290159706,19.35863468622711
63.19,0.0,30.472473885908812,24.201779889092464,20.105596774984093
63.2,0.0,31.49271523344801,31.303980920482225,18.782659510428143
63.21,0.0,31.821133477550216,30.14768446993895,20.179167625656934
63.22,0.0,28.330648451057264,26.694726418669603,20.86702614800875
63.23,0.0,33.806116317109755,25.74937603363785,21.15651740035162
63.24,0.0,32.04126929807492,27.94388375231259,24.77765007210671
63.25,0.0,31.701393038998088,26.65943207412741,22.582424546976817
63.26,0.0,31.88011854650442,26.156755434945293,20.180853213857
63.27,0.0,33.59629533374104,29.18113779373722,19.79713357610268
63.28,0.0,31.59984817141703,24.855274608045548,22.941291696319382
63.29,0.0,31.136096910445463,27.014435853533815,21.171844708667823
63.3,0.0,30.002734198631952,27.16484167240966,19.20712627612462
63.31,0.0,33.69191393839085,24.83593954809539,15.40475765654518
63.32,0.0,30.161055464508145,28.872409927249098,19.475214138385702
63.33,0.0,31.35915507146142,28.503548168766923,20.98031464597763
63.34,0.0,31.390375790992724,28.894525409249084,20.324511829749262
63.35,0.0,33.774692652321754,28.028567490954963,19.046802676049555
63.36,0.0,32.35333241043251,28.36984429704398,18.03650778398469
63.37,0.0,32.272863344848524,29.82065032345836,21.91023892198862
63.38,0.0,30.921485784348953,27.91645530217496,18.968465042447562
63.39,0.0,33.70011272441125,26.75024509850082,24.637670899361446
63.4,0.0,30.436127021580088,32.53643425774629,21.312199443560726
63.41,0.0,31.33617155012469,22.75278876746187,17.974383659738805
63.42,0.0,28.096403219020857,30.266576380017643,23.866612126050708
63.43,0.0,30.33369807592942,27.480700659401833,18.970298934653282
63.44,0.0,29.827240019271002,23.382054821415455,23.96023346785349
63.45,0.0,32.53510249275925,24.65006386611948,22.41250222394723
63.46,0.0,33.075033618012505,24.86401976713315,15.283546624247107
63.47,0.0,33.363660215503366,24.703243626071902,20.440986865038695
63.48,0.0,33.08893707912954,28.77372752199441,20.277319603243885
63.49,0.0,31.7767825857812,25.599083493927193,22.27740339480991
63.5,0.0,33.93191228347186,29.300546911246226,22.990944170226058
63.51,0.0,35.71546834575592,25.436773361277915,21.06329994772144
63.52,0.0,30.342538998457528,28.692602561586554,18.90951916753053
63.53,0.0,33.255199133156154,26.871881819204894,21.402937740389245
63.54,0.0,28.243651724841925,30.462519965173087,17.21434967877941
63.55,0.0,34.72634072449629,28.384176912658994,20.657764315265112
63.56,0.0,33.60459011625605,28.69489832653528,20.52380941922104
63.57,0.0,30.799364601191886,28.075894823980132,19.49479668360955
63.58,0.0,32.25974986802082,23.72152556886779,18.13390873492516
63.59,0.0,30.87344159572043,29.460265958805678,19.740523650067974
63.6,0.0,30.82496277574432,24.153346537384678,22.89587043657345
63.61,0.0,32.53647667924266,29.443568918359087,17.65997253768479
63.62,0.0,30.90530033946745,28.59193012618944,20.020456043769954
63.63,0.0,31.4686709827117,29.192749362462,20.641857739758763
63.64,0.0,30.49885673972042,32.47615429165144,19.801285912611853
63.65,0.0,33.90580821046164,28.961331564610326,21.106697365961395
63.66,0.0,29.413068080251143,28.54756090022223,17.323280327855006
63.67,0.0,28.563108049212172,26.461991316721022,18.821774184010906
63.68,0.0,37.77361888192814,29.479521306365932,20.29577797430185
63.69,0.0,33.28967564053641,26.42309176566262,21.01573422301108
63.7,0.0,31.69190511275479,28.74902231446161,21.992913418727063
63.71,0.0,33.32439321816209,28.808305586565066,22.312107253294677
63.72,0.0,35.17827915504235,27.03875051810987,22.214035260948485
63.73,0.0,34.971397330886425,23.82460226891014,23.74207809812527
63.74,0.0,31.752404765156186,30.167432982688492,23.187519993297315
63.75,0.0,31.720564686543796,28.89905504046632,20.046824164035264
63.76,0.0,35.44467398174046,24.417070502838047,22.816785031652877
63.77,0.0,34.574263747784876,27.460983512082294,20.180061184525517
63.78,0.0,33.49464027677087,30.23440008020377,21.21099314226263
63.79,0.0,28.012389083764724,30.043163068508214,23.89423944107708
63.8,0.0,30.516366174379897,28.827081841352186,20.88855720149896
63.81,0.0,34.67113679870729,27.548679539789497,22.20195711601763
63.82,0.0,31.69546772529241,28.434401730421705,18.09245588409036
63.83,0.0,29.6090522786186,29.69958177566685,19.840976941009576
63.84,0.0,34.01775479400322,27.35706196725215,24.22112023331734
63.85,0.0,31.23247741327945,28.264576846787204,18.603335672554486
63.86,0.0,31.105785639831556,32.300208300809324,23.412777264222047
63.87,0.0,34.151981883564304,28.156184344563478,22.238115566109332
63.88,0.0,35.975360981063766,26.268935314922913,18.852911292875532
63.89,0.0,34.5715426707911,31.144695731650213,18.49372352050371
63.9,0.0,37.53239915567054,27.789929191367246,21.649964002093473
63.91,0.0,35.43625932412845,27.767493926158604,24.747403079464206
63.92,0.0,33.038154005782474,30.889419603969,20.95361063814103
63.93,0.0,34.628560134414904,29.847172950054002,23.34364599523824
63.94,0.0,31.537726106097537,29.039071067439153,23.910006827761265
63.95,0.0,32.51672216409049,30.012935815586488,25.087705090054783
63.96,0.0,34.58938696980361,28.97438936045089,23.86220675508604
63.97,0.0,35.50426536669372,31.3654896037031,23.934668072272366
63.98,0.0,34.19770796966308,33.183289837339345,21.547549337150084
63.99,0.0,33.39074835932692,32.13858554545885,24.23137792005064
64.0,0.0,34.13062205988542,30.01387152201165,23.328399209716228
64.01,0.0,33.65484860254863,29.2519759613605,18.775162939790228
64.02,0.0,36.48255826104185,31.471047698785156,24.69966642290282
64.03,0.0,36.10569306871801,32.91879092273154,20.344523061997698
64.04,0.0,35.99535601931419,31.158743655749678,22.71873849375056
64.05,0.0,33.52413508925983,32.061253253581924,24.243068202978417
64.06,0.0,36.364524274540884,28.487801886816474,22.469241206871335
64.07,0.0,34.492064055032415,31.348262239676032,22.01363122898164
64.08,0.0,32.730481116372005,29.451502784642372,24.292719159008232
64.09,0.0,35.250584664095676,29.779480494780753,22.982763564639118
64.1,0.0,37.1211042374371,29.63992692827127,22.14192615200648
64.11,0.0,36.72896515802891,33.082576598188815,23.40348812777641
64.12,0.0,37.75370993286054,29.682434504938755,20.01795770801972
64.13,0.0,36.32232988799249,32.048359185312684,22.456404792258464
64.14,0.0,33.08954718941621,26.133641585126977,20.752846188659674
64.15,0.0,36.80262055528241,30.571390570012937,23.076301598909108
64.16,0.0,36.93174839945795,32.90242141470529,20.922049225114673
64.17,0.0,36.70040113501105,28.80992696652052,26.606396468915293
64.18,0.0,36.610347318779404,31.00832136309891,21.862632447475256
64.19,0.0,36.58527732324135,31.38440652547345,24.212928409143846
64.2,0.0,38.530426673234224,35.69323404582949,25.385513413151802
64.21,0.0,37.81197995232036,31.221363238053975,23.64290688232682
64.22,0.0,41.155933201415465,31.387343489892334,24.241188237989615
64.23,0.0,36.810311317684274,31.494389789841986,23.922096023358975
64.24,0.0,32.95140194001334,29.593470665896568,19.79391521290551
64.25,0.0,37.983831621743526,30.20063769601048,23.71183411772918
64.26,0.0,40.45886285453372,33.109656329504304,25.64380197656487
64.27,0.0,37.78498978775862,31.3785573638349,23.864827285485177
64.28,0.0,39.31713399516045,31.58211458112082,25.215365219097283
64.29,0.0,40.45297117111313,32.70281428820341,22.264548294301033
64.3,0.0,37.27727601987918,35.887478818176405,27.979810895670894
64.31,0.0,37.01924725955427,33.25541307782432,26.468213092656065
64.32,0.0,39.41512772002543,30.574023662304857,23.194421579489756
64.33,0.0,38.235088440491644,33.784979007129195,26.612533160595117
64.34,0.0,36.49397720930611,32.37538209703561,26.77295638880921
64.35,0.0,38.12682857261565,32.3373157675315,24.421371950945513
64.36,0.0,40.61336820260229,33.082381180878414,27.166761522244123
64.37,0.0,40.62466037067395,36.18447300429915,26.001651638352932
64.38,0.0,40.27728397367365,34.89801932518505,23.42452614231492
64.39,0.0,37.45892636870049,34.01051949031243,22.57444137981396
64.4,0.0,34.78326960081139,33.52894498196582,27.025997706474556
64.41,0.0,39.93956473121552,30.915973740838208,26.927775746567303
64.42,0.0,41.85692072681907,31.44382722291943,24.70033107554526
64.43,0.0,41.333696703622664,32.45212588131145,28.20713121709651
64.44,0.0,42.517700991758645,34.25235203608609,28.998966120316595
64.45,0.0,40.00934077407732,36.782687657038956,26.889719468110904
64.46,0.0,41.77535953505176,30.306410062756353,26.142561148925733
64.47,0.0,38.29596140470058,34.419003940244764,25.527632576530163
64.48,0.0,39.06770815819133,35.30865831912253,27.03453443160015
64.49,0.0,40.34883688411543,36.93190532306718,28.060826009186908
64.5,0.0,41.773541256652166,33.23423008780273,26.95927828300873
64.51,0.0,38.87165783512352,33.20787335650488,27.18308166217608
64.52,0.0,38.106058648519166,35.29132774992034,26.417566395638776
64.53,0.0,40.52998730359715,37.13438200764985,24.889943757392356
64.54,0.0,41.17325383441698,34.13816584714916,28.120871034877787
64.55,0.0,41.044247100801165,34.13322783775203,25.434169218070313
64.56,0.0,40.62000590431853,30.755387237711332,28.406388556373216
64.57,0.0,40.63348557947521,40.49235199681813,24.839711080913634
64.58,0.0,41.72731140744346,32.73622950917588,28.87108279686293
64.59,0.0,42.341246693495556,33.92216197486173,27.153871952528647
64.6,0.0,42.52549693122114,35.541500662675105,29.998177815054746
64.61,0.0,41.83658995968595,33.91041936720548,27.63428105431857
64.62,0.0,41.09645090225701,35.09273862703245,26.478216357962374
64.63,0.0,41.73168102397346,35.190283550245276,30.51735252964601
64.64,0.0,39.30085081707693,37.23904791048054,27.05325194050595
64.65,0.0,43.03447192482102,37.11355739815142,30.266038963931592
64.66,0.0,43.80224579635065,33.07886171385308,25.291497193040627
64.67,0.0,43.82062184102967,36.391324785758044,27.707330174433555
64.68,0.0,40.60922183879423,37.43529075392374,28.791176827341733
64.69,0.0,41.6612460702775,32.30190095291416,28.06170110444727
64.7,0.0,42.67433167762819,35.71458768803696,31.23470405809695
64.71,0.0,43.33229051313525,36.52636704723746,32.03696152095492
64.72,0.0,40.63721649592336,35.810295943231424,35.38373500971433
64.73,0.0,43.06568165318913,40.64125591538594,28.375592842767965
64.74,0.0,42.43349838653459,34.64060634812042,30.26300656572304
64.75,0.0,40.42357426877945,34.35160561854969,31.04508200780266
64.76,0.0,43.64190559782331,37.061786695605534,30.860392684175586
64.77,0.0,43.54706290873884,33.094346237993605,26.79776438180675
64.78,0.0,39.66176966268573,33.892942917460594,29.943512849653484
64.79,0.0,41.50556869111559,36.74567630924109,29.69087302849924
64.8,0.0,43.76554683259328,37.2294659053578,34.33726365178692
64.81,0.0,39.87565905031828,35.554943515948594,31.833193233969137
64.82,0.0,43.47391040805678,36.91348718990986,29.67476321064871
64.83,0.0,44.60974979799439,39.01393736360957,30.145633782707023
64.84,0.0,40.67676033634431,36.65084327809565,33.57567905189175
64.85,0.0,42.587719743890645,33.70610730699809,31.094715891897586
64.86,0.0,43.52637296912616,38.70878492893872,32.390919140769306
64.87,0.0,43.16912856993493,38.543394300889446,31.53985061198581
64.88,0.0,43.91429590643162,36.472388046149256,29.058647062333932
64.89,0.0,43.32925655946076,37.28670894416064,32.09409175575968
64.9,0.0,43.3337846762094,37.13526562223948,30.224288135626686
64.91,0.0,41.74496812442066,35.29400897300371,28.764849737203342
64.92,0.0,43.951091338829215,37.47808085531702,31.61340366546319
64.93,0.0,44.42930591878567,37.0118991067515,30.618030978555016
64.94,0.0,44.48683190525423,37.7958979189805,32.98219946291572
64.95,0.0,45.97920385071329,36.22973684033559,30.482797913968756
64.96,0.0,41.73103026441271,41.00980387165136,31.140401999720023
64.97,0.0,42.86983074969216,36.732064514878275,29.765950740524918
64.98,0.0,41.615334825704785,38.42087182388291,32.84967606655393
64.99,0.0,45.35722997995222,41.727172528178684,30.853023509420375
65.0,0.0,41.558108069591526,38.9348413842307,32.493584473476346
65.01,0.0,42.61902512983247,35.77544712127069,32.76336374763363
65.02,0.0,41.354871201961856,35.428693703715304,28.019751907112074
65.03,0.0,40.583774568278926,38.578433582977674,33.52022675271468
65.04,0.0,44.808966644921405,34.58953131641651,33.574902379079475
65.05,0.0,41.714865682614274,38.76301467435345,31.001841612278504
65.06,0.0,40.193591846759546,39.194138276129664,32.18848527191959
65.07,0.0,40.43972564413229,38.06374783518093,32.50487530737853
65.08,0.0,43.35907777104403,37.99152348605131,30.767731995538504
65.09,0.0,46.24821461338715,34.32211277616088,34.41779170583024
65.1,0.0,41.19871188156255,38.526686588608136,31.03786019721558
65.11,0.0,43.88671863070088,36.29500718612892,35.42566793691931
65.12,0.0,40.940603329557305,38.14168578026512,31.44400860171181
65.13,0.0,44.140930120168555,38.394520042734904,33.45354344683839
65.14,0.0,40.92658891683539,35.0201293475851,34.70257345517139
65.15,0.0,40.992414623882404,39.51775376967595,33.19467938029046
65.16,0.0,39.03829643471778,36.172029927783,34.02179500616605
65.17,0.0,48.03120910405897,37.20778747890648,33.51194550897418
65.18,0.0,46.21088737986757,38.69428006522195,34.97443072563165
65.19,0.0,43.654749652036934,38.33600663957215,32.64654846649772
65.2,0.0,42.530253458841294,40.1157032613005,34.12210163850606
65.21,0.0,45.880694369003216,40.71528620244019,30.68269962652348
65.22,0.0,40.01703579163753,40.79334742142938,33.21416128320554
65.23,0.0,36.706001787542604,35.15164981667071,34.13380310215367
65.24,0.0,42.88391979354791,37.95911549038516,38.310821211481354
65.25,0.0,42.489282448623904,37.27804033364815,33.530100775677155
65.26,0.0,44.318165662449104,42.04484303461895,30.64949414175103
65.27,0.0,42.486059067518525,35.94794841540272,35.75037040679669
65.28,0.0,45.15138125494091,37.4051738941131,39.057997989510966
65.29,0.0,42.63541540525343,37.614426713407646,35.00884553149694
65.3,0.0,42.643295506203614,35.96378091774917,35.87910041299572
65.31,0.0,40.30956314537423,37.58955101935424,32.26105929136952
65.32,0.0,40.53860053144698,38.76055201439173,35.72588316195105
65.33,0.0,45.41188382474892,39.86602231958042,35.876921951543494
65.34,0.0,42.93383799325771,37.72804880428722,34.575413294807376
65.35,0.0,40.92755324368639,39.17385520625444,33.63429357247624
65.36,0.0,41.803130782052385,35.71794606714825,35.311004994797656
65.37,0.0,41.77235002977594,40.4841557095441,34.22116360090465
65.38,0.0,43.91325816097948,34.612506351758235,37.66310906437939
65.39,0.0,39.55214212403365,38.81773060995616,34.66468351406944
65.4,0.0,42.70768793009359,37.096216629756114,37.031525931448485
65.41,0.0,43.84273622308723,39.11933938572634,36.90066964351149
65.42,0.0,41.18662599858811,38.948295297189915,33.59280324095624
65.43,0.0,41.40336262355605,40.00404853348727,33.20038644417953
65.44,0.0,41.26341048077947,41.48306872051586,37.500146917157814
65.45,0.0,43.905788104047446,39.844088166501486,30.643053018953157
65.46,0.0,44.62191484616708,39.28127918890243,35.821735159891205
65.47,0.0,44.98553195954892,40.50632819184504,37.22793404577226
65.48,0.0,41.132744836407845,38.59171169989856,34.23435077867546
65.49,0.0,44.79230625972041,38.8522061514773,35.068071617472775
65.5,0.0,42.362567668182756,38.430162602176864,33.98726866775289
65.51,0.0,39.98739647485548,34.72341942415531,37.42730870604217
65.52,0.0,43.17232429697021,41.00454163847893,35.515354554477
65.53,0.0,45.28874689207965,37.130676542186485,36.482812701520494
65.54,0.0,41.17478961605423,43.13125521437384,35.918334507190714
65.55,0.0,41.62768966537197,40.835338458317295,35.81531452669039
65.56,0.0,43.65048073920919,39.46159134078377,37.00672965407531
65.57,0.0,44.604311660020144,40.77393196936267,36.815185330585415
65.58,0.0,39.792906049082816,38.12428254890824,35.941899938015794
65.59,0.0,38.939730305191745,34.45563909083243,36.20514849840742
65.6,0.0,42.40713381176834,39.83038480077387,36.251847400820296
65.61,0.0,40.95094752626104,41.04067115945209,37.388671056370924
65.62,0.0,42.063524065681285,38.34329016599522,34.292628441220494
65.63,0.0,41.88279457285342,41.24760652394144,40.68674582624394
65.64,0.0,42.154417019041716,33.8898375955374,35.54400030285284
65.65,0.0,43.4889981634107,39.32223699685173,36.34302220645003
65.66,0.0,42.85062845293003,34.25576758409511,35.80624154152457
65.67,0.0,45.1005557815948,41.27578950967013,36.79504778468867
65.68,0.0,45.387094921730366,41.42432306585181,36.46373627425968
65.69,0.0,39.48458480463075,39.02444480726488,35.18694594752037
65.7,0.0,44.111380543156294,38.692252883324144,40.69492531643434
65.71,0.0,41.16089120077452,40.840319467890005,40.75990857637045
65.72,0.0,42.91649300016983,37.695136143257805,37.4206425027589
65.73,0.0,40.79133096931173,37.28515966169888,32.70800716676266
65.74,0.0,42.974490596312215,38.12102561346352,36.42056600890994
65.75,0.0,36.54101819629714,41.63474049029721,36.38074372825966
65.76,0.0,43.35262598635863,41.69585607848683,40.84246598772893
65.77,0.0,39.70363026206601,37.68957300850748,38.755108650109925
65.78,0.0,42.044025061847044,40.159317166061065,35.28056078545728
65.79,0.0,43.93804045485394,38.40190762305619,39.505842047429375
65.8,0.0,39.394008656875535,38.66722783481202,36.55174255237028
65.81,0.0,40.13269303609479,37.02430018660028,39.62762304784386
65.82,0.0,39.54196325554107,37.86698440080907,36.82749072884033
65.83,0.0,38.151228484701385,41.10737690681949,37.20785815179472
65.84,0.0,38.87785981471944,36.89713691887042,38.659506895005165
65.85,0.0,40.23662956004258,38.29138797022451,37.2327589249859
65.86,0.0,39.20635055900566,37.243061756197186,39.26321760721304
65.87,0.0,41.12246245795781,33.405347042207026,37.70047380333385
65.88,0.0,41.399714964373864,41.24331069376606,37.2500307611613
65.89,0.0,42.464874029522505,41.665576048922915,39.961413587560855
65.9,0.0,37.19159232039702,41.87437588208573,42.087353351265875
65.91,0.0,41.090178312289076,35.94048487862234,35.324072005059705
65.92,0.0,41.333865678926756,40.686025109321164,35.90612312135395
65.93,0.0,39.0774756581884,43.19606410486928,36.42786647209771
65.94,0.0,41.71724521952755,37.937232454448846,34.04175165850867
65.95,0.0,39.02588596881768,38.1473674103464,37.25759193601334
65.96,0.0,42.29151790238987,35.47594025555865,37.44804785519645
65.97,0.0,37.724016957988866,38.99568494722397,35.655411892689074
65.98,0.0,41.40886394924066,38.127459191884675,42.18631758543889
65.99,0.0,42.952640978752186,41.7483539566353,35.57350844789489
66.0,0.0,39.940882606108794,38.34419796010603,40.69398842671712
66.01,0.0,38.64995704702266,43.30674248899936,39.0081819362974
66.02,0.0,38.65082728927066,40.39978616691396,35.79940499183794
66.03,0.0,38.78770678838649,37.85249280151458,37.848411778084945
66.04,0.0,40.052657949766946,41.458783772010506,39.02966918795711
66.05,0.0,42.84781871838422,39.030070688032,37.33835161095775
66.06,0.0,42.86928331750875,38.793282506029186,38.317403260815084
66.07,0.0,40.64226940860624,39.719042619203314,36.87210013006741
66.08,0.0,43.282265580772716,40.51610060612545,39.780716252565234
66.09,0.0,37.26958042008263,39.465209944009146,37.22741530967772
66.1,0.0,41.45276589267319,41.12725802620538,37.3006233020418
66.11,0.0,40.22277467708489,39.28544329750916,37.791747613460004
66.12,0.0,39.217711169715386,39.57435309637353,38.34027072178781
66.13,0.0,37.282367441576724,38.92414811878545,38.612292737432306
66.14,0.0,38.61321207003122,36.921430935129116,40.16292686892995
66.15,0.0,41.78003615152488,40.62333676754464,36.97644737741486
66.16,0.0,39.92375254384956,35.603504172600516,40.591068614895725
66.17,0.0,41.720176706209116,38.66406804788348,35.46142695650362
66.18,0.0,40.676992309243026,41.22788391270653,37.67945243435268
66.19,0.0,37.37467219349928,39.14522511112923,37.15219128480968
66.2,0.0,38.0414909053001,37.2001573693278,40.13424004418716
66.21,0.0,38.209317638254404,38.15231721928733,35.09267072528053
66.22,0.0,39.1564480247933,39.15019204428416,34.000339690768755
66.23,0.0,41.25328723594127,42.75315171936144,36.466492793148674
66.24,0.0,38.204904724204376,39.05787728126198,33.51968351475883
66.25,0.0,39.24573190600035,38.67896120169598,36.46301298343994
66.26,0.0,37.95116942367977,38.164452454850746,34.19487092922137
66.27,0.0,38.857083282980895,36.477153186330284,37.70615553105277
66.28,0.0,37.632963819650044,34.60054753880434,36.302910781232306
66.29,0.0,37.752625072107215,38.932769288119836,37.45473317025979
66.3,0.0,40.69394267386909,35.40839684067451,40.43535795559909
66.31,0.0,40.23951131646893,40.86700091363339,38.90040218564645
66.32,0.0,39.24086715447491,37.31207993089909,35.752206968762565
66.33,0.0,38.588594409728806,35.85129195916922,33.664272591266894
66.34,0.0,37.54859976020892,38.757650196327866,37.24682044272507
66.35,0.0,38.987730116256856,37.5901114503377,37.754830822909064
66.36,0.0,39.07968085291081,32.58890627801759,34.0522560693612
66.37,0.0,36.23421060852511,37.90392281250915,31.640707386197477
66.38,0.0,41.598217892098354,37.39035954396758,38.449548642736936
66.39,0.0,35.54546604491098,37.522009074702325,39.22399931414136
66.4,0.0,36.17318467700232,34.65435715305131,36.95040797146509
66.41,0.0,39.029720774064195,39.618444355763216,36.15495359229795
66.42,0.0,37.894188445011,37.66671209458834,37.03624295172712
66.43,0.0,41.51769077112377,39.94690902550576,36.04963135919434
66.44,0.0,39.8532194962131,36.909483739610636,35.86057279160473
66.45,0.0,41.186045432634096,37.32524320089551,40.733309282101175
66.46,0.0,35.742302309265284,39.10125268081784,35.025938050211984
66.47,0.0,40.715747752029905,38.13771160613728,37.9989503032248
66.48,0.0,39.221866471427255,35.78855673578923,34.79619727663385
66.49,0.0,41.22093635217929,38.182039923607256,37.717133631385956
66.5,0.0,40.27639185461167,34.9366406775202,36.40132306017383
66.51,0.0,40.46121872944644,39.975605344694685,40.48988788331639
66.52,0.0,42.660793344774774,36.4486872955575,40.4187430324495
66.53,0.0,39.192218285786176,39.19140416022039,39.89128793008218
66.54,0.0,36.3824008482293,38.31080115079782,35.01057571070909
66.55,0.0,42.20566292569768,34.19734892091422,38.76190213233925
66.56,0.0,38.815715049114985,34.334307161163935,36.86985319738911
66.57,0.0,39.4350824295107,39.9330826654697,38.45830893316527
66.58,0.0,39.17076802209127,36.52532195785932,38.06580244084485
66.59,0.0,39.65315757359094,38.600723505245554,35.07947257368313
66.6,0.0,41.80623763999648,35.13257464667942,36.226171057005985
66.61,0.0,43.092007607254,37.96636477968169,36.64670386739498
66.62,0.0,40.00177788000433,39.399822535284336,36.459694677996104
66.63,0.0,38.01200949038887,40.0966600042216,38.39040679891381
66.64,0.0,35.86833801897243,38.037093553765935,36.84315576268414
66.65,0.0,41.99300971367587,38.05128191911865,34.15479064613306
66.66,0.0,37.75601864005118,36.32054088049942,41.136697484353526
66.67,0.0,40.13155707412113,33.35297266529666,34.597113736177945
66.68,0.0,40.07055161679212,36.518073155139206,36.40591012556279
66.69,0.0,44.65134848103923,37.305769699003854,36.26210337538655
66.7,0.0,39.2306836507313,37.19832167525361,43.74399162015638
66.71,0.0,40.769498047673075,37.95353395614735,36.91049438886237
66.72,0.0,41.15635283496461,40.45726692011572,37.302547713039516
66.73,0.0,42.078215253775,42.938711359531275,35.80170723766855
66.74,0.0,42.45476244647717,40.414781499797215,38.8741625827049
66.75,0.0,42.828809454365384,39.4957394917887,39.94342763717377
66.76,0.0,43.10346077674865,40.84441099981981,38.657676412765504
66.77,0.0,35.524246713579764,36.57004463566857,37.58610177496114
66.78,0.0,46.56451500619573,38.93497673004723,37.33050597704593
66.79,0.0,40.69940509864205,34.989560878520194,36.03796946828514
66.8,0.0,39.05006515943972,39.55301620619868,39.98478162818194
66.81,0.0,38.99958012398626,36.41807403123268,35.45175408442743
66.82,0.0,38.563810421275896,36.507917697299675,35.492377902984785
66.83,0.0,40.98048538954708,39.940802630763976,41.833241830944765
66.84,0.0,39.72932185847938,35.61509818603205,38.06608240898955
66.85,0.0,44.74292343238427,39.8753378197908,39.046418173818125
66.86,0.0,37.3311123167773,40.14561556996473,38.44782502722343
66.87,0.0,42.5311133657884,39.048431036443525,39.84913973125792
66.88,0.0,39.12349207155927,35.86983617749482,37.6848332068312
66.89,0.0,35.95799096524659,41.22467172230558,34.33698660052259
66.9,0.0,35.990811306088816,39.17982945016913,36.69067660042399
66.91,0.0,45.040284008240995,40.01369737314273,41.829331230841696
66.92,0.0,38.93498402715416,40.577681452038824,35.445663084830755
66.93,0.0,39.26101183956662,34.7929352584659,31.454199711078466
66.94,0.0,41.70131970445234,36.45813174501786,36.87497388012706
66.95,0.0,38.60675214042707,41.094639211125155,37.09102150926941
66.96,0.0,36.54334083315852,38.908815202513,38.5730152444848
66.97,0.0,42.73138438453678,38.081586945075365,35.21472028616977
66.98,0.0,42.44110564699943,39.115929177364954,33.15551934872298
66.99,0.0,41.18921382761304,35.430220914913754,36.80987974252262
67.0,0.0,36.738267126336346,38.16141325139525,37.77780898480534
67.01,0.0,42.84548067859552,37.83834187861408,36.83594296554824
67.02,0.0,43.08733966503701,41.334128073242695,34.65108974254945
67.03,0.0,38.22935247345048,38.163581142866946,36.92848924728528
67.04,0.0,40.20902347129154,41.01584358251845,39.39164697701533
67.05,0.0,38.720897741839,40.14779943836436,34.14154476512629
67.06,0.0,41.441643813504115,39.29806260519504,36.61121494729725
67.07,0.0,42.195356636665025,37.2745107053839,37.93932156014225
67.08,0.0,41.9792247852172,35.576748204244055,34.97250698821585
67.09,0.0,43.18217548710729,39.420848776067594,40.26323407130566
67.1,0.0,40.67890471909843,39.10835197652444,34.83844389611332
67.11,0.0,40.04234804452133,40.59916951149621,35.90916909206875
67.12,0.0,40.71152491481159,36.06574246485964,35.73624086954523
67.13,0.0,40.69705000054766,36.84328789905672,38.127543332039245
67.14,0.0,40.956362194405834,38.95402579857626,36.97258905905537
67.15,0.0,43.35583325025559,40.592400141262075,39.26540379409299
67.16,0.0,39.38311937142916,38.1172463900025,36.73684984759602
67.17,0.0,36.03069034046021,36.78771160349724,35.58507830878821
67.18,0.0,41.2702569129868,37.5404917853521,35.06439692157727
67.19,0.0,42.26755370480878,39.12623637584085,36.5498555964524
67.2,0.0,38.572054459013614,36.65440779955671,36.83882677718253
67.21,0.0,42.445782155334435,41.4027917716082,37.16757872380691
67.22,0.0,44.48946586317611,38.39427223961694,38.492098746055106
67.23,0.0,40.99324063219205,37.286200097528024,34.53501217704217
67.24,0.0,43.99534501743304,37.27805320925158,34.46113186461737
67.25,0.0,44.6848490932025,40.45275684534819,33.086800145963274
67.26,0.0,40.07396807951628,38.76891669027243,36.17998125218996
67.27,0.0,40.0520306616251,41.71099539037567,34.094533741662396
67.28,0.0,41.70490708018077,38.299722856948286,35.82540657939369
67.29,0.0,40.411232679788405,35.48867106700918,36.99479543424094
67.3,0.0,45.1867593722865,38.86880046052216,36.29275912236011
67.31,0.0,39.34861119122595,43.22876839694056,36.27196770233328
67.32,0.0,46.114739389034796,36.65481942626306,35.87066258661253
67.33,0.0,44.34185406451445,35.50819132258163,37.62244572668694
67.34,0.0,41.80286174111423,37.96563070983504,38.894208297392694
67.35,0.0,41.20309649248074,38.63636159966565,38.93979265164095
67.36,0.0,40.38363721515546,38.52369058172474,33.52252204402172
67.37,0.0,40.88183323712058,37.221871750506125,38.2535706429052
67.38,0.0,42.45806117939768,38.9461315744036,32.710057474805055
67.39,0.0,41.014920917025265,38.277875268680695,36.398699700042904
67.4,0.0,40.905985347264455,34.72848689531485,33.77758198414978
67.41,0.0,40.65470139506983,40.88127327150809,34.10816867146188
67.42,0.0,40.69992880828647,38.88186616206699,32.61449108653409
67.43,0.0,38.363122724264215,40.02416520684423,34.42263730515265
67.44,0.0,42.54941964516832,41.71929484095817,39.35420650694328
67.45,0.0,43.897928740795216,38.50564753740697,35.02892071498454
67.46,0.0,44.23737372643329,38.36335117220887,33.92599041972314
67.47,0.0,42.619069592704264,36.930692995250666,38.85353935868772
67.48,0.0,44.61256263228351,35.80307562635735,35.82188155976185
67.49,0.0,39.65101673608089,35.20895955740563,33.712151130147056
67.5,0.0,42.26467602744004,40.41912194462106,36.856260986100516
67.51,0.0,45.258290163734685,34.57176396500848,32.10174992422086
67.52,0.0,38.673169827244266,39.148719946814445,32.727708260766136
67.53,0.0,42.019400133501655,39.91979354277943,37.74064278279376
67.54,0.0,39.55346413576503,37.27131956857773,32.64149751521666
67.55,0.0,46.18652086470666,38.27461411273683,35.58198781037071
67.56,0.0,44.976338595806894,36.56655156531701,36.83537317079197
67.57,0.0,45.339940943923494,36.26082424581402,33.8934826821986
67.58,0.0,45.1933865809899,36.084124656926384,30.181550776972855
67.59,0.0,40.618010376225506,39.31760007003055,36.92600818837245
67.6,0.0,46.47938409095987,37.51501223785204,32.649450302730116
67.61,0.0,40.65095177069474,37.651246983066706,35.52776415986285
67.62,0.0,42.20208938964199,39.16621246809034,36.09682371425715
67.63,0.0,41.42466209024821,38.95010226678877,33.888044446541734
67.64,0.0,41.981354483748824,40.56879162537574,34.49518400910331
67.65,0.0,43.83437750015295,34.134064651401445,36.7126128249945
67.66,0.0,42.00841488195294,38.489740565779684,34.960956545311596
67.67,0.0,42.6023385758559,35.43453137092587,34.84521909806665
67.68,0.0,42.51119045038446,38.214022213967425,35.25861846069784
67.69,0.0,39.68203694205608,38.7667358978954,34.02978441673005
67.7,0.0,42.71972699334013,37.71836358513997,35.07450407707345
67.71,0.0,41.10198088551343,37.22385608454737,32.88090769843429
67.72,0.0,41.64742423628579,35.66138386464468,35.99451018739996
67.73,0.0,40.08481961189857,38.44363448955844,31.75271003606145
67.74,0.0,40.33073066379481,34.39022263026962,33.86305420640194
67.75,0.0,41.65491301913321,33.86404679208821,34.1048718751357
67.76,0.0,38.65728466252965,36.529609885877385,32.80189698052439
67.77,0.0,39.8994712474922,37.999815467187766,35.99053985787894
67.78,0.0,45.91095154239805,34.78123327497501,29.898648772614095
67.79,0.0,40.65327255275106,40.085441930725324,35.63123886573526
67.8,0.0,37.331839792764086,38.12072181988184,34.822114204672495
67.81,0.0,42.65659881042819,39.37140449358598,29.720165174475106
67.82,0.0,39.59011107700283,38.93399277515731,33.340006943513416
67.83,0.0,43.213063505520694,39.7440110559882,31.100852764442365
67.84,0.0,41.91314713847238,34.71942251317974,33.791340720428934
67.85,0.0,42.310854571011454,35.96006343028692,32.45069543369491
67.86,0.0,40.52652986367862,37.63771784487368,33.50492726692503
67.87,0.0,41.19993175310598,40.81147303624587,34.34470299810747
67.88,0.0,43.349109341805196,39.98854072544398,33.14122801737961
67.89,0.0,40.565407036767574,36.777390518690034,34.64744106923792
67.9,0.0,38.25724474416758,40.758365670249795,30.61515756551255
67.91,0.0,43.79639017590049,37.7387165385551,30.922676517455287
67.92,0.0,38.34855054250714,37.94125110603588,34.24248750555392
67.93,0.0,45.459671037935756,36.142250902232625,31.90088464373956
67.94,0.0,42.78238647709895,37.48502679834991,31.570388431547187
67.95,0.0,41.7204439326402,36.323349565194896,35.5924877312033
67.96,0.0,40.87384125804897,36.68839139916809,34.09998775795743
67.97,0.0,45.801041776923334,37.652873656110096,30.543982984461458
67.98,0.0,43.830352076100056,37.699720142250534,32.75118028270667
67.99,0.0,44.09893053307857,34.22897617945943,32.5035306614232
68.0,0.0,41.932373419084556,37.639016745680735,31.69362196058147
68.01,0.0,43.18322159106976,39.54455649965778,32.41310385718163
68.02,0.0,44.28540282030832,36.44425542418882,29.762684168361407
68.03,0.0,39.8327589685031,39.506265211842,33.58660603643066
68.04,0.0,43.77845767903213,36.00393208741605,31.953633451918318
68.05,0.0,40.78829770505245,38.02733708948708,32.41542580759652
68.06,0.0,44.56100770024502,38.3822261759036,33.84077265899715
68.07,0.0,40.1903302621155,36.4853500136306,33.71398042546315
68.08,0.0,44.232368793459806,35.803908574854574,31.34350092456177
68.09,0.0,41.412208474452676,37.79346703106252,31.121503643680285
68.1,0.0,42.857824885524565,36.81719471977746,32.93710187945484
68.11,0.0,43.35108121101675,36.19860631090399,32.9041467445503
68.12,0.0,42.91831283692999,36.03382231866111,31.525412420540786
68.13,0.0,40.82859152746411,37.73739718410085,30.848432703885265
68.14,0.0,41.761591339944225,33.43767980418586,32.51797223769386
68.15,0.0,41.783224479360754,37.105389346704726,32.66240095171172
68.16,0.0,42.822057882377734,32.02747765200279,27.190422055861546
68.17,0.0,40.06837410543811,34.07894588134092,34.07910099878314
68.18,0.0,40.88574818238979,35.21375228385408,29.4455381445538
68.19,0.0,39.89760139445216,36.12253825108341,25.711797859506714
68.2,0.0,45.896683500389564,40.58295709964622,31.607874603097
68.21,0.0,44.885756899938045,41.34203260848074,29.567916772944514
68.22,0.0,42.74060165900731,36.16793876906264,32.834916544297286
68.23,0.0,41.029558650514325,32.71042582183208,30.072216660884443
68.24,0.0,41.04050278903944,36.09237210062992,29.84927716665825
68.25,0.0,41.10468204319228,33.649289054208936,30.155713018487912
68.26,0.0,43.979992847240155,36.741099396814626,30.607318128326327
68.27,0.0,42.230243187733116,33.65190841751576,28.89951285803214
68.28,0.0,46.64352335735161,36.647643172126756,29.034258210818244
68.29,0.0,40.637834264002535,36.68016210117996,28.02521002147379
68.3,0.0,39.37283191638588,34.97076527907553,28.255845007278424
68.31,0.0,40.34487983929131,36.82286755153768,29.260232761977566
68.32,0.0,46.677024629958304,33.70586425814306,28.51146017998116
68.33,0.0,40.90829279170293,34.615926954803705,31.315868967894495
68.34,0.0,40.893647095565484,39.409812084515146,30.54507299432087
68.35,0.0,36.40488629322286,38.98475353508873,30.201253910589656
68.36,0.0,39.150586071387934,31.57795757938448,28.063654854759097
68.37,0.0,38.89205395703344,33.33013135408443,30.67524364004556
68.38,0.0,39.53664834546152,35.964749402945465,29.65398109655869
68.39,0.0,41.61445433790011,36.30118907423413,27.303513882826966
68.4,0.0,40.18844377280705,32.12544266579568,28.468723482937165
68.41,0.0,41.88111722797362,32.14079340481163,28.508445695340995
68.42,0.0,43.84034525976761,31.545597777344806,25.426811425452033
68.43,0.0,41.840735706326356,34.78440924234182,28.022145932545154
68.44,0.0,41.23305475786965,33.639333898380364,28.14307886194162
68.45,0.0,39.6955779489562,35.86390905739191,31.030405155029328
68.46,0.0,39.229662233195945,35.37063190727386,25.885382989728747
68.47,0.0,39.4632562170581,35.73416902856697,29.213450346050898
68.48,0.0,38.70395566459233,30.764924100873333,26.524377652680666
68.49,0.0,43.35265208878198,36.70849336155042,28.35501948639826
68.5,0.0,40.40946698700815,37.003437790141824,28.678067093057354
68.51,0.0,35.687079969068684,36.23195934192305,26.930389596166677
68.52,0.0,40.15225297279792,32.70733448683139,24.878436467507186
68.53,0.0,43.91737018905049,36.92414714700152,27.148785348725678
68.54,0.0,39.00827538721295,36.838748662135096,26.123417238848095
68.55,0.0,41.09462487221644,34.715670900930085,23.505383933562225
68.56,0.0,42.221533161196646,33.74445846308589,29.28661749210259
68.57,0.0,37.569122788578774,37.73318151494523,29.825003640564162
68.58,0.0,41.496449722860675,32.24632053574645,25.38451475572566
68.59,0.0,40.29702556735831,34.15191417680762,25.426339458437866
68.6,0.0,39.02566457351857,39.27289651675717,27.516307959350602
68.61,0.0,38.602966133487286,33.470425178475075,24.70683405881646
68.62,0.0,41.05614853981005,32.09063046255098,24.108476245884702
68.63,0.0,36.848579883433686,33.9504627223746,25.475058288063263
68.64,0.0,39.78750404235082,35.75715296328584,27.067499397386804
68.65,0.0,39.44313349640267,33.79506082996382,24.19687506957682
68.66,0.0,36.767165854935314,31.067073741029073,29.010481075322694
68.67,0.0,40.014763648280145,33.21387394116411,27.23327041712656
68.68,0.0,35.12378606895096,34.29284910865062,28.430732232496226
68.69,0.0,41.70356214741777,32.71421893441535,22.767343145902224
68.7,0.0,37.19029127371067,35.992773071773826,24.536487707845094
68.71,0.0,40.53380742257214,32.7251742996545,29.357092874767677
68.72,0.0,39.23159856155472,32.16549032628677,25.902431751554598
68.73,0.0,38.099943674843374,37.96640986312349,23.943498243147395
68.74,0.0,35.14947465077295,31.891224568907766,25.598198837885885
68.75,0.0,36.20977259203762,36.262045411471206,23.80129289725672
68.76,0.0,36.73720657848161,33.296612785203784,25.340943715643323
68.77,0.0,39.1606707227696,35.15820580374029,26.406760699130587
68.78,0.0,37.546646078521604,35.37833008355932,23.449884276315483
68.79,0.0,38.56699508299487,30.671705921756974,25.89606769807125
68.8,0.0,35.72226778583466,33.845172340972645,28.102872047011317
68.81,0.0,36.168536400638715,34.902272612632444,26.768225962559814
68.82,0.0,36.67953741276473,31.202331761603308,25.511207344090487
68.83,0.0,40.33614217155387,26.902795283211674,22.048923839336904
68.84,0.0,40.801801520635806,36.55795979519758,24.681077083255744
68.85,0.0,41.38514465782208,34.02103975746466,22.760652714432105
68.86,0.0,36.297460905063694,31.198424829261302,23.801870059702743
68.87,0.0,34.34448545737407,31.3860592213766,26.426491845649927
68.88,0.0,39.644652039854684,31.42409099523624,23.07387158427482
68.89,0.0,38.58355343676424,32.14755032375148,26.317895718026687
68.9,0.0,35.04702541494096,31.238359743348592,21.489128884131652
68.91,0.0,38.84981567682283,34.413903029333056,25.0327031218102
68.92,0.0,40.55074435667981,30.932311841989055,28.818217516500738
68.93,0.0,37.23563592005071,31.758257214318814,23.969582173412267
68.94,0.0,36.99528927009124,32.141075003913436,26.837223456939917
68.95,0.0,38.857284015311,32.10936963806585,23.745318568988285
68.96,0.0,38.7022916901944,30.489362759694554,26.789610641278365
68.97,0.0,40.39781033046482,29.55946448799588,21.544235091665907
68.98,0.0,39.007195786090136,28.43496374960508,22.916321667457552
68.99,0.0,37.99763018411818,31.628065963874725,24.907973579300347
69.0,0.0,36.76545688816141,30.059046751062443,24.05873917752181
69.01,0.0,36.29465786611486,27.03412687106533,22.922659201667415
69.02,0.0,36.35952915625115,33.540479320515345,24.211700986651845
69.03,0.0,35.584696306839845,31.584456537444893,26.412448111246558
69.04,0.0,36.29778402046509,30.347263837911505,25.262530037902877
69.05,0.0,35.458084576337015,31.501276473240296,26.968394802148488
69.06,0.0,37.348186985757884,30.290246612849725,25.73470557821174
69.07,0.0,35.198650454802724,32.963312048113366,22.518819312188004
69.08,0.0,37.46883301730825,31.892646254666708,22.81481576831816
69.09,0.0,37.5905715508452,29.79464471458591,22.971148999741214
69.1,0.0,35.79464150709004,29.817001374489855,19.60451693130183
69.11,0.0,34.920297301957426,30.44065598649823,25.651549903210068
69.12,0.0,37.89079356119599,36.529516833320926,25.732530217114533
69.13,0.0,35.36707331624244,33.38084662151507,23.69332550022164
69.14,0.0,37.59610148104295,30.649517823747658,22.65046192663437
69.15,0.0,38.05692433335687,28.57859015798389,23.623404253298965
69.16,0.0,35.392358094348594,33.04998194528947,20.136078022342964
69.17,0.0,33.30137727106465,28.917862823314625,22.844191794132904
69.18,0.0,35.6099172674271,29.456253160696388,19.502092993704508
69.19,0.0,37.579630757330335,28.336564139343466,21.738888937558304
69.2,0.0,34.013916186335926,30.736456996892628,22.346203913968928
69.21,0.0,38.44466030743134,27.079416988020547,25.784359647408763
69.22,0.0,35.09214683964317,30.882433303543728,24.362066342729356
69.23,0.0,36.92670045198548,26.893165054221985,20.885517149584267
69.24,0.0,36.31176867947797,29.547049166747417,21.464221249047377
69.25,0.0,34.8099734495987,32.50015608465693,22.271620711988795
69.26,0.0,34.36123703872234,34.44450600817077,20.762376707132127
69.27,0.0,35.651115174977605,35.980737236092885,22.557437325344093
69.28,0.0,34.14186753820278,30.3110061380926,25.60996873648283
69.29,0.0,36.5752466187781,29.417762848282297,19.533602221428378
69.3,0.0,37.723458468088644,29.361489974521152,23.51463858882804
69.31,0.0,36.12916995034656,30.55569734672535,22.870364518051105
69.32,0.0,32.87777458290609,30.3058133093433,22.187866261868315
69.33,0.0,33.98110143550556,29.315069035892186,24.168041110833666
69.34,0.0,39.83723836906167,28.698874194343233,18.18239505888035
69.35,0.0,32.91606228967567,31.014282613461564,20.36698161650232
69.36,0.0,34.56889701223386,28.591788594595926,22.895482282409095
69.37,0.0,35.67591195688535,30.978616024697743,24.31478577333815
69.38,0.0,31.373170511123664,31.375107933569083,20.43323733727637
69.39,0.0,35.19984290319461,24.317020269168054,21.258389386955205
69.4,0.0,33.73114779909994,29.815208718471165,24.223952348697544
69.41,0.0,35.60397402592199,32.207896257649644,25.397607656055374
69.42,0.0,35.01692391696817,30.062680482369412,24.93519761272753
69.43,0.0,34.15726668032629,25.425668961323566,21.050393281500888
69.44,0.0,30.063843387344335,27.67499462862686,22.79314458963666
69.45,0.0,30.71816164943898,29.423442335120225,21.85614266970867
69.46,0.0,34.50350457172164,24.997773417402513,18.803966523118678
69.47,0.0,39.66581177848247,30.394707725063117,21.546593367377152
69.48,0.0,30.89009406891962,25.43944928653132,23.309986591996548
69.49,0.0,36.9570683306814,32.46479912773822,20.332654310398226
69.5,0.0,33.135929286689596,27.30890089496135,21.833984672842647
69.51,0.0,33.14148345499435,30.682219733483745,20.464323541892895
69.52,0.0,34.93917640585056,27.35448724087385,21.610145193185954
69.53,0.0,36.69006069062071,29.772254358323877,22.78969294543199
69.54,0.0,30.69282917555743,29.093989849998398,19.19519063488752
69.55,0.0,30.1522599351639,27.566736808728876,20.47015647302343
69.56,0.0,32.52154889150317,29.802156190803657,20.835122528458434
69.57,0.0,31.324508410912724,27.851888791159723,21.723670492431452
69.58,0.0,30.162981310998685,27.223679807690342,20.62540956191107
69.59,0.0,31.113753577612382,30.953176009045436,21.480305631755876
69.6,0.0,31.732717556057036,27.614504819256624,19.381838735761196
69.61,0.0,34.66094676475851,26.9116948829986,19.506345132872976
69.62,0.0,34.472623504560545,31.037925043547588,20.36668239196103
69.63,0.0,31.579196466229185,27.359187031807025,20.829285427644738
69.64,0.0,34.60759537230886,26.137213733557115,23.90779096974701
69.65,0.0,31.749617707706,24.71245679025629,21.20733925716473
69.66,0.0,31.16347339879038,25.842622690583234,17.928956394810857
69.67,0.0,31.481404108988553,26.4442767615475,18.791740224467887
69.68,0.0,30.12116418915922,28.12371386195324,23.55494842954003
69.69,0.0,35.49833656306676,28.651439943984293,22.89216638513796
69.7,0.0,33.46515432109547,27.33117384248581,21.11249913362154
69.71,0.0,32.3123433451919,25.9907627692396,20.628251334504572
69.72,0.0,32.55962214298367,30.08194087876268,21.10161345275649
69.73,0.0,32.46890543621872,26.761396972662244,23.364071062775686
69.74,0.0,30.71943337499984,27.73957721120465,22.281038670528492
69.75,0.0,34.47310885449129,28.736822251360607,21.578658275760038
69.76,0.0,29.032872112803247,25.877512898666005,20.87926374142086
69.77,0.0,31.03186890490421,27.507367320329752,20.095425475918265
69.78,0.0,31.759926623868175,28.57384915700066,23.61901853901845
69.79,0.0,33.08168155803003,30.078160795345973,20.467225550567015
69.8,0.0,31.355030893800564,30.21263394846857,21.423815269864004
69.81,0.0,29.854974825250153,25.029459427055144,15.165774739909953
69.82,0.0,29.14681131888984,26.51244877322686,17.749084347639176
69.83,0.0,30.528558654875606,25.229218670432118,19.988520592220723
69.84,0.0,33.62698971348137,26.348081893099252,19.734810804425678
69.85,0.0,30.430440806144524,25.82068159227495,19.221097285815425
69.86,0.0,31.80215174744445,29.302230533557285,20.991112059714077
69.87,0.0,33.39483467203852,28.153117612060214,19.245743733823712
69.88,0.0,34.32273898107682,30.03152699679866,19.291793612670283
69.89,0.0,32.990933298451665,30.336293984506,17.1263606878332
69.9,0.0,33.68773423220647,26.21833156102808,21.11230230009391
69.91,0.0,31.890266889285186,26.45794216745926,21.7370015587542
69.92,0.0,31.39539540466901,26.76512232285521,18.105419914776448
69.93,0.0,29.156080482756842,26.807419398772463,18.378318854662425
69.94,0.0,33.92054879719064,25.72562605690394,18.088882589829336
69.95,0.0,29.248961240441663,23.560627448578447,19.30348109859428
69.96,0.0,29.020056685555147,25.658047948644302,20.23264416403106
69.97,0.0,33.23155351619329,26.456098329409247,21.31337039273082
69.98,0.0,32.199148146722386,25.89284528155147,17.483082795480815
69.99,0.0,31.001218396541557,27.006810364203087,20.40840214753584
70.0,0.0,33.295312468431845,26.17313641657757,16.488031510643868
70.01,0.0,31.346270488763032,28.335088991246145,20.090207580847864
70.02,0.0,27.293783971983018,24.496498200917355,20.409313288561513
70.03,0.0,30.933116830667863,25.63730394781577,18.10807341299112
70.04,0.0,29.130690798344858,26.90496767883379,19.7346594375898
70.05,0.0,31.817734916488213,27.605703373568296,17.577781758362914
70.06,0.0,31.842638042577402,26.869064936999795,18.31635651423423
70.07,0.0,33.56499611030849,27.178636092903478,21.41168825176629
70.08,0.0,35.37580775314767,29.601098860419626,19.649244317633148
70.09,0.0,31.123590276823677,29.86095823313419,18.62089400567993
70.1,0.0,30.606345607239597,29.450201585865475,16.097247800395884
70.11,0.0,28.2724432871578,26.659263821899792,20.444127133765406
70.12,0.0,31.60690460156702,26.440939989960814,19.190728836520666
70.13,0.0,33.04918901444075,27.572065607435928,20.586616272232042
70.14,0.0,30.621725340678804,28.087767080283193,19.845322663232217
70.15,0.0,30.271720846539704,27.804083498727323,20.00638517092538
70.16,0.0,33.878834902892635,27.667246359067153,18.236253501065104
70.17,0.0,31.535506568172654,26.508013218082848,21.45849424437957
70.18,0.0,31.443197950018615,26.975999402081225,19.44518471532915
70.19,0.0,29.72203494536409,26.7599447484777,20.185887923679346
70.2,0.0,30.047424414723718,26.408719672962246,19.865645283413393
70.21,0.0,27.82730266384009,26.22703780444258,21.500746292971293
70.22,0.0,32.30112492677416,29.32689268138788,19.3763004383336
70.23,0.0,31.966973036140693,27.832178539961784,15.275184624779927
70.24,0.0,30.664262045627236,29.8326250266209,14.734312397458506
70.25,0.0,30.299996737244076,25.994528524482483,17.746489781967924
70.26,0.0,33.19385048233323,26.601010205950313,21.642811646645846
70.27,0.0,25.914017563781826,24.843949721512494,19.015522700044368
70.28,0.0,30.548822818909965,22.278979868975284,20.826235837715288
70.29,0.0,31.785299022744475,29.600164425450807,18.01185656785094
70.3,0.0,33.24612685905142,24.75928991325255,21.475123656852485
70.31,0.0,31.014105629989647,27.372419792746747,14.866155031281608
70.32,0.0,30.984395872664024,26.604774300984612,20.069856200412193
70.33,0.0,33.53933232496562,24.491348335822707,20.796017977897662
70.34,0.0,31.20251033505248,27.822814967479456,22.315425217160847
70.35,0.0,32.01963380050012,26.86655816637359,18.62079833115322
70.36,0.0,31.532692396365096,29.756105748563503,18.347185834719777
70.37,0.0,30.156141473345087,27.38949123864049,18.507145026675083
70.38,0.0,31.617457350823777,28.98162486436983,19.675098078617694
70.39,0.0,32.53755136227452,30.103761216954315,19.983714629862625
70.4,0.0,32.839223064020786,27.733738110174215,21.425584257779168
70.41,0.0,31.498111098310822,27.24313459586031,21.512762670267374
70.42,0.0,32.80098794189027,31.126713575039112,20.59435306534901
70.43,0.0,31.136542232996835,30.789781285203155,20.186513499688107
70.44,0.0,35.34358424276672,31.307719562968376,19.813847846657076
70.45,0.0,32.75311067596192,29.91358354016282,21.83214263959158
70.46,0.0,31.78231368236266,23.826942956291347,21.667478997794145
70.47,0.0,32.5700204088399,28.08304311567182,23.344969053622673
70.48,0.0,32.05746682870866,25.96884758482974,21.84295410935266
70.49,0.0,34.458260013854456,26.040363989961435,18.710999045648133
70.5,0.0,30.10474689379999,28.88916050187636,19.599805260894314
70.51,0.0,32.91641635553953,27.96646688730709,23.955502083362123
70.52,0.0,32.01676939300111,28.15784671683926,23.74276072585888
70.53,0.0,31.183429826684566,29.281506894102407,22.62863924650012
70.54,0.0,32.72939607530745,27.168809070379574,21.243552969749025
70.55,0.0,31.988624002592218,27.03123771786549,20.386744886598127
70.56,0.0,33.365514232078105,28.3835596277116,21.6002902954355
70.57,0.0,36.46923336163659,32.55027926870651,19.994507008085236
70.58,0.0,34.91477881541231,33.145158236025324,22.27831942369455
70.59,0.0,30.399480523530105,31.107037038992097,24.475249361003105
70.6,0.0,35.45395713764011,26.747390510486905,19.845044971586542
70.61,0.0,32.511616672407875,28.55838756416641,23.02862218902377
70.62,0.0,35.53455520264367,30.165936545782635,22.68771913693906
70.63,0.0,33.829247009112606,29.751267967826156,21.048729937817175
70.64,0.0,34.74063709138566,26.82719833066678,23.090117870777053
70.65,0.0,32.07746675400683,30.991629983961356,21.787514853304184
70.66,0.0,34.80497639771906,33.93116705662976,25.31098512104742
70.67,0.0,35.38488024441117,28.927972941890502,18.54189076305872
70.68,0.0,30.898542822472763,29.247517573925446,23.342481039682976
70.69,0.0,32.82215630206508,30.30153567970016,22.88785786061154
70.7,0.0,33.3532970809506,30.953778571784078,24.57423172578857
70.71,0.0,36.83032107048446,31.304322919414158,19.559426527850494
70.72,0.0,35.881000062000965,28.09160277467225,24.10741031685089
70.73,0.0,34.9898415896589,29.502657091199232,22.990605069643987
70.74,0.0,32.78063852249764,27.80839251561382,21.111795139213136
70.75,0.0,33.37313778703114,29.389671985882604,25.716970101266398
70.76,0.0,34.329615845924565,31.57608576506732,25.401324543510096
70.77,0.0,33.82888853751312,28.105323691284735,18.54722693965024
70.78,0.0,35.60137245377666,31.806857525184842,23.567117710113664
70.79,0.0,37.48739255487183,28.08894145789008,22.158750135040027
70.8,0.0,35.660555857670076,32.59375244344669,22.189329797466772
70.81,0.0,38.568634927687874,30.500586499487415,27.652031132891317
70.82,0.0,33.45966128155741,29.12963383353574,21.281874350011982
70.83,0.0,36.025208092694335,30.529518013399628,24.75401870859976
70.84,0.0,37.686311077642884,30.55536502744054,22.39445051606015
70.85,0.0,35.425581019998496,31.59273439058189,19.838023731278113
70.86,0.0,38.4217722311063,28.328660974541148,22.76110220263128
70.87,0.0,30.149820130735627,32.79382349077784,21.36041211675405
70.88,0.0,33.0130502619515,30.093402061276297,25.011273719173474
70.89,0.0,33.03467598095408,30.51973303481377,23.73692632628598
70.9,0.0,37.088297925122085,29.83914443598481,24.814003966757095
70.91,0.0,35.253991715213715,28.06659157122496,24.296967354656843
70.92,0.0,32.73086916462768,30.482511174143543,22.34282090060309
70.93,0.0,34.83829237421432,31.28059198966601,25.982851965844
70.94,0.0,34.75684554793683,29.695024341260304,25.800294215784135
70.95,0.0,36.09473112360064,33.91587049134911,22.035122281802764
70.96,0.0,35.10296351062393,30.918243042684228,23.028029173013604
70.97,0.0,36.065146617875214,28.63566314806906,24.71511796987583
70.98,0.0,31.68190062024111,30.22903418422498,22.791273682651426
70.99,0.0,39.50782293561974,27.469107094279195,23.180100464365808
71.0,0.0,36.25120374996435,34.62871884882721,26.641730676803935
71.01,0.0,39.959278385119966,31.227383497561934,21.17663910916288
71.02,0.0,32.59723887387948,32.467851196608166,22.720223565125842
71.03,0.0,38.22714419192289,31.530700637413517,23.26710420105089
71.04,0.0,33.375101568900604,31.04772432838905,24.49664809101846
71.05,0.0,35.930427438278116,32.46860725998047,24.149758517874428
71.06,0.0,42.574736362011556,28.286434726641993,21.12374949498902
71.07,0.0,38.313299358851935,35.01454149039073,23.68991904456981
71.08,0.0,37.98234196812665,33.61444256930381,21.026785250741753
71.09,0.0,38.72800420412026,33.41999179046322,24.59520455209168
71.1,0.0,40.05099621550894,31.640692135508377,27.702044564891512
71.11,0.0,37.48050975991288,30.784669521428583,26.2863554715581
71.12,0.0,38.61475918168951,34.44519081889188,24.42050582229091
71.13,0.0,40.84228683790616,34.25148389333624,22.377391323939992
71.14,0.0,41.492428263660756,33.71397233402302,24.21924748073886
71.15,0.0,42.43871186057609,34.641224905200666,27.766018027836278
71.16,0.0,37.93301739640742,32.55138646852146,26.445086648071946
71.17,0.0,38.483807732437924,32.11281534768405,28.090278743524316
71.18,0.0,41.6166980951257,33.86497420430579,24.389511520767122
71.19,0.0,38.766917989671505,34.501633144349476,25.363254675826752
71.2,0.0,38.82071857486441,32.20430036562169,28.2280023210864
71.21,0.0,38.11612334127233,35.99260998343257,25.603254804121228
71.22,0.0,37.638113068295716,29.524447283368776,25.483565297829355
71.23,0.0,37.50802017785872,32.52173591732917,29.32232558657515
71.24,0.0,40.707906167839916,34.38292597009797,27.160070873629063
71.25,0.0,42.425567425663644,34.49883897966328,25.44995391829626
71.26,0.0,36.88385630109463,31.50949273443085,25.196528343345214
71.27,0.0,42.40633222490937,32.24003920718658,24.96573631597827
71.28,0.0,36.79262653736928,34.357101658511304,23.406658921496582
71.29,0.0,43.57905265951996,39.13511383117952,28.87433774017016
71.3,0.0,39.897003953687694,33.56753605690887,25.66346266122809
71.31,0.0,45.12607317544025,32.38640531073008,28.029101303826753
71.32,0.0,38.13195345207132,33.4140378689499,29.16632413436524
71.33,0.0,39.530851271795555,33.220981614009844,27.960134920031557
71.34,0.0,38.69999083907556,37.815945406371405,28.485747391779466
71.35,0.0,42.816573575627395,31.135628423144034,28.448840383597705
71.36,0.0,38.23230111033538,36.43920671206667,28.73893839255108
71.37,0.0,40.688901092352474,28.673827078130266,27.683949870085264
71.38,0.0,42.54782800264767,35.85043903549755,25.207838894698877
71.39,0.0,41.089197469008006,34.895798315890055,26.05564734187214
71.4,0.0,37.40084011248042,35.77911269975008,29.323678987172165
71.41,0.0,39.40554959132407,32.51624588754441,27.263466947681145
71.42,0.0,37.641302440066085,36.64997086164906,28.79791258090777
71.43,0.0,37.999337724692474,37.9544946113725,27.265737669317865
71.44,0.0,40.223482348833784,35.90791106790183,29.218450991793528
71.45,0.0,42.69830841900859,39.2003814733817,26.497732244708946
71.46,0.0,42.1265425191402,39.52913652203887,28.588750107459035
71.47,0.0,42.16717162046085,38.92113650908502,25.712276033968152
71.48,0.0,41.328776846221196,32.48804602297175,30.331940489740838
71.49,0.0,42.002731081677474,33.79642631695691,34.50708786599443
71.5,0.0,42.88742685860313,35.73277820313917,30.205391293444766
71.51,0.0,43.69730463588296,36.709571316347734,28.37674420268328
71.52,0.0,40.88480574805009,33.726127473767086,27.59467954775762
71.53,0.0,41.07158631811489,36.43118802209852,30.936046761542443
71.54,0.0,38.86229650215275,33.841915323174405,28.00833440431837
71.55,0.0,41.87467985019507,32.60132238383111,29.275653792952934
71.56,0.0,40.63739839269229,37.61694056954511,30.88802267358274
71.57,0.0,41.04055519753012,36.00181383914579,34.08449716893189
71.58,0.0,42.35745548653229,31.496355325296882,27.129501037392494
71.59,0.0,45.41813584835574,35.34037112621351,31.595316442928763
71.6,0.0,39.74034904363236,38.256717410859856,34.08432195852139
71.61,0.0,42.39012375523649,31.909726456908565,31.428112853385308
71.62,0.0,40.05075644055667,38.23438354350339,31.137141553742023
71.63,0.0,39.633547796908715,34.94434824784168,29.85132285354499
71.64,0.0,40.440176284763346,34.21196555232745,31.970457604117737
71.65,0.0,44.845930680178625,35.52109300678856,28.802214426910044
71.66,0.0,45.06448640178997,34.102545569371614,28.424541974171657
71.67,0.0,43.970975380749124,33.46469200235314,31.64451900917565
71.68,0.0,43.672841445578904,35.80394994151256,31.476209900655924
71.69,0.0,43.56802347223998,32.57516386444358,28.226412154460768
71.7,0.0,43.55509711293684,37.928709779991976,28.340936265684373
71.71,0.0,41.3862280025286,37.22670580440506,28.60243673888311
71.72,0.0,40.78819281972823,35.84259748383801,32.87855290222261
71.73,0.0,43.385015273646786,34.735039288715996,34.82269580750008
71.74,0.0,41.87755501489789,36.70480310564247,30.01708556149801
71.75,0.0,42.70599114433132,32.5475673168917,32.205145925543114
71.76,0.0,42.16225927897481,38.518856464353235,31.31571745667732
71.77,0.0,46.421867219073235,36.87733266026793,31.463272406135456
71.78,0.0,45.67061397278564,37.9146484749359,29.18794821629971
71.79,0.0,40.89804952326038,37.41755275002989,27.997506470581577
71.8,0.0,38.36088626380314,36.062246438007534,31.076064217422623
71.81,0.0,41.659343663674,37.58289588958418,31.286827639377158
71.82,0.0,41.202030619890955,36.97875211212344,32.21806510228797
71.83,0.0,43.75202256833187,36.90309774061568,29.187413039139933
71.84,0.0,41.56678308597728,38.29128978670464,32.008813826592224
71.85,0.0,41.92894053578074,34.45623752340901,31.81471157399513
71.86,0.0,44.53108513875177,37.82180662945413,32.176574454300294
71.87,0.0,39.168140856325564,36.29299011702796,35.04574610407307
71.88,0.0,44.41992058634049,37.314622223860965,31.62553913241531
71.89,0.0,43.11552226577067,41.35301770042636,35.03103901916708
71.9,0.0,41.95010165736964,40.03334984048292,31.705581815048117
71.91,0.0,41.80587497812777,37.84231256816973,32.14788988958351
71.92,0.0,40.81259782106044,32.439807586072426,32.26311461597693
71.93,0.0,44.82302590738959,40.80942026755161,28.36603758041295
71.94,0.0,42.03569897063444,36.29782694538142,34.09646825316215
71.95,0.0,44.604230170443685,37.17710047202245,33.13752802576328
71.96,0.0,47.41827590218983,42.258086270267015,31.327786029336288
71.97,0.0,42.17394940139988,38.021962330295075,33.292645308895366
71.98,0.0,43.84195631902772,37.10705643218938,34.65973262945701
71.99,0.0,44.67406694852007,39.89416217702987,33.879833276834816
72.0,0.0,42.61701686127617,36.34750609205686,34.539846959659556
72.01,0.0,39.834474453266324,35.8572051467305,32.86499994578952
72.02,0.0,43.83530703061178,41.33045698469982,33.91206965222933
72.03,0.0,41.82415099374795,37.5969988545412,34.16347555440197
72.04,0.0,45.98282723715768,36.69571871202122,36.18512605812485
72.05,0.0,43.733390106111294,39.28527764720903,35.46747415616358
72.06,0.0,45.30662523882523,39.25566859190485,32.191585254520426
72.07,0.0,43.269064189462156,37.52567624992659,32.33656061465061
72.08,0.0,42.36352767905588,39.54332185967016,30.90674018263038
72.09,0.0,41.93958379358049,38.81941576402726,35.01595889674193
72.1,0.0,44.453434861365544,36.90471636192588,30.372397789356345
72.11,0.0,46.39857202219818,37.939036163770375,32.685289364857766
72.12,0.0,44.18143762492835,36.63441981258585,35.58266426397353
72.13,0.0,44.54701338035468,38.071475461327644,34.40391383962382
72.14,0.0,41.160973013788976,37.46073353073809,35.94957895788996
72.15,0.0,44.098760437315086,40.65707352868033,35.65726057208371
72.16,0.0,43.700539566035275,38.52841154442311,34.66562359145107
72.17,0.0,41.29707252885091,41.078880758115375,33.68104103933899
72.18,0.0,40.62746542418933,40.98216358293566,31.37575847432041
72.19,0.0,46.45561837279634,36.87611731054139,32.98978659222257
72.2,0.0,42.40599915882051,37.91913702436626,31.364883736682856
72.21,0.0,45.06496716725659,37.897581906598816,33.81198476048843
72.22,0.0,42.12741727893737,39.36430271695608,36.23977139385745
72.23,0.0,44.63215903971655,41.505043944697796,37.44981978796935
72.24,0.0,43.73796858230156,35.62080883752713,35.39704188106167
72.25,0.0,41.22725641542175,34.29860287665096,32.45202921920317
72.26,0.0,43.165059066914544,39.1716553843795,33.730599952922724
72.27,0.0,43.75152529365523,39.89918182971315,36.21520339414258
72.28,0.0,43.321902351636965,35.99342609759253,37.16257051390053
72.29,0.0,44.52381375638653,36.564343272112865,35.788665065016794
72.3,0.0,41.75198780179151,33.55190099664458,35.38182326058968
72.31,0.0,44.84770798705865,42.31337289522816,35.42487220375207
72.32,0.0,39.28224539595455,38.709741479675664,33.79414361234942
72.33,0.0,39.605284396096735,40.14794658466127,35.45811811446713
72.34,0.0,40.186020340573315,38.19206928565153,34.77763383098083
72.35,0.0,42.99658460667501,39.166718843617794,39.6690520450227
72.36,0.0,42.859613905597755,35.771600009956764,35.789034653659556
72.37,0.0,44.1000975847123,36.77566402465015,36.04539331853089
72.38,0.0,44.9705061227525,39.625272067007465,33.23858975541963
72.39,0.0,39.106454326355845,38.73385041747218,36.71032188649297
72.4,0.0,40.888127620720006,38.85655786161634,34.69089502012633
72.41,0.0,45.9019463363939,37.14579348312494,36.317373358173796
72.42,0.0,40.76089885263474,39.82172115113349,33.70969502306592
72.43,0.0,43.19510301502498,38.99204345380331,33.80665221956016
72.44,0.0,41.782109261430904,43.369729578962954,34.95405050409624
72.45,0.0,44.538290093673965,36.12396109003836,35.11361043942175
72.46,0.0,38.56988554709342,35.580903101792615,35.32839931788941
72.47,0.0,44.04841614835914,37.35610478330082,38.64274183888509
72.48,0.0,42.10513000416634,41.037359813333445,37.32982160442783
72.49,0.0,40.69807824140788,37.46188444223033,35.01749058349881
72.5,0.0,37.70282785656191,39.180423351829454,37.409125611582645
72.51,0.0,42.96836327908549,42.97571803319343,35.10664447772973
72.52,0.0,45.91686248254346,36.82622197397048,35.97011166847623
72.53,0.0,39.986128143359274,37.187650141713384,39.50053254744004
72.54,0.0,43.36946526157748,40.77135298022869,36.664083620727006
72.55,0.0,39.57229013180815,39.773554196621205,36.29442148286488
72.56,0.0,39.68575948397329,42.28089130969959,34.39321925079609
72.57,0.0,39.1066227824688,38.701066467932264,37.20773890020116
72.58,0.0,38.95207195715421,42.30550872659962,37.428972985166745
72.59,0.0,40.90115878973337,38.2703835264662,36.5745868973093
72.6,0.0,39.13509575462642,43.40676489156915,38.12430324021643
72.61,0.0,39.1518563392613,36.94694128259889,39.1794682472238
72.62,0.0,39.19692677092281,36.146984665336156,38.458915933255874
72.63,0.0,45.85722364461914,41.747174978857984,41.31530783197454
72.64,0.0,40.67822582646446,37.10857439806746,39.1285391590696
72.65,0.0,43.15688932901861,38.146089463111394,36.85223372986255
72.66,0.0,38.51837560450434,40.01555532151363,36.78638775529402
72.67,0.0,41.005845384315045,33.65919072067968,37.89920623482749
72.68,0.0,40.97514642008703,38.82459455471651,34.56556951761944
72.69,0.0,39.73814566746055,33.55921094928745,36.44568767061433
72.7,0.0,41.97921007072826,37.08832879694837,37.16690093484988
72.71,0.0,42.73548823770621,38.64035326100096,33.88313614785777
72.72,0.0,38.215896355252944,40.52287614747275,36.56865912394117
72.73,0.0,44.22781873146063,37.042321032360775,37.11142253611681
72.74,0.0,38.37693300480295,38.52736798964096,39.09246270441618
72.75,0.0,39.46622141270667,36.352611358543975,37.77671586215035
72.76,0.0,39.85993756699401,38.934318471160395,39.80116445331809
72.77,0.0,41.34742610551503,37.40248187401666,36.194788062461356
72.78,0.0,42.65761604028318,41.702941189496634,36.445420620871054
72.79,0.0,40.5197986693017,34.6204220986188,35.921984875851436
72.8,0.0,40.32385519865191,38.453562886820166,36.415770251887686
72.81,0.0,44.74035696336471,37.75205895475144,33.26901274423677
72.82,0.0,40.430233986699854,36.07248424875364,38.25898513223069
72.83,0.0,39.87397215632234,38.29881597829472,35.81169728834348
72.84,0.0,42.329107093556885,35.41450681842377,36.409348056085676
72.85,0.0,40.9588466980403,38.410161826937106,35.058914691943215
72.86,0.0,38.50543101436841,38.821794401491935,38.85221138928347
72.87,0.0,42.36836908247508,36.32414525014557,38.63259319827068
72.88,0.0,37.866656391364565,37.79830785763355,41.28485948295328
72.89,0.0,40.680596429553106,39.00103279948852,37.37722960994917
72.9,0.0,38.140909504104435,39.29119596340846,35.315607545636915
72.91,0.0,39.56217094542067,36.332189505841775,32.57575631176216
72.92,0.0,44.17458916829152,36.14238674258003,37.22931438596692
72.93,0.0,34.51958528982042,39.243346287663584,34.24990723108671
72.94,0.0,38.07059623113454,35.1999719716382,34.942502497233896
72.95,0.0,37.615274603977504,38.89580865505989,35.851452879844956
72.96,0.0,41.73901536808051,39.229426002523354,33.83155292747204
72.97,0.0,40.80561817386271,36.616322331131926,33.69842174309396
72.98,0.0,38.551772862160504,37.46918773205597,32.7403875747651
72.99,0.0,41.27487873397434,39.03138487662007,34.31189828227543
73.0,0.0,36.95517338414133,35.199658714206606,35.919045076181796
73.01,0.0,37.0925300993196,37.220103493029676,37.50047742908277
73.02,0.0,36.764033925739064,36.54514302705471,35.00083242821944
73.03,0.0,36.97703267257189,35.360246376243126,37.540879156290686
73.04,0.0,39.78821221286905,39.13117064965287,37.36179719738702
73.05,0.0,39.26729682195171,36.58183860907816,38.2853165704971
73.06,0.0,40.088845045148425,32.578110461201454,40.10921802955501
73.07,0.0,38.778177029064544,36.66234020413357,32.8336187932223
73.08,0.0,44.26018204177778,37.2625878641897,38.06288464144398
73.09,0.0,39.590406707857625,38.20692095019003,35.71298607534106
73.1,0.0,39.16820910898718,36.66497612835421,37.53585417813902
73.11,0.0,32.0714756587714,39.924864877009036,37.0250044045849
73.12,0.0,37.964954580796224,37.81014578761379,35.268301204861814
73.13,0.0,42.84853925731044,38.793724515718075,38.58652658859259
73.14,0.0,42.67985787321482,36.57827354070623,35.018942466682496
73.15,0.0,40.31449296731253,38.502309742824934,39.34351839820345
73.16,0.0,40.56798324039927,38.6229775681999,37.26541401954649
73.17,0.0,37.82691714851152,40.71854377917931,34.534515679228974
73.18,0.0,39.52068620719017,36.77231755084759,37.79326258055266
73.19,0.0,38.994003812637104,38.35817123706601,36.14112318461331
73.2,0.0,39.82165859005937,34.322776602893775,34.65238141083272
73.21,0.0,38.450087258553005,42.18762415954769,34.39952215958411
73.22,0.0,43.0744985512875,36.46814866254882,36.553916230176455
73.23,0.0,40.3574066328463,34.59309214100896,36.821170362837606
73.24,0.0,40.51889601955014,35.99627645933882,36.917312241171544
73.25,0.0,43.947643999536275,39.26901183523521,38.48094770916732
73.26,0.0,40.13356205289867,36.758118456441146,38.49963509010254
73.27,0.0,39.5935933624182,36.802611697586286,34.26829588002884
73.28,0.0,43.354265388536085,39.3692324507228,37.04169468931657
73.29,0.0,42.15019869856392,36.772199813627424,36.82511978433823
73.3,0.0,39.937290800010615,36.81275326546562,38.783193221587624
73.31,0.0,40.3961978260666,38.35758346123987,38.2125592000433
73.32,0.0,37.06937074892909,40.362250328418824,37.50451553269611
73.33,0.0,42.97175189057859,39.28862159043062,37.14673697897373
73.34,0.0,42.89324913872159,36.841733723141296,38.26181234608333
73.35,0.0,43.358431493895594,40.08581213462806,36.72182631273233
73.36,0.0,41.12333748247014,40.65952503652012,32.922192324695075
73.37,0.0,42.88402391055813,38.69447260497406,39.88859717631763
73.38,0.0,40.80973252828595,37.83780859042583,34.66540684331783
73.39,0.0,40.97725162152283,36.835717254766095,38.15671862105369
73.4,0.0,43.00013540636773,36.19836377547453,36.69163475841444
73.41,0.0,42.71453215369638,36.46389404796622,38.83874371253371
73.42,0.0,41.15763187723031,40.236973082071316,36.06414735229148
73.43,0.0,44.941655740294344,39.55115906172569,34.632347745776144
73.44,0.0,41.58110944955945,35.599653838385834,36.72966000824386
73.45,0.0,42.26220993738592,37.09412622305445,33.40636770985176
73.46,0.0,38.90293077095523,37.417458315519774,38.07852818979735
73.47,0.0,42.048760543101075,37.397138704421074,36.297367036332616
73.48,0.0,42.59242324655518,38.66960372442596,40.01634756551917
73.49,0.0,42.33322543367793,39.028201562193075,34.33546757034934
73.5,0.0,43.77262165847813,38.912559780909326,34.33560986198955
73.51,0.0,41.7148595031677,35.883952875139194,35.84650337461831
73.52,0.0,44.25178435780916,39.566974181339404,36.41550551262507
73.53,0.0,39.15150128187538,40.50987154697071,35.0089903815008
73.54,0.0,39.17066779186331,33.19645426902756,33.09497898467644
73.55,0.0,39.38364413828511,34.48869408669027,37.68945859512343
73.56,0.0,44.781404609767776,37.334638302343414,37.04130360371906
73.57,0.0,39.797854929031956,35.84694803477582,34.45671980388263
73.58,0.0,43.57440007291529,39.72043904655639,34.637198849285106
73.59,0.0,42.33753321811549,38.924810205428095,36.75350084388275
73.6,0.0,45.45099346442805,37.23068725974658,39.479016859338586
73.61,0.0,41.51042422560552,38.819338570217944,38.845955324115934
73.62,0.0,44.06808007558753,35.539466440872715,35.651515999421015
73.63,0.0,44.4259268856523,36.77840046871311,38.7691474916731
73.64,0.0,42.41109829152549,40.16003658447024,36.03298769797149
73.65,0.0,43.181960908693775,36.28500929118091,37.956296827267494
73.66,0.0,41.9850491969888,37.3957960255229,34.313843893723586
73.67,0.0,45.646253302971715,35.626286040619476,36.85129776782522
73.68,0.0,41.4781911416093,35.26158182566733,35.90941917734176
73.69,0.0,46.10699785656725,38.60932613150598,38.76055579322637
73.7,0.0,41.03461083487786,36.61039845678079,37.87043728183186
73.71,0.0,42.989404262729394,39.929932513755325,34.47938025880596
73.72,0.0,42.935073684062274,38.86412207198777,37.09365372373672
73.73,0.0,39.368480607606585,41.833289930253656,33.629496356108476
73.74,0.0,43.704275645001466,40.612120851957826,35.08038716342575
73.75,0.0,44.476529136175536,34.601061892844,35.94585139300168
73.76,0.0,41.83503103047426,37.04743474070528,36.13329928268378
73.77,0.0,42.185870248589374,40.83337868685997,35.04807769556364
73.78,0.0,43.243131926805674,35.05045228039713,31.375085166143982
73.79,0.0,45.855370407294096,38.59764115163749,34.23600710638705
73.8,0.0,48.22142901458742,36.447638975401404,37.96569416946289
73.81,0.0,45.50269997761393,33.83205326196417,34.430255465123565
73.82,0.0,43.55879407696364,37.35621125495793,36.719623418957106
73.83,0.0,43.80502691929524,37.11490244765285,38.72216784291217
73.84,0.0,39.6870722913021,35.4679849518827,37.475628786908956
73.85,0.0,42.604557115826566,37.974439028204536,35.07537782959573
73.86,0.0,41.603662368732095,35.86843286442032,35.2283749794192
73.87,0.0,41.43171322864113,38.03493847808737,37.28665435169938
73.88,0.0,45.07568843898513,43.362196951424586,32.74475207382649
73.89,0.0,44.738557513912134,38.179610182621296,34.46698970367995
73.9,0.0,40.68701893210542,36.43145286513187,35.24017378700419
73.91,0.0,43.3233343600185,35.75961357040572,35.909466274663046
73.92,0.0,41.3907452044166,40.304777335468614,39.26155351603589
73.93,0.0,43.36009484482137,37.01371310821369,37.4705145054269
73.94,0.0,39.28551255081015,37.87563329866371,32.962892481439184
73.95,0.0,45.88750894974741,39.84278084622106,36.875445820230354
73.96,0.0,44.78037232898843,39.231510379459,34.00794103264015
73.97,0.0,43.677182039701975,38.10302866791627,34.75703629019156
73.98,0.0,42.56065790740856,38.067351552699414,34.7087092246189
73.99,0.0,40.203298309189044,39.61537903556875,33.524147731286
74.0,0.0,42.894714944940716,37.67750256773832,30.695141999201645
74.01,0.0,40.956825741757136,39.900847911568654,34.987104180205904
74.02,0.0,43.453360052223225,33.11215924418118,31.06669843799677
74.03,0.0,41.266479178943925,36.70416326792177,32.34210633567439
74.04,0.0,45.679759356088724,35.81881112600929,32.32159323622295
74.05,0.0,42.34932293040382,39.33305187210275,35.01097171752288
74.06,0.0,42.22908584289788,38.33733155743535,36.50058238150299
74.07,0.0,44.995985860817775,37.40060017227422,31.52115535617485
74.08,0.0,43.707547099912674,38.04899964028867,34.1091316999483
74.09,0.0,40.89890582784584,37.4600854438925,31.741730778834842
74.1,0.0,43.59328737865835,39.04662831990501,34.954308352056074
74.11,0.0,37.896475411791755,32.762511544691996,34.335381283998785
74.12,0.0,44.74944363798819,40.4352580953417,34.17779306852404
74.13,0.0,41.20824569962689,35.90649205840538,33.14724580130983
74.14,0.0,44.11926706359827,40.44857560793425,32.10432164177172
74.15,0.0,43.96189653966689,33.982500312274404,27.93212516343625
74.16,0.0,43.42550074678448,38.801905272640155,31.150508824959743
74.17,0.0,43.06921774828398,35.98621127928887,34.54882372596853
74.18,0.0,43.553237309052626,38.17709144156895,33.22671831688509
74.19,0.0,43.59109470970359,36.39793136050405,29.35910659626192
74.2,0.0,44.08594694734345,33.89324721836846,31.190058942273524
74.21,0.0,41.60040123775014,36.753407195341744,30.965112911633884
74.22,0.0,45.744080252089695,38.49307285282968,26.637928213884084
74.23,0.0,41.28239883887354,38.87142284545937,30.998215625177284
74.24,0.0,41.80836801527173,39.6417632278242,27.791503852665844
74.25,0.0,38.70682188445718,36.00048009326478,32.156119181732635
74.26,0.0,39.98787975614351,36.77929426618358,32.15249234264484
74.27,0.0,46.12133631933298,35.284669623306435,32.59563932419784
74.28,0.0,42.94797704388847,35.64862483326961,34.07143662366185
74.29,0.0,41.224786156501736,34.43982339409508,32.94946404703715
74.3,0.0,42.06046150755656,38.9573041511603,30.327129065305908
74.31,0.0,40.205063998662055,35.52479080518107,31.054131229839378
74.32,0.0,43.88126426742383,37.84278174250536,31.732971072759995
74.33,0.0,40.607634867142416,36.94184539991124,31.427757915436185
74.34,0.0,44.06099243692102,35.06591307733328,28.617021802886317
74.35,0.0,41.92470789269964,37.876313063084375,28.540162017838234
74.36,0.0,43.157334033590885,34.778896668648436,32.71525303499187
74.37,0.0,40.28000754045356,35.17432772963305,32.63438280568012
74.38,0.0,43.63561586501985,35.89768732990289,26.964559716547058
74.39,0.0,40.82686975545587,38.80754676902183,31.086925352968738
74.4,0.0,43.79625992795283,35.94760308974433,30.271762623804307
74.41,0.0,40.738871284540984,34.2845036497706,30.81882345606649
74.42,0.0,42.84824343242719,36.32679307808346,27.786381213576515
74.43,0.0,43.935933958361325,35.27242867327802,30.59379296432166
74.44,0.0,42.563862002993034,39.824836572678926,28.554949827059794
74.45,0.0,40.12838250159952,35.14706227242928,33.057864262792215
74.46,0.0,42.82951258854666,33.62019918767221,28.026822553934174
74.47,0.0,43.094429706129,37.46685759931546,30.289065978210473
74.48,0.0,42.4773391233711,33.266546367903544,30.017944019259332
74.49,0.0,41.911568992634734,36.277105177668574,25.360047049507983
74.5,0.0,44.10254955732136,37.847866031031266,31.12286513102586
74.51,0.0,44.62554384715128,36.55356977481989,27.813349582641223
74.52,0.0,41.015824371158345,35.5101032262572,28.162277426619493
74.53,0.0,44.67945224876106,35.655190196244746,26.054824618903748
74.54,0.0,42.6459854264744,35.75312254324077,28.720791751502443
74.55,0.0,39.83990664819109,37.174249894127776,30.846708339925087
74.56,0.0,41.5442402049634,37.10253073256789,32.43978128907412
74.57,0.0,39.03508111981361,36.1536668602001,25.851136619500373
74.58,0.0,42.58992801560797,35.935857237792106,28.210821268443077
74.59,0.0,42.32392083564247,35.02269308079294,28.76152535252445
74.6,0.0,41.31283259935593,35.783058558519144,27.001270436053417
74.61,0.0,35.67011122621524,34.22869761287482,28.777368737271626
74.62,0.0,41.257145607770944,36.32534793585981,24.778500743833476
74.63,0.0,38.552485068302175,34.96122988505853,30.254613600053986
74.64,0.0,39.67074903584641,33.61697882006191,28.274258497571218
74.65,0.0,42.001384961522234,34.916606234458925,26.41921662092802
74.66,0.0,39.359148980288964,31.213021477791163,29.562772073602652
74.67,0.0,40.77081812364324,33.35290332752223,25.351659837878103
74.68,0.0,38.71979105927572,35.681966422552605,29.546946591831542
74.69,0.0,41.95154446344576,32.957554816069056,27.46190448255559
74.7,0.0,41.896569834682374,37.54216414021475,30.049088098713096
74.71,0.0,37.993243378176174,32.44987095846183,27.670015707881632
74.72,0.0,41.82357501191474,33.851058183533354,32.48599396321852
74.73,0.0,40.262945657009,33.595863397950794,27.73706322124339
74.74,0.0,40.37089527034567,37.03929152456489,27.759068742137885
74.75,0.0,38.99075868631447,32.80170169738438,23.984417854837826
74.76,0.0,40.264205071922994,31.700569615352165,26.48805597736542
74.77,0.0,40.42828359227785,35.23684647776645,26.004184429711398
74.78,0.0,40.83440238648239,32.67636598642927,25.884983019954543
74.79,0.0,36.50442156960912,33.54763620130719,23.339766841215962
74.8,0.0,39.568441334354084,33.71112905623331,28.40658154305631
74.81,0.0,39.3812624643298,32.240244537382374,28.307149604109107
74.82,0.0,42.04068373882733,30.70240794149249,24.34439804864938
74.83,0.0,38.47967599253967,34.02635482044942,25.500321379749284
74.84,0.0,41.304608743041115,32.84242168560806,27.80925058937354
74.85,0.0,38.45071411206891,32.11335232764836,23.518973766575076
74.86,0.0,38.64225661100473,31.840704196672938,24.646083483644972
74.87,0.0,39.35872239606723,35.74871808336957,24.218525141832117
74.88,0.0,39.331635909235224,31.94486656836715,29.51635611263371
74.89,0.0,39.82796465738608,34.77237170542709,29.870616508662344
74.9,0.0,40.522302776434444,32.69589643856344,25.084906497778825
74.91,0.0,38.051716347768796,31.15324381176481,24.47828431871011
74.92,0.0,38.8203095013249,32.21559034059245,27.368640491967838
74.93,0.0,37.59999419640434,34.32229732993872,26.833985067891202
74.94,0.0,39.000763723712716,31.56563732942672,26.3128860200063
74.95,0.0,38.15094400014771,33.59945079645575,25.403535671908443
74.96,0.0,38.81363469019296,35.57701952651488,28.523993358026203
74.97,0.0,35.56497438968113,31.749314077954903,24.521109863199378
74.98,0.0,33.969071771960344,31.495457046481178,24.56563052275799
74.99,0.0,34.87791661506693,30.80474928207315,24.63315637793701
75.0,0.0,39.97977209564154,35.772428456608836,25.24424479274934
75.01,0.0,39.315754718344195,33.76115175597299,19.555723580199608
75.02,0.0,34.415768059493544,30.556991924384494,25.25779895490546
75.03,0.0,38.87158917102142,33.49045246847174,22.64246727814692
75.04,0.0,38.19143845836687,26.938743365383683,23.596531314677247
75.05,0.0,32.16223085780517,29.855810332084573,22.522184519861188
75.06,0.0,38.96937909914268,30.505832667060034,26.297459218142095
75.07,0.0,38.56606777665248,29.165148964324946,21.835607668099534
75.08,0.0,38.61592356677222,31.164242018842813,25.28908682628999
75.09,0.0,37.53813772680108,26.98449862491492,25.067843646565255
75.1,0.0,40.11636969929573,30.427174071497046,26.17659181231496
75.11,0.0,36.41195671914639,29.207985777073223,18.994863536315123
75.12,0.0,37.127280494275716,32.41204799334369,23.275795567214335
75.13,0.0,35.17114022585808,33.026911395166486,25.586928386352366
75.14,0.0,35.537224269063344,34.579645409208794,25.25026338957069
75.15,0.0,37.13792737081554,34.33542904995668,24.612078745245025
75.16,0.0,37.289891139154186,32.2426694221369,23.19952104582709
75.17,0.0,34.36814660430796,32.188633090402256,21.309319105456076
75.18,0.0,31.88055948640256,32.42560853635274,23.562285342900353
75.19,0.0,37.352419705818505,27.91950117523225,25.52386660920538
75.2,0.0,40.80412350604925,30.295242672867925,24.45347896464229
75.21,0.0,36.26073521657711,28.310173206846724,22.06157917510226
75.22,0.0,35.64230008297576,27.31728042520893,22.72285175542686
75.23,0.0,36.456093973915884,31.22965950687198,26.018217337537013
75.24,0.0,32.76395435122757,27.714519504855623,22.098243742660493
75.25,0.0,36.68342573897049,32.89760214470704,24.742256585322327
75.26,0.0,35.866480949476035,31.98460416530079,23.641707571899147
75.27,0.0,35.57525652801007,32.1899015659957,23.61009968852837
75.28,0.0,37.22016711650645,31.43817808098696,24.406074893616385
75.29,0.0,35.861887268862986,33.181711546791625,23.245891687161016
75.3,0.0,35.88673514000881,28.83408800060316,19.733262298650164
75.31,0.0,35.736262954096624,33.521668471635984,20.879081524936446
75.32,0.0,31.573103895459912,30.056580749973513,24.489715131688474
75.33,0.0,34.122464783161156,25.12437246030147,25.33769778093772
75.34,0.0,39.81853461642097,32.76766076583905,22.792673625785376
75.35,0.0,35.98032182078632,32.57333330804644,19.680476237659477
75.36,0.0,36.4318712821424,29.616782173969245,21.835545594284092
75.37,0.0,36.01399563578737,29.251545778278487,18.824738388435176
75.38,0.0,36.85430543539144,33.368341117106155,23.678875772171665
75.39,0.0,34.210420357849934,30.035305790394684,26.449963319519124
75.4,0.0,33.20197034636676,33.02692014411734,24.372687756892425
75.41,0.0,34.755092770555066,30.888442218403732,20.33574433231788
75.42,0.0,34.997299360895475,31.086715257826082,20.554329741418993
75.43,0.0,35.12251992713795,29.706646189373817,22.811696399536107
75.44,0.0,38.93881137747506,31.17900766687595,23.520573739062513
75.45,0.0,33.55009781698991,29.95374810096678,19.156868136718934
75.46,0.0,38.57191137409081,27.263803638495446,21.258162247881028
75.47,0.0,34.554855424773756,25.24733578467669,20.18671322720606
75.48,0.0,34.74598297124991,29.67174307050657,20.424615874000192
75.49,0.0,33.80234408632622,29.656610696309848,20.137782914506978
75.5,0.0,35.07975382997337,25.927525202176344,21.76701469793248
75.51,0.0,35.316142708635084,26.591548798188985,18.883439557438926
75.52,0.0,34.10406161043458,27.6352949113933,21.35327958075085
75.53,0.0,33.975752433750415,28.996924427428123,24.444048353817553
75.54,0.0,34.207532666376096,29.810020893141818,23.50208876239943
75.55,0.0,32.757108604838294,28.20257699225777,23.435353002104335
75.56,0.0,37.501425411507284,27.883772502182335,21.81348382553781
75.57,0.0,36.342360743678086,30.259217133433925,22.727608303513378
75.58,0.0,34.097598548239716,31.12004596396876,24.35783326603437
75.59,0.0,39.70064421976196,30.545289851157342,18.19422290680453
75.6,0.0,32.456339266255824,27.57317803165475,19.806734265202746
75.61,0.0,34.214654421735986,28.683316732971345,23.50151659009784
75.62,0.0,34.47042626688554,29.707814391946705,24.66570533453963
75.63,0.0,32.175297372764625,29.85063002297222,22.186351638223663
75.64,0.0,31.151106270659763,26.32517597876745,21.1952568789751
75.65,0.0,35.13167808988144,29.12262370222875,21.995125725852045
75.66,0.0,35.72567201024316,24.680816040783142,21.509885691327952
75.67,0.0,31.000823731446072,30.303031895418975,21.450111630105408
75.68,0.0,34.76772910102347,31.48756539290714,19.72206899106331
75.69,0.0,29.052442304871306,31.13924625641031,19.60947892337868
75.7,0.0,30.833782533179665,25.860318754519213,17.609947350620985
75.71,0.0,32.084553879268285,31.79209068316143,21.520870834996167
75.72,0.0,31.546034202329448,22.335758479773343,21.548147926430616
75.73,0.0,33.77791819314759,29.192482383762616,22.780923654093808
75.74,0.0,33.24679122707483,29.565457672794476,19.044067796010985
75.75,0.0,29.25291554439443,28.255506025391714,15.278447661780652
75.76,0.0,34.48472190218204,27.690811892218502,21.95517623425881
75.77,0.0,31.12842588824737,28.828090512667934,22.942327917013387
75.78,0.0,33.44822190990593,30.68473250301068,18.587675783611555
75.79,0.0,31.51839597205111,24.18678184780586,18.7792932280317
75.8,0.0,31.39898176745299,28.91832237771491,21.23093899461737
75.81,0.0,35.859375926230555,24.544940282361182,16.756013081933396
75.82,0.0,33.06605267711748,26.59027536741883,20.95606575558348
75.83,0.0,30.90549806392657,26.67498444301301,17.783730319636597
75.84,0.0,33.58359987134611,26.45772681239373,21.80047817538099
75.85,0.0,30.951680129356127,27.589848457005584,22.048787937469182
75.86,0.0,32.983826299334666,26.2793074781743,19.99482599298336
75.87,0.0,34.46251531757731,30.69207780394546,22.017907896673897
75.88,0.0,33.33350410441396,24.15507339612652,20.839014474188115
75.89,0.0,32.594781501003865,27.40347470055193,20.66723171233677
75.9,0.0,30.522633781740616,27.046505522449415,20.607066195334497
75.91,0.0,33.05442372031315,28.326868168730744,21.3314218388822
75.92,0.0,29.424545204440697,28.005912368938617,23.249103158231303
75.93,0.0,32.90144541837109,27.23417145209627,20.127536091025554
75.94,0.0,33.291140686574735,32.73726070525225,21.497717662979287
75.95,0.0,27.313566852652333,27.75383468818741,22.15768068593919
75.96,0.0,29.702634064900057,30.161577073416424,18.627764005934694
75.97,0.0,31.47114101448702,27.814980953808526,17.685080020677482
75.98,0.0,31.780634453779815,25.126710913607624,21.265162180940976
75.99,0.0,31.863437872595796,28.818985480325274,16.819004961864056
76.0,0.0,30.979447816709385,29.243086541647347,18.51716056086701
76.01,0.0,32.290001947530065,32.15048299920683,20.39793535596546
76.02,0.0,34.68735823964847,27.940368250831806,20.948927321707032
76.03,0.0,35.81767845170758,24.793041529822833,19.172039016644973
76.04,0.0,33.61614012888596,31.002626957013554,20.85413013665904
76.05,0.0,31.775015673683708,26.584374336223387,17.94477757343197
76.06,0.0,30.824653282234866,31.018618380758266,18.454770782002846
76.07,0.0,31.301359941052127,27.441827260216925,19.328155256448042
76.08,0.0,30.425784508566263,25.28567300163954,18.746643393298676
76.09,0.0,31.405154990064464,29.64217268816715,17.749497727128396
76.1,0.0,33.607196419664476,24.849352927687647,15.974708461020379
76.11,0.0,30.460651158548306,28.18453466543624,20.677232634206828
76.12,0.0,34.29848901457504,30.354225577080573,18.18027525277097
76.13,0.0,29.822775000981657,27.315015355225732,17.370858243095302
76.14,0.0,27.703766876844043,26.728396424266805,19.763056142717424
76.15,0.0,34.31613091196738,29.096498119872358,18.375843804101116
76.16,0.0,34.41559910435444,25.11166365051954,18.748387304214553
76.17,0.0,30.66254086377255,29.752201625989553,18.344134502429927
76.18,0.0,26.862914137066117,28.230703318628194,20.914447425657258
76.19,0.0,31.366195381994082,28.341354050353566,19.920511846006843
76.2,0.0,31.52225431347592,27.36601277108936,21.94679879863665
76.21,0.0,29.339781910099678,29.651119357596396,18.85614486927085
76.22,0.0,28.579919963875938,27.014025788227404,22.19466942969146
76.23,0.0,30.415636445996046,27.033238997466455,19.554580448277097
76.24,0.0,30.264117155786863,26.65485387081495,16.39488107772993
76.25,0.0,35.09954393718301,28.137479782882167,18.130044761805973
76.26,0.0,30.756425457761186,30.921807874640344,20.995626458437613
76.27,0.0,30.785625892948683,24.39364750705386,18.696628088967866
76.28,0.0,31.367224236746807,26.47470893181946,17.92268192835482
76.29,0.0,36.70560298308952,26.83596515033889,19.915046811655028
76.3,0.0,32.2073841474558,30.22198190698002,21.430042994953254
76.31,0.0,37.32098212340902,27.354982493805235,21.303080202008637
76.32,0.0,30.769379493621653,28.189707310021777,18.092511034153162
76.33,0.0,33.53532497484937,25.40597507142367,19.565785514742302
76.34,0.0,30.865886459362972,23.07651138244891,18.884081447108464
76.35,0.0,29.226224259159785,27.246768278677695,19.419526354081114
76.36,0.0,35.484274904471185,28.67311946778244,21.5706489000125
76.37,0.0,28.915576602161448,27.043424271238482,23.46936894150229
76.38,0.0,30.500976023689425,26.30329572916963,20.311254515726098
76.39,0.0,30.672597739105434,26.47846820784582,16.688892125208397
76.4,0.0,31.79752580010133,26.885198220549036,22.391633738355893
76.41,0.0,30.86004186461971,28.750747966085125,17.22897650082065
76.42,0.0,36.492529624536395,29.111470467894502,18.617018154239968
76.43,0.0,33.730258562548904,29.05434506732357,18.922681739289033
76.44,0.0,33.066433693891035,28.229677849845967,19.949489327181443
76.45,0.0,35.01213607499079,25.68282564650847,21.692748200062475
76.46,0.0,29.417292423758838,29.16391194833704,23.45341071307868
76.47,0.0,34.114265788651245,28.66822198372761,23.590533878840777
76.48,0.0,30.10375297306521,24.873427007096076,22.489474108946727
76.49,0.0,31.932716894937542,29.903514324116742,19.322067715711785
76.5,0.0,33.428826633148496,28.06163204688254,16.913952540385566
76.51,0.0,35.24354550469779,24.24389271272331,19.909442756328254
76.52,0.0,38.82553971615259,27.920769955532208,19.54018471645039
76.53,0.0,33.08242697778449,30.150291780814374,18.505797197104418
76.54,0.0,27.682493049697687,26.029025669631185,17.9831987889588
76.55,0.0,34.44417433785405,33.04362700368399,19.15964545428463
76.56,0.0,29.25087976440278,26.8516954352845,21.465752258704647
76.57,0.0,30.493818815405092,23.93584686150168,19.154388320781788
76.58,0.0,32.72620337165939,25.974967092321457,22.513294100204547
76.59,0.0,34.20052977149207,29.80120696237914,16.600120792864715
76.6,0.0,27.740980986433115,26.438812810491786,23.733123771611986
76.61,0.0,32.54104207071036,28.801359193358955,18.53881099689759
76.62,0.0,31.232154097440713,24.199684403669405,27.252559478397135
76.63,0.0,29.203367869636384,28.322785374012597,19.310903796437437
76.64,0.0,30.11078631503778,24.817935276689248,20.321674511412574
76.65,0.0,32.88546472890268,23.4725341976785,22.9556103951518
76.66,0.0,34.91180344626067,25.76683835795834,18.790952464472497
76.67,0.0,30.837575187156293,25.858954256643035,17.4798250723913
76.68,0.0,29.899518441751873,26.521807020879542,20.476104672457137
76.69,0.0,35.74343841599043,29.636181738840097,20.610105713852015
76.7,0.0,31.81491951039859,25.590016285658844,23.231914962731032
76.71,0.0,29.86313274982908,27.613356151513898,20.437160910988986
76.72,0.0,30.954116840946718,29.8176268999337,19.916026144277275
76.73,0.0,32.21682344271184,30.85705270644263,19.92079154719094
76.74,0.0,33.6695653815447,28.27465721714151,22.93306583899573
76.75,0.0,33.3615109332827,29.004225079987336,21.764499187268854
76.76,0.0,34.92517724584515,30.10137429004304,23.587198148675448
76.77,0.0,34.40024945098879,32.55123436377885,23.304492921200406
76.78,0.0,33.205296595192856,28.80753201161513,18.33880217347355
76.79,0.0,37.1562602518713,29.10955002657356,18.5697040867309
76.8,0.0,34.29347301311389,29.096998094530836,19.883498146036622
76.81,0.0,34.77034282118978,25.4503397647068,22.204735278702906
76.82,0.0,31.01048688886149,28.286398832968587,21.720637514212708
76.83,0.0,33.45489975764607,25.108262034844174,23.464763729784366
76.84,0.0,34.945638094653894,29.498618598721134,21.474528195114917
76.85,0.0,30.941621926130015,27.634849223218147,19.411798949590054
76.86,0.0,35.968395138886436,27.213931467757835,19.54722069493307
76.87,0.0,32.54434020893988,28.727061059594888,22.03671984895248
76.88,0.0,33.63041862870436,30.960800307488903,21.57210918411111
76.89,0.0,32.13487031522163,28.202060957108372,23.53427866208681
76.9,0.0,34.917606618635645,26.99364822720733,26.87846080739378
76.91,0.0,34.02690107349371,28.014826319391705,28.2702129471748
76.92,0.0,35.78890124253323,30.562188914852964,21.134350223169
76.93,0.0,32.513145707021394,31.2710451807117,24.03270004711229
76.94,0.0,35.81644995181784,32.3620737709376,23.174058757820074
76.95,0.0,33.05161371430823,30.52332016115125,22.429936054703738
76.96,0.0,33.37652704250022,31.397145909471334,22.745829136266103
76.97,0.0,37.31086431439662,31.047285506379872,19.50309947984263
76.98,0.0,35.242660266916246,28.344158089515624,20.13118749294158
76.99,0.0,35.05438747295755,30.49848363490155,21.758117280192664
77.0,0.0,31.036856647373256,28.056539531318062,24.558447811274284
77.01,0.0,32.2507797897156,31.21043958333652,23.93162892162197
77.02,0.0,32.428177071221086,28.105379608629356,21.628215347590107
77.03,0.0,41.1568275164652,26.863043448224545,22.53449909474008
77.04,0.0,32.81257655239172,27.182178816013714,20.060363273972907
77.05,0.0,36.390872538180545,29.952310447057187,21.340597004186776
77.06,0.0,37.253754553099725,29.086000800199233,21.617118801667015
77.07,0.0,34.23299198104957,26.23873278188889,19.105312014985966
77.08,0.0,32.897750195198206,29.404530484076165,28.23691217787029
77.09,0.0,38.148903280246465,31.52488891356392,23.67048118486879
77.1,0.0,33.797696514658774,31.37624984924574,25.0732224018667
77.11,0.0,35.950109016029174,30.928831103002803,27.54034702122707
77.12,0.0,36.45483978362984,30.230451718507027,23.948214075974093
77.13,0.0,37.98948161059002,32.2165381305027,21.871390912156336
77.14,0.0,38.19050781690151,32.13363947190895,26.71537929592895
77.15,0.0,37.02846457766688,32.09193132148304,23.262064148197375
77.16,0.0,40.387638973696575,27.443433193211963,20.672045521833496
77.17,0.0,36.05965254787234,30.42318889061953,22.159756428583258
77.18,0.0,34.206578557730836,28.914802448029292,24.219464069624095
77.19,0.0,35.5740704873429,29.43492760485745,25.701041147247164
77.2,0.0,34.90092585561926,29.040918850001134,25.69885404601423
77.21,0.0,36.58973719082242,28.350789688153704,24.502598677723075
77.22,0.0,35.57325441743444,33.5321855106812,20.294339013537677
77.23,0.0,34.80097392493783,31.377927705805202,24.97259694408891
77.24,0.0,38.10799880355726,33.12044150777181,23.73282666534701
77.25,0.0,37.05579185698573,29.48216811737919,26.40519793742856
77.26,0.0,39.1926299473041,29.534973711561566,22.05057696900031
77.27,0.0,39.25148880244907,34.49317960738091,26.924150075257696
77.28,0.0,39.17021951406422,30.116350231749568,24.20376321333336
77.29,0.0,35.225395120592026,33.25438108322286,24.862340424202877
77.3,0.0,35.27309448000996,28.854243032010913,24.31717401632826
77.31,0.0,38.30296685338701,34.848663623723844,24.820722500960827
77.32,0.0,34.58936728313469,32.17913150757314,27.442532073096128
77.33,0.0,35.94661689750594,32.5162094933378,27.098048655993576
77.34,0.0,35.8815404120511,32.96596240550531,27.784458740864046
77.35,0.0,38.7407338731407,28.85899876649315,22.535570173902627
77.36,0.0,38.5500995232011,32.422705301603195,20.437187526673156
77.37,0.0,42.53596069810944,35.24108179741584,25.63965463428202
77.38,0.0,39.655066790556305,33.176990114548005,24.37890546602747
77.39,0.0,37.464162548381,36.05502448346116,25.044842995072287
77.4,0.0,39.238943297326905,34.147545621972384,25.366082000981304
77.41,0.0,35.93318150081493,33.523434668977224,24.616598975112055
77.42,0.0,40.63915857776941,31.574841788169806,22.977792245505203
77.43,0.0,35.36690700093165,31.872120763437213,25.22662283509387
77.44,0.0,37.93847815106457,34.813778715364194,27.11469451469641
77.45,0.0,37.838544572727066,32.26873419698416,25.886211517440767
77.46,0.0,39.2551306283575,31.310888157191933,26.977375735624967
77.47,0.0,35.79010642946244,33.35241837588408,27.123328065868254
77.48,0.0,39.64006174530211,29.80706750976308,29.093545837416393
77.49,0.0,41.689961276482535,31.701121594511495,28.009288514987556
77.5,0.0,41.0061783784902,32.98701003343163,27.683920513905594
77.51,0.0,43.02683189618303,35.01888612011703,27.615851842436616
77.52,0.0,41.83363993385278,33.186175394201655,26.776839241712217
77.53,0.0,40.478308290635205,35.69899523902076,27.445199525106354
77.54,0.0,40.81709783899145,35.59970591212655,26.46458296254692
77.55,0.0,43.451099744329994,36.36163417596131,22.636008805287826
77.56,0.0,41.73307204326441,34.43302193267564,28.914391479098505
77.57,0.0,40.7819589300378,35.43899424025645,25.634185305212196
77.58,0.0,39.3191264977655,36.688481397631996,21.64968522508435
77.59,0.0,42.90330613379021,33.7341699729841,27.55084048152557
77.6,0.0,40.83060992154966,34.266598446467874,26.09893991940852
77.61,0.0,39.256660222781186,37.08025253395146,27.115446160190427
77.62,0.0,43.09113315627638,35.003558573053795,24.315433347026833
77.63,0.0,44.50266395544899,35.0421921808773,26.63858248708924
77.64,0.0,38.45290499434857,33.22870079582652,25.715784076511113
77.65,0.0,39.190040165950755,33.66719298721326,27.191227473058007
77.66,0.0,37.13464519333145,34.81267433605335,31.434007271383756
77.67,0.0,41.111537383383805,33.347639042260695,24.563666705672944
77.68,0.0,41.57001876719256,33.26669441331798,29.190107421777075
77.69,0.0,40.87073390766171,38.405982787334864,28.948810488319793
77.7,0.0,39.59953977338453,37.34286207987131,27.532619309312473
77.71,0.0,38.65025218972039,35.54215070957237,28.359950529527648
77.72,0.0,39.19422740422799,37.2564213278349,30.206966718029015
77.73,0.0,43.886343661829166,31.33312794181787,28.359197292239738
77.74,0.0,41.79260059347483,35.75292245818625,28.172089703043312
77.75,0.0,41.60759260359958,38.04214490855385,30.092983710986815
77.76,0.0,38.97326483481027,36.66976362006224,26.728723390905493
77.77,0.0,40.42835417462295,35.940966708515845,28.682408719177555
77.78,0.0,41.88362859087889,37.15938043565286,31.141090006520347
77.79,0.0,39.720692855405254,35.89592166945151,30.763101883393972
77.8,0.0,39.31972806085854,36.166841072340944,28.13667732973392
77.81,0.0,40.82050982669204,34.447120249674114,32.18879599329061
77.82,0.0,41.13120597299193,35.97556955532884,30.210799107886714
77.83,0.0,39.48267279216427,34.12264378503274,28.599011971908627
77.84,0.0,40.92541323831016,35.38713085638881,29.717905664429257
77.85,0.0,44.482250143767864,38.92155734670455,27.09133043338339
77.86,0.0,39.92590738969706,36.516657116542554,31.26442700118289
77.87,0.0,43.8595987179759,36.07532639011763,25.783769460443445
77.88,0.0,42.9072200610891,34.2292807474582,29.61390632550934
77.89,0.0,41.268282847692845,34.539110964828375,29.545400804661156
77.9,0.0,42.084450312259975,37.087624921447706,30.6611913004708
77.91,0.0,39.64812512639394,34.69596395949417,29.88154209636081
77.92,0.0,44.49062055948483,35.968494279936316,27.89523098913267
77.93,0.0,39.95331792529961,36.191930852056686,32.72899213505169
77.94,0.0,40.161144172773646,36.70830874241075,24.873525813154775
77.95,0.0,40.557426872685966,36.49548048801965,32.79663430912782
77.96,0.0,40.67612929449841,36.056379006120686,30.406434477556758
77.97,0.0,38.467006162405724,36.9084099520263,31.718376557543635
77.98,0.0,41.75469849023344,35.5809318624203,30.82599271244189
77.99,0.0,44.29829095483397,36.4051142441692,28.259764892996184
78.0,0.0,40.891341978994596,36.10661330179357,29.074845544506445
78.01,0.0,40.434222290184685,34.1401660452018,28.377394439410736
78.02,0.0,45.22719862022693,38.23630271649747,32.91982773267405
78.03,0.0,37.964966464128366,32.59141593221291,32.627678766126934
78.04,0.0,43.002208760850365,35.25539531604797,33.61261142436818
78.05,0.0,45.1510539827241,39.7084732797931,30.504062744585053
78.06,0.0,43.34035101141101,33.76417875492169,33.55274824801463
78.07,0.0,44.638354312780116,36.899982766609774,31.574953212922892
78.08,0.0,42.354069997915516,39.40069617110417,29.572252261394272
78.09,0.0,42.74944091671514,34.169170019372444,30.79629007569924
78.1,0.0,39.47593795549831,39.226469194061835,33.787633100357304
78.11,0.0,43.30750097382825,34.329271730364624,33.49572280601913
78.12,0.0,45.07194142131848,35.13909315175992,34.31122899223511
78.13,0.0,46.89155275032397,36.93641732276035,32.030921929787084
78.14,0.0,41.186668245687294,37.44052270579766,30.06454978636572
78.15,0.0,41.19547334138894,38.46004365126752,32.997245543554605
78.16,0.0,42.79175972754042,36.56782820382772,31.567780618803262
78.17,0.0,36.90501984462701,39.229610931890946,32.78736993166385
78.18,0.0,44.34802679071508,37.969339595243916,30.413301904607707
78.19,0.0,43.51063317501147,36.977310035638475,34.94311118646976
78.2,0.0,44.061764610747794,37.951600436496484,35.96735603723326
78.21,0.0,38.8441311581162,35.858356078023256,34.21479029868264
78.22,0.0,46.46012007551018,37.06392034365998,35.63652860928439
78.23,0.0,44.9731880967587,38.9236798520576,31.733883871253433
78.24,0.0,46.13050338764723,39.237673940195165,34.22083801122863
78.25,0.0,43.8314501760861,35.65880493360061,31.853252206976535
78.26,0.0,45.23643139685289,38.47968087813968,33.710166781592726
78.27,0.0,43.371022622885924,36.101033058790826,33.69248678094631
78.28,0.0,42.30626269278934,39.43210669259441,33.73953279268843
78.29,0.0,40.784691190199155,39.4482581732695,31.912065065576137
78.3,0.0,44.413668822302775,38.84915320805086,32.27706176625437
78.31,0.0,43.48877872040632,39.93447865780617,30.41937967404632
78.32,0.0,40.98340082120845,38.000761588157374,36.38469706976346
78.33,0.0,44.63577115592295,37.0935537108928,33.53285824101682
78.34,0.0,41.91861012427583,36.02488839257094,34.12010777045726
78.35,0.0,41.303289493257,38.327507354664846,32.56442779013788
78.36,0.0,40.67298415632144,37.920621029654484,35.141261250332505
78.37,0.0,42.58948884607869,36.59498416417116,30.224518035763374
78.38,0.0,43.895753425174625,40.98865228212181,34.79868830032874
78.39,0.0,43.309016241503784,38.635167745776734,34.481110807990085
78.4,0.0,43.62615294418232,40.6257415389173,35.64704981678609
78.41,0.0,45.69989643802606,36.521803453775604,32.294221602176776
78.42,0.0,45.62283578357737,36.42094129255497,32.71320394166246
78.43,0.0,41.78059780893166,36.27006221446533,32.41713629772115
78.44,0.0,45.80148742481089,37.666640387751194,34.63179323646252
78.45,0.0,44.06212170346602,40.76932936125687,34.350760138704736
78.46,0.0,40.764098477608194,38.83542136263315,37.76498479870534
78.47,0.0,44.74430159966631,38.45746126414039,39.44582110990584
78.48,0.0,43.53556424351926,35.89603462959811,34.62979152574046
78.49,0.0,44.485605150951066,39.35665154107001,37.8220000929576
78.5,0.0,44.23321145657306,37.049946830292846,33.73023741057614
78.51,0.0,41.1049974819963,37.582304024700086,36.84261864014193
78.52,0.0,40.67798738179743,37.23422209794396,37.37363361203036
78.53,0.0,44.07066364930371,35.82026358273215,36.320936079192386
78.54,0.0,41.40770787243979,39.149007316440944,35.408263554930095
78.55,0.0,43.490349238304304,37.26182781075206,33.783355739468334
78.56,0.0,40.56953936140651,37.78211941636632,36.00632736356425
78.57,0.0,43.34266349443817,40.76075826514303,32.859447566106674
78.58,0.0,46.00513752172418,39.49723875685106,35.549642216800656
78.59,0.0,43.366856740368085,36.699680804603496,36.6423407190712
78.6,0.0,43.62473587177348,39.33799105271304,35.34923949392734
78.61,0.0,41.03632802182963,34.58549480323288,35.9733607811534
78.62,0.0,40.14696926974424,38.868462501256786,33.694380931120335
78.63,0.0,43.432481264117996,40.870006777640135,35.148758635065555
78.64,0.0,43.80327032900266,40.81845247971215,31.34651143535378
78.65,0.0,40.77871802359644,35.11922512592133,35.08387751888676
78.66,0.0,44.71449493610831,39.589038075811715,39.63987581035978
78.67,0.0,39.70887825972153,38.02578383946461,34.361372874069744
78.68,0.0,44.61174142308454,40.37774088343758,35.60435451725785
78.69,0.0,45.26002698757175,39.01731316689414,37.29319275734188
78.7,0.0,41.16326163777152,37.194795582673486,36.73307256100703
78.71,0.0,42.79413905283156,41.95846970997215,36.335029429385735
78.72,0.0,40.43027492353033,36.83709343034623,38.266148043782074
78.73,0.0,42.157330806510664,37.22942296713781,38.732885084056015
78.74,0.0,42.787021230723,37.39461067700963,35.027208750887716
78.75,0.0,43.13306293693743,41.8882031901223,36.705387995530515
78.76,0.0,45.3085463398312,39.24384251821835,35.64126353254303
78.77,0.0,43.45545582541401,37.81015082180301,37.1155879870714
78.78,0.0,44.67664237200174,36.084339849655876,38.72056591283178
78.79,0.0,42.49750264893365,36.782511962466884,32.63138439225755
78.8,0.0,45.045241648902845,37.96931872551858,36.96038934496385
78.81,0.0,44.11726843416836,38.80528787564563,37.30242901278664
78.82,0.0,43.599088559702935,39.635315502762,37.69899940463666
78.83,0.0,41.17979580854913,43.32693711468217,36.72756594166957
78.84,0.0,40.738822386234276,38.52551029070725,41.181511374957076
78.85,0.0,40.85366108878933,39.59768381818201,35.57497489680332
78.86,0.0,43.339535989676115,40.60018554885834,40.152988641537696
78.87,0.0,39.55957822903417,37.75664534740477,37.91506551664292
78.88,0.0,44.00105526342413,39.94646562554232,36.94136059129206
78.89,0.0,42.049259850225944,37.6416666542713,36.20451125164768
78.9,0.0,43.452773002028614,39.59367781351813,39.82816130692592
78.91,0.0,44.679638046017985,38.13958138230909,37.92765503680281
78.92,0.0,44.00352015043215,38.36950144793857,36.348962444524695
78.93,0.0,43.89191128658932,38.853876041032194,40.90008356853252
78.94,0.0,45.14911264939028,40.7900954777156,38.636333303566865
78.95,0.0,42.59977068012905,35.45911263548335,40.95360624880456
78.96,0.0,43.15429649573992,40.53471989424966,35.22803488969115
78.97,0.0,40.28622371169911,40.38383690224186,34.8572507294456
78.98,0.0,38.70445557656773,40.14462120170018,40.42005564651209
78.99,0.0,42.86859117507845,37.171923263567216,38.47828775436093
79.0,0.0,43.33870635886707,40.78764968098176,37.71733454244562
79.01,0.0,41.695161962603805,40.9039065576859,38.30117019968537
79.02,0.0,41.75492308520729,37.476552128815314,38.464240758350826
79.03,0.0,40.986119256115465,36.5674687947774,37.91959330547583
79.04,0.0,42.095564295967044,36.59819657017439,37.25314359509801
79.05,0.0,41.33410306071523,36.873386933308616,35.98678396628816
79.06,0.0,40.98235833578479,38.651524511160304,36.418761114492234
79.07,0.0,41.54137113048196,40.01789630333738,40.1009696735735
79.08,0.0,44.67483837076522,38.807971935825535,38.26528492365535
79.09,0.0,42.913145718743095,40.218582128009665,35.74517072008458
79.1,0.0,42.63855941566306,39.743533577907634,38.08956812917841
79.11,0.0,37.129596177212086,36.82964848557537,41.82233705985591
79.12,0.0,42.19115931924226,42.268973353525354,39.57058652465723
79.13,0.0,41.16537084210152,40.40835249334737,38.1780546549838
79.14,0.0,39.78965985935797,37.43088401613404,38.561450402786946
79.15,0.0,43.16901621393231,40.18330764661363,39.756621416623965
79.16,0.0,40.1638769334396,39.52829270260902,41.42022291444199
79.17,0.0,42.32947845789232,38.02122882539701,37.81160363472777
79.18,0.0,41.263036434295024,38.85980536546236,37.059471131447964
79.19,0.0,38.527447135061,39.42704289286305,39.5956861181487
79.2,0.0,41.65038558704313,40.10519094564888,36.38699671026678
79.21,0.0,40.445572450583064,40.521961758742854,35.172119389376505
79.22,0.0,37.97641228405148,36.55002946040926,37.84819258419395
79.23,0.0,43.1418031905538,36.07536902188714,38.42560910029999
79.24,0.0,39.812751805630484,39.13128116269964,38.964641024520404
79.25,0.0,42.1503943354351,37.34194560075694,37.51941792911728
79.26,0.0,41.33687282863326,39.61984751458477,38.30781240509343
79.27,0.0,36.25566697112892,37.78601112001999,40.24807257623007
79.28,0.0,38.83570298056577,32.00960183631056,35.715828752421714
79.29,0.0,37.29740166776502,39.96029692438812,37.76814277251336
79.3,0.0,34.709571678125165,38.10434002684775,39.29347229369172
79.31,0.0,33.54204545385042,40.91525169055647,37.21361909498244
79.32,0.0,38.95514798804587,41.50678964782114,41.49107704479578
79.33,0.0,41.230259223966165,39.14751710159155,39.51407281564767
79.34,0.0,39.14448415686633,39.023528007895116,38.87970317360274
79.35,0.0,38.84271930359915,35.533977797866754,39.653636008997545
79.36,0.0,39.22649850022584,40.29830334858613,40.72028176018181
79.37,0.0,41.181960572294564,42.24284952173648,36.259098779988975
79.38,0.0,42.274797137201396,36.4143410249468,37.3031047614018
79.39,0.0,40.109452708913295,38.456930751297485,37.92730149742492
79.4,0.0,41.64989654300603,37.61702900092555,32.69089472653889
79.41,0.0,39.394907155765445,41.42524372955665,37.11261198421693
79.42,0.0,40.31459475974158,39.42263425588549,34.72825794342358
79.43,0.0,41.686980155012506,41.11671786520479,40.03277895752208
79.44,0.0,41.28997835148603,40.606372666756876,39.48703680317439
79.45,0.0,43.8463908458619,34.5924927924025,40.09250250873047
79.46,0.0,42.10942217015778,38.468081583345985,37.727071742619465
79.47,0.0,40.46477585873241,35.23721905467873,38.12139682952255
79.48,0.0,40.955392797978014,36.72245612566464,35.277470244284366
79.49,0.0,39.923542476847615,37.18447393040525,39.35733535129877
79.5,0.0,42.24240467295157,40.28128550993648,39.10139631778054
79.51,0.0,38.4692681624058,35.963102633059286,36.291965938533394
79.52,0.0,38.77570731965879,40.75517909558013,36.51789738103279
79.53,0.0,41.78205084526723,39.2335068204382,35.8760454423716
79.54,0.0,38.127607199983515,40.007019311129184,42.12422187113723
79.55,0.0,39.18799069364497,36.66549196594663,37.033366345316104
79.56,0.0,41.85574210447203,36.31997818817004,37.93636368785321
79.57,0.0,39.83159462963048,39.72653980239209,38.471176486449174
79.58,0.0,38.08483116741592,37.8463269796939,37.12329542512966
79.59,0.0,36.35427487753028,37.47047488681083,34.61036695750647
79.6,0.0,40.078613957107635,37.06628916378814,34.61822050219037
79.61,0.0,37.42889179555129,36.31773028851907,37.23492544405427
79.62,0.0,36.791913957634236,37.089811872177435,35.51206546821213
79.63,0.0,41.14348863603113,40.30859252851867,37.81617248872985
79.64,0.0,41.5050416708742,39.27459006189461,31.35955699059283
79.65,0.0,43.00188002460348,38.37348770009841,36.15195951633209
79.66,0.0,38.994776979021836,40.60857647200501,39.316074311039586
79.67,0.0,39.93207337121301,38.60656888223622,39.40022653206035
79.68,0.0,40.97494575910854,41.15369057012035,37.20758890005011
79.69,0.0,43.08219538452954,38.4577526877751,36.3073219626354
79.7,0.0,38.14192537147896,39.50274859556578,43.283319722358335
79.71,0.0,40.43878244981043,36.69561144892595,39.19586953566606
79.72,0.0,40.31690631032896,38.75536993100834,40.23334224909684
79.73,0.0,43.319467386093,35.34203367467254,40.613540171683695
79.74,0.0,37.07473447665718,39.043684144945715,38.451343480900206
79.75,0.0,35.98724594236268,40.65308537936761,38.34859937387619
79.76,0.0,38.39074672227475,38.85186954882619,33.746371701806595
79.77,0.0,36.66009864031125,35.464956672390876,34.68531301165821
79.78,0.0,38.919421061009594,39.072534613358236,36.78697075862062
79.79,0.0,41.414801250928356,38.478476493872925,36.53894089473066
79.8,0.0,42.6647825778877,39.15512483418422,37.29648672817158
79.81,0.0,37.52372236875311,36.119558767563326,35.90990121854117
79.82,0.0,38.71313902338362,39.00827473685448,37.18693886031433
79.83,0.0,41.91645158225415,41.912133046919045,36.962330374346244
79.84,0.0,38.561846902687634,41.286216021521554,37.504095460879036
79.85,0.0,40.32558302882472,39.061818341096675,37.16352927129153
79.86,0.0,43.2141175073834,37.101549231125645,39.47191802666378
79.87,0.0,40.601294294145895,35.262123485900226,36.56824294341055
79.88,0.0,37.782150770862934,35.643896114227196,38.093768387454425
79.89,0.0,39.178917922915936,38.55310464120201,38.254908176554636
79.9,0.0,44.5841332895382,35.69062166375304,40.40267513018768
79.91,0.0,41.98830213970867,36.82383067087189,35.34717020162911
79.92,0.0,39.878372398841734,39.96020719583146,36.963560128974
79.93,0.0,39.661745311279745,38.43639340945765,38.29699375348879
79.94,0.0,41.41056489914796,39.821869579827734,36.29777900463378
79.95,0.0,40.35834498733377,35.89909436736257,41.212639858893795
79.96,0.0,41.785063590296076,40.204901098234025,34.937117106249524
79.97,0.0,37.06181654041216,39.43019793111221,35.320299454260486
79.98,0.0,39.717545826813215,40.13921831120825,41.1404828301036
79.99,0.0,40.19424003217682,35.13032296837371,35.857637372355185
80.0,0.0,38.73882775789621,41.288944597293366,39.51318214583298
80.01,0.0,42.042006591724196,41.16714039230197,35.99324142852978
80.02,0.0,41.80964608672692,40.09900597605218,39.900123447955195
80.03,0.0,42.666095404588646,34.1456040202837,40.620539940240995
80.04,0.0,38.18911059638817,41.05845359527298,36.545012880218806
80.05,0.0,40.833614837059784,40.7931730174124,39.474855430383556
80.06,0.0,38.95278023985239,36.78369931694704,39.431364595112264
80.07,0.0,41.27934899989453,40.53984990825326,39.23314858322151
80.08,0.0,42.231523776542375,35.62384116964137,35.55381734081083
80.09,0.0,41.754754228399015,37.555557631923065,37.18134799203551
80.1,0.0,43.880239502937684,39.99511600301636,36.47613215345002
80.11,0.0,40.85904002236553,38.21686121394476,41.525257127528945
80.12,0.0,42.79639912538855,39.537289690034015,37.11125087502954
80.13,0.0,40.37169581884978,41.21672095347486,39.373105897670015
80.14,0.0,42.589374312059526,39.64490475061422,39.241804347878585
80.15,0.0,41.15968703860922,36.16681357383818,37.83216496404881
80.16,0.0,41.80195499261263,42.41921172935696,34.1805766075605
80.17,0.0,43.78797702746855,42.11327871289346,35.8448689634022
80.18,0.0,44.17095315232346,41.311712378695944,39.45448372700285
80.19,0.0,41.48840359980526,36.73805823830201,34.668460658702514
80.2,0.0,37.229777431183855,40.941649191522245,38.43436682549244
80.21,0.0,42.65161132581632,35.92891999018762,33.791352287506506
80.22,0.0,43.791589118728496,41.3798290452722,36.86530060474458
80.23,0.0,41.3730490526653,34.481024001585666,38.701438498730994
80.24,0.0,39.12608035919958,37.60454830686106,38.7369919252907
80.25,0.0,40.0464966020412,41.15945922798219,40.42977602242554
80.26,0.0,36.98513905913022,39.29221077758159,34.50681840152961
80.27,0.0,45.92402389997375,38.793895404194565,39.97180937116913
80.28,0.0,40.84618989710209,39.117443913471604,37.163686563625184
80.29,0.0,41.784373708988284,41.154890946013786,34.32883524377399
80.3,0.0,37.47981829512955,36.835886061132726,38.7999635162674
80.31,0.0,40.548616754271,39.19853056552249,37.70271797338518
80.32,0.0,43.67018276123749,40.471660596374484,34.94268020202385
80.33,0.0,43.7080226546468,35.79716012708737,38.540086318100535
80.34,0.0,41.58441048669295,36.2689057507764,37.65680931331101
80.35,0.0,41.389139181073624,39.126141043250385,38.330566344885554
80.36,0.0,41.65862540521779,37.99971228425703,38.105115078666834
80.37,0.0,43.924622473524934,39.82597943854548,39.28603137166877
80.38,0.0,44.26393624100927,38.799390268963556,37.70849708994972
80.39,0.0,45.518630417446154,36.87972465182444,35.19446561182851
80.4,0.0,43.29957635846277,39.8320052621649,39.18757432723538
80.41,0.0,41.311719126193985,38.37251534614192,36.62544967625127
80.42,0.0,42.62750809416972,37.593155581971146,36.70872959995941
80.43,0.0,42.31543038427088,39.2452748740918,35.86972480614578
80.44,0.0,41.3210745647354,37.20336030593773,34.24091227057037
80.45,0.0,42.96620049371907,38.64270715650374,36.645438440433175
80.46,0.0,44.65916484157014,42.22394046857149,34.95569580019025
80.47,0.0,43.67858383131345,39.55445021991666,35.34160327820763
80.48,0.0,43.98965509949233,39.130796794733975,34.600340520276745
80.49,0.0,40.23250422383937,37.44082854503517,33.718292072605365
80.5,0.0,42.88779944785832,37.57289552795077,32.146191558719195
80.51,0.0,40.54447630843523,38.75986354970922,36.03279855966991
80.52,0.0,43.9839423447818,38.29938183133465,33.44726670527171
80.53,0.0,44.2770580317712,38.33634518737502,36.982504107146084
80.54,0.0,41.77451912313347,39.66072628937182,33.19622063121594
80.55,0.0,41.680386957520234,37.535321634769886,37.74720453240647
80.56,0.0,42.60877131843529,36.469939659516385,40.04632245976438
80.57,0.0,42.00169700268194,38.03983019530234,35.08435143062014
80.58,0.0,44.2458075256916,35.020753212099095,37.68728519181797
80.59,0.0,44.101694720047156,37.46016283010996,36.722551850795284
80.6,0.0,46.17800816511274,40.97114971739122,34.60682028104846
80.61,0.0,44.12532325843325,38.95528825798108,35.462919868499334
80.62,0.0,44.018855501257235,39.14268125822668,37.157184926205225
80.63,0.0,44.56436748569142,40.78807522917784,36.98713148688208
80.64,0.0,45.82988651962503,36.17836668494303,32.629722684958104
80.65,0.0,42.28093521707948,35.92469384267372,36.60369204350643
80.66,0.0,42.26512311851259,38.79535550313391,35.460082699936535
80.67,0.0,42.64885086819919,39.13188374056998,33.50556527323274
80.68,0.0,41.768896595169,36.164311369632664,35.22381186824453
80.69,0.0,42.083175408722425,38.84391361786374,33.997780817132494
80.7,0.0,45.8088463983317,40.300659403653,35.458588852436456
80.71,0.0,40.56545245240901,38.11052491408648,35.2386739143038
80.72,0.0,44.26178522577917,33.97472270963583,36.089720520559666
80.73,0.0,42.14200631124133,34.87506071437317,28.786115347638205
80.74,0.0,41.58321590804216,36.094949547528586,35.854912500096695
80.75,0.0,44.904627534801136,39.99962064257109,34.36954675805723
80.76,0.0,43.37839167291638,37.77043243203534,34.950850423405285
80.77,0.0,43.99759256552319,39.21828744395175,35.83620154514012
80.78,0.0,42.88935146736523,37.50007656342017,32.48974615496716
80.79,0.0,44.19629853524015,37.82672166688806,33.80300368521141
80.8,0.0,43.43610218747175,41.56835734735098,32.805912400382326
80.81,0.0,44.32640370687924,36.478439200308515,32.858509666051525
80.82,0.0,37.69311492090751,38.35842609541316,34.47951426442582
80.83,0.0,48.77675576480523,39.272088356574024,31.07131097095567
80.84,0.0,42.68803610275371,38.76746606887306,33.19082976175684
80.85,0.0,44.67583172922481,39.89931746716225,34.077508977441624
80.86,0.0,44.28276493317043,36.45908027377058,31.85545702447811
80.87,0.0,42.89905334313314,36.49435886286994,33.78876063496673
80.88,0.0,46.209329052538365,40.79674823676774,32.6779736548994
80.89,0.0,42.22677787776979,35.78089201724381,32.352717333665304
80.9,0.0,44.24434706428462,38.601579448862054,33.94278621367297
80.91,0.0,43.107286627770236,35.69360686309482,31.792605082703716
80.92,0.0,41.82647032863165,37.76253206879996,32.59419860685029
80.93,0.0,42.14231899881812,36.39027795060627,31.117620059433804
80.94,0.0,42.950470550373126,35.58955556953756,32.89052562955797
80.95,0.0,43.076537255958634,38.037935899355624,28.132801613359394
80.96,0.0,43.052247709968604,34.58274175735421,30.153844057712636
80.97,0.0,42.659601551730525,34.42443881944403,35.91518759292141
80.98,0.0,41.69260005687256,41.846578310058504,29.77972418006119
80.99,0.0,41.99883662152342,35.187041154038916,33.70739330971857
81.0,0.0,40.54098225138178,39.57643030831237,28.327633501576997
81.01,0.0,43.03587711564496,35.631594061207956,35.801053016017846
81.02,0.0,43.260132379564645,36.62098518611398,31.505894347529875
81.03,0.0,40.979776855935825,35.83814840488607,34.88639981286731
81.04,0.0,41.35828970521004,38.50959137390117,32.8074603883407
81.05,0.0,43.80221772527181,33.619511446894485,27.479290624644168
81.06,0.0,41.04992983486208,38.80042312118784,26.693729011634108
81.07,0.0,44.048237471307104,35.45025455944906,36.61803222280717
81.08,0.0,41.40368411221607,38.90114761359871,33.14507453031579
81.09,0.0,40.15052106313505,35.43837640669309,26.635946656401792
81.1,0.0,41.93724602845987,38.12900781772168,31.810940295906796
81.11,0.0,39.870890244690806,38.35788497498194,29.962671882365136
81.12,0.0,45.33749439624367,36.36909968876649,28.54539548488968
81.13,0.0,43.06360155860034,35.93681134230474,28.683524735651154
81.14,0.0,42.7764470276112,35.96495496459235,27.215049726194174
81.15,0.0,37.92616392192292,35.184651056181885,28.192085950818683
81.16,0.0,41.00328702046371,36.566752260262554,28.328231642307696
81.17,0.0,39.86026842064362,36.136439117622906,32.638034542006885
81.18,0.0,42.72398319013799,36.99547874377647,33.147295636848554
81.19,0.0,40.20504319935712,36.65969634345928,27.15784625109289
81.2,0.0,42.932965499511766,39.168529092827654,29.197961692325016
81.21,0.0,39.60177929466741,36.23759518840742,31.565130198409825
81.22,0.0,43.01157972848912,35.956075292430604,30.394948208617883
81.23,0.0,36.75009352445473,35.623974362151884,34.28443553390484
81.24,0.0,42.609471243035074,37.82712804476066,29.34251971291913
81.25,0.0,44.006452035129435,30.224219566136075,31.069195599762118
81.26,0.0,42.971851950397564,33.89359898991998,30.0496021048066
81.27,0.0,42.91937330479783,36.81463603977626,24.835639348293274
81.28,0.0,41.55851184981297,38.10527528074059,29.190822604560008
81.29,0.0,45.0990955599056,33.024067378169576,28.290566351667337
81.3,0.0,41.08796227416839,37.36741802060024,29.158916467653974
81.31,0.0,39.38899658606067,34.58278087499757,29.732776489016384
81.32,0.0,40.88399361114855,34.462001244501856,26.703881795881347
81.33,0.0,41.41968545249567,34.21810676049623,27.876289522373575
81.34,0.0,40.06267373800231,36.53002825424654,27.519003642507148
81.35,0.0,42.61586873433299,32.12543754857067,29.512520531794884
81.36,0.0,39.57437672526044,37.746640415203665,27.48755009094469
81.37,0.0,40.825929867487616,34.6302086490915,31.51417884354213
81.38,0.0,39.91979929625486,35.3708175421532,30.341813454240267
81.39,0.0,34.47239051250329,30.01936300029361,27.85146043384791
81.4,0.0,39.326273631989935,35.6732521434213,29.69406821302239
81.41,0.0,37.37206378000082,35.75687225750573,28.291605696827812
81.42,0.0,35.62712355571548,36.382059181423244,25.52128801838967
81.43,0.0,40.32583183840959,34.57303362452503,26.505768472131177
81.44,0.0,38.01859932533454,36.01992474032218,24.09607692560345
81.45,0.0,41.11876533692522,35.6516103017778,24.917232863930124
81.46,0.0,39.839848508140065,31.79853324742308,26.95923380405957
81.47,0.0,36.50563360578219,29.545574411941164,24.186779340728858
81.48,0.0,38.69957337021848,35.17724234045941,29.121222291683537
81.49,0.0,41.35700768955156,31.34658231565255,27.244654955877575
81.5,0.0,39.511578774991136,35.0815607176827,29.0632224436406
81.51,0.0,41.9721595048634,33.920159673802026,29.007681688430637
81.52,0.0,38.07123583444611,33.165215774674415,25.334235303466066
81.53,0.0,38.93255690847821,37.6404566744644,27.045673908484822
81.54,0.0,41.940892481255375,32.077032434586535,25.198142189982956
81.55,0.0,39.45514618165284,33.9588815485676,25.338694477784248
81.56,0.0,41.07718365609478,35.15928609315483,28.2765150292822
81.57,0.0,42.82959873711947,38.10800810774123,27.24522027541524
81.58,0.0,38.87711465239147,30.917809736364518,27.52118527809282
81.59,0.0,39.75232511634589,33.2297003486226,24.27370549581318
81.6,0.0,41.492948411592515,32.716055292770875,24.541700637280094
81.61,0.0,37.0038952595687,34.38132173844569,26.460084575641474
81.62,0.0,39.12909075508497,32.13489848764549,27.448354806552654
81.63,0.0,39.78327285911851,33.40941321423574,23.615323271056454
81.64,0.0,37.02654607282763,33.697451048765394,25.99044609299722
81.65,0.0,39.20455300618457,31.827980646647593,24.599580698765788
81.66,0.0,42.381636682703615,34.058808530619736,24.55796280877269
81.67,0.0,34.96008042195559,32.915301910508006,26.240073649010508
81.68,0.0,37.14909828994184,33.908391942279295,27.948337475199942
81.69,0.0,37.60890205827137,32.682693906735075,24.268327157239
81.7,0.0,37.53595652204042,28.98428151553135,22.8878716678142
81.71,0.0,37.53219788843699,31.278689496575375,23.112346913800632
81.72,0.0,41.10060371374239,35.06768055171772,28.516672144745666
81.73,0.0,34.27854132946337,30.283770787065855,23.098197577495306
81.74,0.0,39.70841399290418,33.24945047749206,25.528888326526523
81.75,0.0,38.086031138394596,33.73427028548803,24.826713842113072
81.76,0.0,37.60726968472442,32.177854469253234,27.31967673937724
81.77,0.0,36.350599723911536,28.285016711796267,22.946792305752716
81.78,0.0,37.75402270808916,31.757955967413885,22.378121853790077
81.79,0.0,35.216380095511134,29.616442903945273,24.29175660842236
81.8,0.0,36.130613678353264,32.865618648597,24.716831493486364
81.81,0.0,39.20588217662069,32.84446097533615,22.20949404466237
81.82,0.0,36.39352163033029,30.94341893282201,24.8505022291874
81.83,0.0,39.15581018630431,33.65656699894583,22.426458055127767
81.84,0.0,36.70983441666993,34.52921384697878,20.844417699919017
81.85,0.0,34.39309283898184,31.490988240814815,21.657703770212947
81.86,0.0,36.421641692197824,35.16469413581907,22.430143855210478
81.87,0.0,42.00662299448278,33.35589735691017,19.99428009870656
81.88,0.0,39.900697448227,32.21683751644804,22.09703689060962
81.89,0.0,38.51156737040347,32.968280162545256,21.408242469345733
81.9,0.0,37.488818739721374,32.45689745535244,24.37566506123265
81.91,0.0,37.68104066973117,32.67050728519147,25.843313167018525
81.92,0.0,36.85721570972424,35.14308144276633,21.776640155648174
81.93,0.0,38.00818815717613,32.16084549884319,22.326882808134588
81.94,0.0,34.3979889606979,30.890223286138447,17.287359638110907
81.95,0.0,35.78767660295831,32.24843627610356,25.27196682811475
81.96,0.0,34.00526403635687,32.62765732014008,24.07379379282055
81.97,0.0,39.06966136975755,29.272896831165816,21.390919943103206
81.98,0.0,36.219369207189395,32.717010119120665,19.041668697062985
81.99,0.0,36.936839228052875,32.00709362675559,23.146449508519858
82.0,0.0,37.371984880498154,30.073632691337544,22.10254907033971
82.01,0.0,35.09562274009514,29.188456385418256,20.09217265819397
82.02,0.0,36.3952211591989,27.416479861423877,21.382904444896255
82.03,0.0,35.352350082120786,32.27631115547732,21.851112837769602
82.04,0.0,37.78801659907609,30.66493555147811,22.895655205885404
82.05,0.0,36.21656428979131,29.887114127174517,24.380521759685543
82.06,0.0,29.70042588579845,32.29069325588887,21.48256978872478
82.07,0.0,34.074195991960266,29.388672023504736,22.298651792762172
82.08,0.0,36.60107399403126,28.825059994763794,23.643305299322304
82.09,0.0,35.78850699836089,30.04404641776366,23.863429369673753
82.1,0.0,34.68517991871153,31.02318739631568,25.018799386297353
82.11,0.0,35.66078309456276,30.957421743955955,19.74504180449474
82.12,0.0,35.626340582822465,30.89155488901176,22.996901048494934
82.13,0.0,34.927120606112304,30.365826883137945,20.564703484265593
82.14,0.0,33.01635113937347,31.13556243994956,21.84842249154552
82.15,0.0,34.38313783230352,30.091188672279678,23.0736634795408
82.16,0.0,34.04972653110357,27.2841831818473,22.939972390794033
82.17,0.0,34.53144454237431,32.160386254307284,21.773108338767894
82.18,0.0,34.8438429045469,30.24072204889479,24.103773942860663
82.19,0.0,37.867624481215294,30.39767911287037,19.99494681360668
82.2,0.0,36.26102541598737,28.29662398643803,24.585522180624814
82.21,0.0,32.55265218749017,28.437027930331634,22.094860932637392
82.22,0.0,34.91275272320329,30.218308162119033,21.929659652375232
82.23,0.0,34.82496557350896,27.498455763921804,19.94654037289646
82.24,0.0,35.5353851207633,28.031039093306475,26.051336653983952
82.25,0.0,33.58895159182898,28.535258727033153,19.637999770681986
82.26,0.0,34.78189003073423,27.243775397314117,26.000734692748377
82.27,0.0,30.652041166104695,28.664804218209827,23.047391542106272
82.28,0.0,33.95937360409053,29.8658213932317,20.868009085257754
82.29,0.0,35.62394052109033,31.110644971441726,19.03666569832876
82.3,0.0,36.23702402897997,27.446804237916844,22.266046060133515
82.31,0.0,32.543631413445944,28.74302708470027,20.35367428425787
82.32,0.0,28.366155601963072,28.825048697668077,23.50953507372698
82.33,0.0,29.4212649240324,28.49439344774884,20.91223902934182
82.34,0.0,30.83618139178488,26.502483924723876,22.433458355679107
82.35,0.0,30.362518663568594,27.449161325709518,21.012334495533594
82.36,0.0,29.947953895545556,24.188764220559747,20.720315233956185
82.37,0.0,34.78655930147237,28.99276820538216,23.400335985978074
82.38,0.0,32.78383820838174,27.436175928064912,21.48504785720935
82.39,0.0,32.230327449789996,26.15048099475986,21.013677049260313
82.4,0.0,30.96599570245109,25.28739196263267,16.252130408206742
82.41,0.0,36.23885851761099,28.649327453626423,20.3642043075064
82.42,0.0,31.999859832629134,28.14248956994088,22.567517842749616
82.43,0.0,31.2411738154757,26.55780803251163,17.78733438856497
82.44,0.0,33.310768656405926,29.34640291387957,17.544811719355906
82.45,0.0,29.971454879123183,26.681712437408226,20.40598362428706
82.46,0.0,34.439291289404814,29.577935943778243,23.590657419988965
82.47,0.0,32.10625388493474,28.41796402612726,20.40090897054082
82.48,0.0,35.32888023492627,29.34604122612582,19.934898699788892
82.49,0.0,35.62848322241239,27.612992248630736,21.66249076610547
82.5,0.0,29.918120880176218,32.019470546450975,16.10659785804814
82.51,0.0,33.819785541260174,29.063627255923073,23.609742987588557
82.52,0.0,31.242243045820324,27.186232423521787,21.565731264251692
82.53,0.0,32.759141470228,29.655928959748053,19.862186652198677
82.54,0.0,31.006319201426532,29.078384625844645,22.0626342317564
82.55,0.0,35.818405892749674,30.684808565016517,19.11782475552479
82.56,0.0,33.197395725077186,29.161576743473514,18.6132696786447
82.57,0.0,34.225283330417284,31.958923565381895,16.58277560206393
82.58,0.0,33.187564882711904,28.105967312537715,19.805266340578793
82.59,0.0,31.656390533605357,27.26440654427227,22.535689315844913
82.6,0.0,31.23421095754054,24.678329874438603,19.89470798533043
82.61,0.0,30.755853661578293,26.907065086081843,20.109941535783204
82.62,0.0,30.493717067588044,26.746350986046725,22.481917324276363
82.63,0.0,27.234227131972197,25.699945299182062,21.18328785621186
82.64,0.0,30.074529869421177,27.921822185428308,13.80381324778201
82.65,0.0,33.51097543590644,27.233873066458923,17.740403371046916
82.66,0.0,30.415701998086636,25.926152230721183,18.705394340146434
82.67,0.0,31.995759534507727,30.16758523977922,18.923288974458817
82.68,0.0,30.595779564303857,27.719507690004548,24.350106502730426
82.69,0.0,28.786907964869215,25.436203656497682,21.619492970502154
82.7,0.0,32.46219489005168,28.182695951384964,20.95821278346729
82.71,0.0,31.91475738874696,27.27838914740999,16.21896052781893
82.72,0.0,30.070491678281616,27.28353903483484,20.418316157302574
82.73,0.0,31.15121659686613,26.974273410476297,20.824016071422747
82.74,0.0,30.575256094450577,23.041207122806238,19.644430028256767
82.75,0.0,32.48476941186001,28.34502333678618,20.54006474775407
82.76,0.0,32.03775573605574,25.004278593437522,18.39472673182139
82.77,0.0,27.87067499403822,24.887844693952925,18.931592019294726
82.78,0.0,28.10095930877059,27.2469483659903,20.448704768490998
82.79,0.0,32.08816291780412,25.137788184844524,19.763126422907412
82.8,0.0,33.07397569803224,27.960914650294374,18.802564473974602
82.81,0.0,31.770179443672415,27.381391674584847,18.952922713390347
82.82,0.0,28.78653961306413,28.34609257567079,17.559143223347498
82.83,0.0,33.24696656516595,29.158317920218796,19.62883755001728
82.84,0.0,31.24497165286227,28.814340331272263,19.518781096605736
82.85,0.0,30.54472027458984,27.244651491839917,18.927581271420046
82.86,0.0,30.332491644736233,27.076971559114735,17.831845821342796
82.87,0.0,28.971259504068463,28.592190223799413,19.549157903755543
82.88,0.0,34.6116504531156,27.773699777373867,19.000852231444775
82.89,0.0,29.88995570928701,25.448009506315522,18.733581577028346
82.9,0.0,32.137642757654945,26.88963476527053,15.711600477118516
82.91,0.0,32.306410841836005,27.5648769160609,22.863352322219548
82.92,0.0,33.70563405320874,25.25297317486356,21.541254954366185
82.93,0.0,28.923653265597153,29.473537075796692,18.428573199116734
82.94,0.0,27.50451224040645,28.00165243142225,20.56719923715786
82.95,0.0,31.628999793925946,28.465870037675185,19.65857163947507
82.96,0.0,30.32377486875135,26.978367907947163,21.978592321746582
82.97,0.0,31.47771508117875,24.488666492650058,19.787065690745433
82.98,0.0,30.786627240138714,27.587662785858424,20.327552667635057
82.99,0.0,27.786053456902227,29.67588411785679,19.99548999592283
83.0,0.0,29.130849164582266,27.60955886988316,18.845398555261998
83.01,0.0,29.457769056604196,28.126669528136553,18.803508653223886
83.02,0.0,32.84454106439114,26.613601289728614,14.928977672737906
83.03,0.0,30.042507517327582,23.57189683148782,19.094279497885633
83.04,0.0,32.1832314085815,23.59796621941002,18.2318316762696
83.05,0.0,29.939747784492113,27.18296768600093,19.077963214371223
83.06,0.0,33.12459594727881,31.274172138765373,22.005562840943792
83.07,0.0,29.47353350099669,26.932227616922727,17.99443185291554
83.08,0.0,29.967130915363676,27.581061742780662,21.550305211804588
83.09,0.0,33.26638791162511,23.685534530665628,21.11820629082772
83.1,0.0,33.16106287327806,27.16062603166524,16.683590246915287
83.11,0.0,28.87905392604023,26.766807266639333,21.319020844080477
83.12,0.0,28.689732705245504,21.697584354597527,16.856001901706833
83.13,0.0,28.50107079616227,31.988408202735002,18.491195863924126
83.14,0.0,33.6748331331835,27.87699330916695,18.146747779790353
83.15,0.0,29.177443585007023,25.79566745896437,23.953702588995835
83.16,0.0,32.89419081939386,29.073696227401072,22.911707674967275
83.17,0.0,29.85184633439194,27.0300470448897,20.278616850507387
83.18,0.0,33.25703079543381,26.00518829669875,22.640404794028452
83.19,0.0,31.350466617590826,27.078218891599242,19.918715700642526
83.2,0.0,32.38275191157459,27.062204371918845,22.054593390695754
83.21,0.0,30.288121738916765,27.244831895892922,17.37099680873643
83.22,0.0,31.031019230568432,26.263172145938096,18.18942270543839
83.23,0.0,34.509231249958034,26.78733461162856,17.81091770421752
83.24,0.0,31.862583544855436,30.185449695264587,15.6390472629097
83.25,0.0,30.29628862554314,30.761366086326422,22.591052412964
83.26,0.0,31.78967484584335,25.280444317515883,20.047492469984768
83.27,0.0,35.991580544082545,26.117719797984886,22.43442026458675
83.28,0.0,32.252126458695614,28.331828169807018,23.552080517751136
83.29,0.0,33.70212537388994,25.834419033735646,16.289117352209615
83.3,0.0,34.261360525996224,31.158542837513718,20.878008416384542
83.31,0.0,33.66954201248021,28.58834936177396,20.31889926888772
83.32,0.0,31.017361497875058,30.194854312420226,21.97017695961109
83.33,0.0,31.274753062656192,32.08053523018153,19.11961224792965
83.34,0.0,34.955420615618735,25.274793333595287,24.94958416027757
83.35,0.0,35.103848102087134,28.16617023243399,19.855392693786165
83.36,0.0,33.50244594557073,26.48675550370293,21.523649197990363
83.37,0.0,32.049756918326125,30.0284139857195,20.867642963220092
83.38,0.0,32.75206409347947,30.447740432611486,18.141036322171352
83.39,0.0,33.55742642286156,28.76419164386837,15.852665066203102
83.4,0.0,37.116938224816664,28.456090240347837,21.319064802483584
83.41,0.0,32.67619943290069,30.909304079001984,19.257724024985944
83.42,0.0,30.64769902262501,29.677001231585162,18.388175019356915
83.43,0.0,36.02143410895363,31.378217578018027,24.091763419796663
83.44,0.0,33.28613427426703,30.566073685647698,20.272581444523436
83.45,0.0,34.01890416441096,30.78019247752866,24.38861658194821
83.46,0.0,33.943432127207984,28.27963963462203,20.90504523779284
83.47,0.0,31.682852736883373,32.24146805244775,19.175222798555478
83.48,0.0,33.72041858642786,28.452544447574983,18.46733297538384
83.49,0.0,36.22240494009446,31.40365090351255,23.057264358162364
83.5,0.0,33.27819935121287,31.11207160764775,19.141984418277854
83.51,0.0,32.51095816265661,28.39486214048894,21.17355449752023
83.52,0.0,34.63748774479037,31.34453827331098,22.658046148657146
83.53,0.0,32.7686684342045,28.784231490590397,26.891897300088885
83.54,0.0,32.76440630106908,31.58962541096915,17.58731489286035
83.55,0.0,33.86055039574565,29.74799431828274,21.665256889165857
83.56,0.0,34.74698609332774,30.51035160624444,23.01952445256882
83.57,0.0,36.76520037116726,26.507473024994347,20.213138631196014
83.58,0.0,35.07506456441629,24.271583485192778,22.760659358611882
83.59,0.0,37.47113107032103,28.11920190309743,22.933983111020105
83.6,0.0,33.73960348102194,29.43146276962442,22.46385167065324
83.61,0.0,37.83423480351419,29.73844238188349,22.0837111650942
83.62,0.0,37.00314479647336,26.752469647925025,19.263974354449484
83.63,0.0,34.858394639270095,35.556657874576324,24.59481407079848
83.64,0.0,36.181154546027884,27.10877466912808,24.67630724361875
83.65,0.0,34.62496488931186,28.063314991723793,22.193826791494565
83.66,0.0,37.251313867824734,30.58580778439877,21.018214551224506
83.67,0.0,35.98052799409514,32.54912501311032,23.334431056052274
83.68,0.0,36.862242330674206,28.068476964320148,22.726766979321788
83.69,0.0,37.376744930114356,29.370250262272112,25.585077830415916
83.7,0.0,32.88516706989525,30.968159605988877,24.094487621867025
83.71,0.0,35.9569203761775,30.020265886782028,22.13092415711876
83.72,0.0,36.654784623719465,30.336988688257872,22.841312936245636
83.73,0.0,34.03726063073695,29.963100032762224,22.03344781313041
83.74,0.0,37.993240740528805,31.688921989268238,26.625553912771693
83.75,0.0,36.11620402760245,33.306282727015535,24.98970736548504
83.76,0.0,35.09659048637321,31.953025742472974,19.742805177141264
83.77,0.0,35.27181106607925,31.781136168578243,23.950052998114312
83.78,0.0,33.23976566306521,32.816509278087906,22.104546069505115
83.79,0.0,36.986703104558394,33.88571691242162,26.211520652810435
83.8,0.0,33.28661940500243,31.328148845585027,19.889714935417
83.81,0.0,35.18995800211927,32.02010611750724,25.048635014499027
83.82,0.0,35.63848689026711,29.627109080646445,21.53515692469497
83.83,0.0,35.981998029213145,31.557803933791796,23.7749337749708
83.84,0.0,37.24982235844856,28.72427053301285,24.84598987765346
83.85,0.0,37.08903158659972,34.11388881077848,22.79585257236486
83.86,0.0,38.4342564002836,33.639466816600404,23.279896243130402
83.87,0.0,38.43004487204403,33.22897204387286,24.64126985468772
83.88,0.0,36.3040172953475,29.581589366003776,21.862694846958362
83.89,0.0,37.02464849005757,32.97737868178472,22.84212795905824
83.9,0.0,33.89424304319338,31.35173108776587,22.887065373675924
83.91,0.0,39.32005433438602,31.288118084147957,22.840287732448303
83.92,0.0,36.81863404925429,30.705071033127965,26.615748096467648
83.93,0.0,37.694398278259406,33.971221634605655,24.64613846348379
83.94,0.0,39.809926072072635,30.84611579671032,25.691393892471645
83.95,0.0,39.00596148184016,31.69587137522137,24.430453512677193
83.96,0.0,38.368943260016465,31.573121058161906,25.005655304753297
83.97,0.0,38.41213977695246,32.7593129729785,26.665475888874113
83.98,0.0,37.968566356180744,33.447921958692014,25.46075864139549
83.99,0.0,38.81081614105002,36.39067749259331,26.689951206719165
84.0,0.0,39.76658874590695,31.086834988232326,24.763459147072165
84.01,0.0,45.93560492635239,31.97971963241273,28.144574847571647
84.02,0.0,41.63550276158337,29.756839533451995,24.052472507978674
84.03,0.0,41.47230055525726,34.68456786326385,31.579385612462787
84.04,0.0,40.53122347696922,32.969939311973064,26.12473066886911
84.05,0.0,38.519129340841445,34.26365863877598,24.632605296113454
84.06,0.0,40.780407988278085,31.39368789424311,27.63797686324195
84.07,0.0,40.23964387908415,36.18785616962079,24.003325167406697
84.08,0.0,39.11224483038998,34.32206213305933,25.78401884510591
84.09,0.0,37.32769487717911,32.63861035796444,25.905528597434678
84.1,0.0,42.66254392962845,33.00062248355916,27.557960994443462
84.11,0.0,41.48413738546586,31.770149188169615,32.83732763558941
84.12,0.0,37.03539023347913,34.622966804039045,26.6074611052864
84.13,0.0,42.573595386500635,31.784341995665507,28.200128837683685
84.14,0.0,38.45247522495711,33.138637233629176,24.05593673097391
84.15,0.0,39.21881561432557,30.326760541285584,27.27141672620447
84.16,0.0,39.44041835304573,30.381302590048335,26.61892471336081
84.17,0.0,41.88750415972425,35.926583286569816,29.10518759620593
84.18,0.0,41.17120132754949,34.048398305755995,27.003983574805584
84.19,0.0,44.3146786617837,36.34159011952938,32.12016470741033
84.2,0.0,41.34248697526462,36.83317582166772,25.794960508559633
84.21,0.0,41.36673221678865,39.20977668900633,26.073328097664128
84.22,0.0,39.4789185122302,34.6722524361931,26.974819129630117
84.23,0.0,39.97481777974387,36.913021718581724,27.986578257437
84.24,0.0,39.03877144064278,34.75016338926179,24.964924098626334
84.25,0.0,41.399869080448795,34.237256958797445,27.867973425308794
84.26,0.0,40.45790787671916,34.41214943226958,27.474512753000162
84.27,0.0,41.482641090068476,35.55685574878573,31.062377500676526
84.28,0.0,42.650639212323384,35.69546508871042,32.03106541996884
84.29,0.0,38.89702131089416,34.97218476580743,29.471356083254555
84.3,0.0,45.50725168614726,34.44110532611848,26.71261838676064
84.31,0.0,40.28988702228712,36.92026896851712,28.42725174033967
84.32,0.0,40.59679865704472,34.96784227995866,29.13482778724443
84.33,0.0,41.67719707517835,38.56648117373828,28.358622010915546
84.34,0.0,38.16599961003351,37.13386609829693,28.549104511638177
84.35,0.0,41.5962991071083,33.97634657363829,28.48372111973026
84.36,0.0,41.724411454731985,36.55386345546573,31.33526860776854
84.37,0.0,42.14889478068018,33.646571627462535,33.05173652767087
84.38,0.0,46.81975631897923,37.80093401717869,27.330075968917694
84.39,0.0,37.39047323567999,35.38416764514324,25.937480066614647
84.4,0.0,39.28670218175551,38.5080402975718,29.200944462762077
84.41,0.0,40.32271152477857,36.0322031608369,29.87117656547921
84.42,0.0,44.21818286438502,33.1615503387848,27.752849175611015
84.43,0.0,44.70767260483985,36.43150845512624,30.138138940460003
84.44,0.0,43.305049999435056,35.32108782272317,29.78850116437647
84.45,0.0,41.85140457791166,32.776279490361,32.47169091691272
84.46,0.0,45.10159439556351,36.96098913713729,27.869011421651503
84.47,0.0,40.15144357909942,38.12536150251838,32.14169145714282
84.48,0.0,42.00055051390067,37.17721994933673,32.70186350556234
84.49,0.0,43.12974804404859,36.77972313615119,30.613257967565403
84.5,0.0,44.28247457545612,39.52133148022896,30.662049469580733
84.51,0.0,44.124843559657435,36.92356425720503,32.35898261783743
84.52,0.0,43.125991323363955,36.743625725681795,37.755443036815834
84.53,0.0,43.42581745034218,38.946216515542204,31.97126628527989
84.54,0.0,44.852740445762464,40.593836337226065,31.746463385415808
84.55,0.0,43.98932740323344,36.98351439936209,29.01105231196668
84.56,0.0,40.85595140405047,35.33097748145029,30.832055367743475
84.57,0.0,44.54743717032904,31.842585127921307,30.613205619570905
84.58,0.0,42.76263843731816,38.53234253471207,32.044895932533926
84.59,0.0,41.64032824274126,36.61895702030004,31.921051668090698
84.6,0.0,40.24698158583109,36.721133822975276,30.938661458256497
84.61,0.0,42.411584447377145,36.67729268521494,31.634622466597328
84.62,0.0,41.7392950203408,36.3741022122037,36.64517933909191
84.63,0.0,42.582313034659855,36.5594374531837,33.21886928615431
84.64,0.0,40.759101601140955,43.02264615719993,31.33858719438617
84.65,0.0,43.57496860404773,38.45917431486334,30.670514020671245
84.66,0.0,41.796393769457566,36.99004068425035,33.5756930272663
84.67,0.0,44.3855577809663,35.95013983068051,31.109897200951384
84.68,0.0,45.87608386844232,36.53376670193324,30.448702887634745
84.69,0.0,45.370840166527756,37.18259117701901,32.01888231297802
84.7,0.0,40.96094180667696,37.12802807443984,33.22366400324196
84.71,0.0,45.35266079123633,41.1619606945052,29.477428186490727
84.72,0.0,46.49246678312614,39.71996401131501,30.835719633210733
84.73,0.0,42.912072184024765,39.61039995471921,31.819896390049657
84.74,0.0,42.010429007567616,39.238310354923804,34.04520282474821
84.75,0.0,42.804902176352805,37.29315809290685,33.835166839207965
84.76,0.0,46.2483956380986,36.51584647322185,32.671778821111886
84.77,0.0,44.649550353578825,40.64497723710383,34.339564633075106
84.78,0.0,44.17900599708232,36.963448514230436,32.807357862251855
84.79,0.0,43.53979855917129,33.89406343153878,33.172558555475135
84.8,0.0,44.252325779705686,38.70325301568349,29.77792046082478
84.81,0.0,42.530390306082765,36.8836448623096,36.58600515562399
84.82,0.0,41.29915956990188,39.2274185865095,34.458859820640164
84.83,0.0,43.600064831375335,39.00516194086226,31.35333741745072
84.84,0.0,45.01911700325562,41.619607060854094,31.32352895883738
84.85,0.0,45.73074509034852,43.47444131745364,36.2202372881336
84.86,0.0,43.2559139823095,37.14930218104373,32.455150824339775
84.87,0.0,44.31537007066685,36.97155250938817,36.80873426134607
84.88,0.0,43.587094775926886,39.098172582283404,33.40214469506897
84.89,0.0,43.20843132840326,38.12606336290702,33.82337830346634
84.9,0.0,42.710205287855736,40.345065293436,35.55044670804342
84.91,0.0,42.336918727835716,37.90777247629908,30.612805672263292
84.92,0.0,46.02511239354951,35.03772766915191,32.27930869313346
84.93,0.0,43.199963752062594,38.01323672368208,34.19463315619534
84.94,0.0,45.608091129523444,37.17171196181028,31.073135216364427
84.95,0.0,42.0517717751317,39.639580455896,34.91905990388567
84.96,0.0,40.677244307675636,35.82841364178221,31.964519651190066
84.97,0.0,39.28060398567345,37.0857000798692,34.58202568422144
84.98,0.0,47.296492489330696,42.35910170648141,38.588117134805806
84.99,0.0,43.73176288337895,40.86529347900781,35.45097475147157
85.0,0.0,45.74768546757271,40.82555359334089,35.91218587504904
85.01,0.0,42.859218806455935,41.19461604324266,37.22156896539682
85.02,0.0,44.11236921201553,38.85528027947241,36.73951340223387
85.03,0.0,43.376925175510266,39.212984951354635,37.815516885403234
85.04,0.0,43.19057412018068,40.44428624972661,39.86323538794742
85.05,0.0,43.31160914825079,39.289001199199994,36.67324186376204
85.06,0.0,39.77636135747718,38.25839537273453,37.14939282340017
85.07,0.0,45.35878465113323,40.37417064300397,37.54039064439919
85.08,0.0,45.588092494891654,37.854401951069896,36.59614100586494
85.09,0.0,40.04529635277234,39.360543781577675,35.43334721237966
85.1,0.0,39.355978403652884,38.977975321431586,36.40634190302926
85.11,0.0,40.94363192603246,38.411154181277574,37.696713628596115
85.12,0.0,39.77032070113408,40.340058827055365,33.928208296349744
85.13,0.0,42.14693040596357,35.96198382205127,35.58350715918707
85.14,0.0,40.39850077293594,40.105901526884864,35.07693187612175
85.15,0.0,42.003761072013745,40.6009039195565,33.981443570079755
85.16,0.0,44.49046140517465,40.11363196744631,35.09564790532772
85.17,0.0,42.88188376608085,38.972877244531134,34.26863912762199
85.18,0.0,42.70351304023956,38.458398900610796,38.213753784168375
85.19,0.0,42.019305220547054,37.49128911609384,36.010849019400304
85.2,0.0,41.22712443301188,35.39431192787949,36.01236963627027
85.21,0.0,43.466760717297646,39.22451269109936,39.70082536297955
85.22,0.0,44.349620779545596,38.105346041648104,35.02931458055544
85.23,0.0,40.16677420823366,38.89885701885445,39.04369765614301
85.24,0.0,43.622201444643544,38.71583001603705,38.16345961716622
85.25,0.0,39.321429162228476,39.35021819608634,39.86425078998637
85.26,0.0,39.623124142384825,40.974757836023876,37.30600956682625
85.27,0.0,44.07973691302802,40.70276105690338,36.67173026129524
85.28,0.0,40.50691459959059,39.95429896813122,37.58951115156869
85.29,0.0,44.17524242815117,42.18040152967368,38.203128045439776
85.3,0.0,40.567921983344995,36.67635688342492,37.73308678408364
85.31,0.0,42.96427473265353,38.9099624618598,36.56958342282852
85.32,0.0,43.79252496158919,38.84243064731922,33.54772760419574
85.33,0.0,45.24300733313255,37.733380849656854,39.15524750159657
85.34,0.0,44.105447535798234,41.02335525826998,38.4392088237073
85.35,0.0,44.98141481008456,39.54867196898533,38.63821315415293
85.36,0.0,46.242327092720195,38.7048128524835,38.90939942223474
85.37,0.0,40.46799817467728,43.38549306464727,36.7263966233845
85.38,0.0,40.269862191285526,41.15257270279904,41.10720446764388
85.39,0.0,40.51972321792999,39.846881067920215,39.97531848142026
85.4,0.0,40.14531465026545,42.25809574215288,32.86232203342193
85.41,0.0,43.67707098190094,37.01165114188406,40.02800885681591
85.42,0.0,42.750128273812734,42.193367516810135,38.460171414076676
85.43,0.0,44.23676865334258,37.651079904294996,35.284179497458304
85.44,0.0,41.237683404035245,40.655473797833054,40.00279935343904
85.45,0.0,42.31170747193038,36.673736923328,39.614794087960185
85.46,0.0,42.01906793029293,38.43088686292301,38.497617838995346
85.47,0.0,43.642413226771524,37.94746260258487,37.625174465396846
85.48,0.0,40.28470116806791,39.17796456253457,36.705814461572835
85.49,0.0,41.393473478520114,39.095882798205935,40.08286110015811
85.5,0.0,41.06828447740784,39.71491751364874,37.529992788037674
85.51,0.0,38.44516509518836,40.29890313423147,39.026982126393406
85.52,0.0,40.89203371264122,39.421734524685476,39.345872499079036
85.53,0.0,40.30328120149386,41.37038609216043,36.13521829489955
85.54,0.0,40.17268146329891,37.763125124402265,38.857688034886664
85.55,0.0,40.25362471701262,41.17845435993684,36.05710855316261
85.56,0.0,44.353370493336506,39.61311868355582,35.99365320931508
85.57,0.0,42.07323283318349,38.76837738562429,39.25165622609683
85.58,0.0,41.34598948602678,40.443207116676454,36.870962073349666
85.59,0.0,41.91269664113573,37.60771234555775,34.69149988834263
85.6,0.0,43.045881457648065,34.317147087248735,38.525457196296365
85.61,0.0,40.96167924714612,41.906948203987845,41.33284545325568
85.62,0.0,41.2538398405125,36.768125029031474,37.44388898201692
85.63,0.0,39.08160240478412,38.70958380738825,35.45174916791306
85.64,0.0,44.07026545041816,38.72100367094902,35.36733937907279
85.65,0.0,39.98813570406046,40.031385632387426,37.876793365868814
85.66,0.0,41.40508336252085,40.57156094467987,38.47490337438279
85.67,0.0,38.04193165791587,38.312300549940446,42.290861410751894
85.68,0.0,38.54246332947287,38.694659468350096,32.868622045707575
85.69,0.0,41.47987447014783,37.292294577977664,38.668937487861626
85.7,0.0,40.75411061173218,37.41350449509534,45.23991992335158
85.71,0.0,39.550480678137994,42.723873767030426,37.204547814240634
85.72,0.0,38.846214436657014,37.01570190105392,35.82726905937399
85.73,0.0,37.25029712466941,35.48496002936488,35.342618627269495
85.74,0.0,40.435393844867235,36.502236281408805,37.726982319782664
85.75,0.0,38.0739561716986,37.53654671141612,34.50757126693482
85.76,0.0,39.512772623982386,34.49520465965476,38.783711341228724
85.77,0.0,38.709538299518485,38.78887751027209,39.14686970740593
85.78,0.0,39.86714115153813,42.54828455026029,36.31373770328301
85.79,0.0,35.480606943956936,43.76305623752974,36.89068940803421
85.8,0.0,37.27338311212995,35.217479428794526,38.48188575345621
85.81,0.0,39.34481314859884,40.69726421021531,38.650901381006435
85.82,0.0,43.56300262805568,40.78510594472171,41.518277775670555
85.83,0.0,37.02820845894582,35.79037252867375,34.25914207052984
85.84,0.0,40.27093432334138,36.773321882024895,36.828400675808275
85.85,0.0,40.552819355716544,38.73036209418695,38.09580239667544
85.86,0.0,37.20880446016975,39.22030655166846,36.896414382919055
85.87,0.0,37.20778986498159,36.4106291628703,36.961910081254885
85.88,0.0,41.207945955676244,38.36300039368142,39.75788640431867
85.89,0.0,41.136227111645645,43.37370511582846,37.070610389597135
85.9,0.0,40.74047202480394,41.20873798865322,35.32357805019594
85.91,0.0,37.381987401885254,39.642191478703054,38.2593231779519
85.92,0.0,42.89381066024839,39.848755224525405,36.972884311837994
85.93,0.0,39.409686969942705,39.070068227491774,37.157006538506785
85.94,0.0,35.46659081534162,37.33105232158294,38.7837268117908
85.95,0.0,38.73076029381227,40.25853898358714,36.328389201298606
85.96,0.0,39.32297097298961,39.90973388417898,36.81869133890322
85.97,0.0,40.039072708686604,36.26598432169963,40.77496181779289
85.98,0.0,42.37809823662246,37.73716393245467,36.37282898199467
85.99,0.0,38.96710777363782,35.79216965432572,38.05068164425185
86.0,0.0,43.276519924123406,37.652858098938836,36.147260897242624
86.01,0.0,39.68130633110363,33.944519903718145,38.14160193295726
86.02,0.0,40.03084643802869,38.641483766387864,38.59719412830041
86.03,0.0,38.86445195829328,36.707154630927754,35.3115743673765
86.04,0.0,40.75729756941806,36.99681850315319,36.04274284636949
86.05,0.0,39.52481386809487,40.42826575144145,41.09818269351969
86.06,0.0,37.188834076208714,37.331852867264615,40.00067306814617
86.07,0.0,41.44952622176909,38.6190115144692,34.13454470442935
86.08,0.0,37.51479742619064,34.676519573718934,38.08924265547925
86.09,0.0,34.74440823213971,41.379852802578725,38.18809181026265
86.1,0.0,38.70126192897591,38.22680959999368,35.235470341150275
86.11,0.0,39.639356409762215,35.53651589276004,35.97104268486585
86.12,0.0,38.18568054488124,37.469819807843486,38.26238775785205
86.13,0.0,38.941347655900394,39.233227573500436,35.61934156333889
86.14,0.0,39.63999811671829,37.86745659354761,36.837855665374846
86.15,0.0,43.99156281923986,38.85536650632375,38.59838610929333
86.16,0.0,43.225950375412026,37.913147869580946,37.23647207028127
86.17,0.0,39.61180291425715,37.17499997200969,36.588580009301204
86.18,0.0,40.904970388135446,40.58160882702749,36.116908860759956
86.19,0.0,37.373291880246335,38.29303491478,35.45418091245954
86.2,0.0,42.63611468804328,38.08920842327445,37.37124577387574
86.21,0.0,42.72334671853492,37.83990721337983,41.80325887357694
86.22,0.0,36.70831017477317,39.994188506738105,37.04629088183003
86.23,0.0,37.69752998776243,38.925435549417436,39.86790436075833
86.24,0.0,40.48202928278012,37.53880541956587,39.63012922610152
86.25,0.0,37.33468819527543,38.62377423109404,37.38611038321622
86.26,0.0,42.57860828880286,37.52364634182417,37.328792714562844
86.27,0.0,37.933430336524005,34.11516646712368,37.675362692868
86.28,0.0,39.393299085463596,36.96230468957056,39.4969252473478
86.29,0.0,40.86558230382618,37.039772241247654,36.41146743907939
86.3,0.0,40.849773350448345,37.687191313506766,40.328362507573075
86.31,0.0,42.2557462133409,39.5142562059691,34.01665595314777
86.32,0.0,42.96795656003667,38.212118998307254,40.68400631210825
86.33,0.0,39.384930196177734,37.53291258346476,36.62038330617309
86.34,0.0,41.943126275764975,39.20313145566566,35.129901328506094
86.35,0.0,40.56113899968474,36.633928364755604,35.27654802740068
86.36,0.0,39.72711959329037,37.04862566537359,36.81361510286243
86.37,0.0,42.35807522870217,36.41239533910537,40.838644285400115
86.38,0.0,35.412699976001136,38.34864276925327,39.038629539119675
86.39,0.0,40.22191216924478,41.60011946713262,38.35714564304327
86.4,0.0,41.07338577448539,41.571558930932135,36.97394235482071
86.41,0.0,40.221214136383516,41.52547141824816,38.11793451337625
86.42,0.0,45.002389091996655,42.27450272135352,34.23618116984676
86.43,0.0,40.386026772621484,40.264973859203124,39.24514674589318
86.44,0.0,41.45953434606589,38.74661157443101,39.12013842277714
86.45,0.0,43.35934289367948,41.29452696881609,36.670058655878
86.46,0.0,42.226914331599716,39.3558203403997,36.11697880579054
86.47,0.0,40.097677759187135,36.60147805557207,35.443228807275716
86.48,0.0,40.21970476192789,37.00377063404867,33.92612538055381
86.49,0.0,39.20141020832971,35.70636410478794,39.07165530213012
86.5,0.0,43.746175762550756,39.57381163994919,38.813649718167454
86.51,0.0,41.936477242907905,40.89901922746927,35.106246341526216
86.52,0.0,41.13011747433596,41.84321355374203,35.43838690632058
86.53,0.0,44.63889099279369,39.83046739729972,39.73113069963221
86.54,0.0,41.72804185541629,41.80183375227152,39.67562648013916
86.55,0.0,40.45808093840974,39.36197101375295,38.84629109954169
86.56,0.0,42.27943398333969,40.278577363055454,35.190715006872196
86.57,0.0,40.93790187939636,37.180291684361016,37.07269377811294
86.58,0.0,43.484085746970386,34.45037299913189,38.09361303403981
86.59,0.0,41.21624877714486,38.786558619114494,37.488707158201365
86.6,0.0,45.7988376117187,41.423477530502545,37.82294583171887
86.61,0.0,40.841211589285074,41.087539160721825,37.38439649022615
86.62,0.0,43.19280494708323,37.62957162868005,36.78526719074214
86.63,0.0,42.98206523563432,36.33807102861512,38.001365812581376
86.64,0.0,44.092996888501396,40.15775489431651,36.75759005196149
86.65,0.0,46.62679732583243,36.224784537801355,32.24209348738629
86.66,0.0,47.701073243956266,40.088117480758896,35.873268972619215
86.67,0.0,38.31394513247408,37.93576341575152,39.26010428185847
86.68,0.0,41.237297196809415,34.98556245378293,38.253698454274776
86.69,0.0,46.41199247727817,38.14766096867708,38.630135311405844
86.7,0.0,43.259229201855206,38.30855778659836,41.15820058449975
86.71,0.0,43.82522591500647,34.80927382331544,34.89077208849309
86.72,0.0,38.959661777587506,41.211009740048155,40.47947856085196
86.73,0.0,40.710956405685934,39.971518062168734,35.67478915391684
86.74,0.0,41.23613016521037,38.29040405120671,38.5150774552338
86.75,0.0,43.51293942516804,40.92958135540727,38.12392317477068
86.76,0.0,39.375983959159086,40.42171751046454,35.318430470865565
86.77,0.0,42.77057109941801,41.27282674409455,32.73606731752561
86.78,0.0,43.42383034159213,36.643498897264735,35.47330389509644
86.79,0.0,39.142204367730194,39.99005336783908,36.425108500762896
86.8,0.0,45.55718394847795,37.29252370493342,37.009646345810616
86.81,0.0,43.353744037721135,38.29780342588226,38.19967181132053
86.82,0.0,43.60781254099061,37.62604532947536,39.085666648162785
86.83,0.0,45.954111321446916,39.735683741990364,34.37432247598661
86.84,0.0,41.46105148558364,37.81980318916779,34.04909649556744
86.85,0.0,43.64319675466399,37.271519892157635,33.44626526100922
86.86,0.0,42.031072190442266,36.315207194871775,35.58347656725192
86.87,0.0,42.94556010164112,38.921731010512865,35.07890206553469
86.88,0.0,43.22217398642208,38.749241317456544,33.93212203910158
86.89,0.0,40.5652957707288,43.16610010675361,35.013640048994354
86.9,0.0,43.01532140341674,38.06064574646147,35.761556774911014
86.91,0.0,42.20038856615245,38.65091929764804,37.212587923198136
86.92,0.0,42.97712880780928,36.32730845071697,36.57052541860514
86.93,0.0,43.43770909603985,43.56248225816199,36.86317817936182
86.94,0.0,45.96844185785307,38.27342787312037,35.568605089799775
86.95,0.0,45.938999910070244,38.72270730991687,35.22853318776463
86.96,0.0,43.330138515991116,38.72753107078486,31.21102771570762
86.97,0.0,43.75910539712795,41.10613551344705,37.706788088386745
86.98,0.0,45.38929532021978,39.540931669873814,35.85057424551043
86.99,0.0,43.68013067955237,36.45658096963775,36.167493588957974
87.0,0.0,44.092610002680246,37.556168697165475,36.8497798142451
87.01,0.0,44.032261458428515,38.76866664666844,33.21254752711396
87.02,0.0,40.46988453522907,40.91104153212556,38.05471281146384
87.03,0.0,41.68283339895355,40.414283907730294,35.55138644989955
87.04,0.0,42.27277559198693,41.00800109355488,35.52692845518951
87.05,0.0,43.89091205244879,37.4779568437442,38.59601381073967
87.06,0.0,45.502550532387495,34.73670140727692,34.550680810095244
87.07,0.0,44.93989257889191,38.3524752143723,34.04796444250548
87.08,0.0,41.599320360775614,35.673500900821146,36.88297247570559
87.09,0.0,40.85016215451742,39.164343437912976,35.44775866929684
87.1,0.0,45.42483292999488,36.88706722902049,32.78062687086489
87.11,0.0,41.41578410538423,39.672181124442936,33.040792552946726
87.12,0.0,44.33156914447827,36.976029580239334,33.483681451034556
87.13,0.0,40.72696586732327,36.46652867502248,35.0569021481662
87.14,0.0,43.785180048199344,33.61392745667065,33.35487085177937
87.15,0.0,45.50638465456466,38.51072557491996,34.531409622245505
87.16,0.0,45.34370495120457,38.216603356379636,34.103853100842166
87.17,0.0,44.98455223629621,38.90759719604185,35.877176090620104
87.18,0.0,43.168618259003324,35.6974183716693,36.34160830097919
87.19,0.0,45.56297396854701,37.38017091307182,37.80889309552702
87.2,0.0,44.85607556919877,36.16598048992683,36.63558624023444
87.21,0.0,44.343992906780436,34.65680466330645,33.258107491174385
87.22,0.0,44.14324847775971,35.570877020636026,32.912816368339925
87.23,0.0,46.14917345318436,38.10479443189521,31.51554544015435
87.24,0.0,41.223213500805215,41.20017942792143,30.581989788492727
87.25,0.0,41.155687484244616,34.997305521755656,31.61745016526511
87.26,0.0,45.158461204441906,38.23019963336238,33.014902716167455
87.27,0.0,40.294406601288244,39.06605473407048,34.044559408637895
87.28,0.0,42.96326810920142,37.93944319472811,32.32284915225317
87.29,0.0,45.90675932378999,36.41820451776112,31.581790848042186
87.3,0.0,43.56905818878997,38.532153330013884,32.209384275186224
87.31,0.0,43.567620230093766,35.893628079159015,33.362909651131396
87.32,0.0,48.83200674823207,34.14787441053776,31.42177346430732
87.33,0.0,43.21361655007997,35.55122788386995,32.400370673984874
87.34,0.0,43.28590207608128,39.627051826908435,33.743143112202866
87.35,0.0,46.403226361351955,39.13334641058051,32.387488799984794
87.36,0.0,46.268455406029005,38.4965736126458,33.90900964535772
87.37,0.0,45.0988578724637,39.12636646407519,33.60363434766686
87.38,0.0,41.29532296710979,38.33240426354994,35.263065995483636
87.39,0.0,44.27590404116763,39.472897534274615,33.782553849674166
87.4,0.0,42.45392983584559,37.258591873098716,32.06321218690997
87.41,0.0,41.64404319199951,36.79260240632186,31.315673610569863
87.42,0.0,42.93632017793623,39.17523095254471,27.33369357061895
87.43,0.0,44.91210590492297,39.087487841275276,30.75919002214358
87.44,0.0,40.33376734112658,37.57584091100368,30.790804792907096
87.45,0.0,42.21953300419006,36.606111099307974,30.941154875703468
87.46,0.0,41.230554882239865,35.420793596199154,30.935583142516062
87.47,0.0,44.047301935838156,37.810325877264745,29.589976286842568
87.48,0.0,39.23587136894673,37.22315128312988,29.208518740197135
87.49,0.0,42.557370538931096,37.3913662440062,31.586742006446478
87.5,0.0,43.600228956428154,36.33925231952546,32.15762630372585
87.51,0.0,45.40727876035731,36.15186098274681,35.82844118381271
87.52,0.0,39.359545545291766,37.76345193333273,31.114297093773388
87.53,0.0,42.64309195726258,38.09080174899374,31.43163341180055
87.54,0.0,36.51398659379019,38.13761378288816,30.229501469891854
87.55,0.0,40.42947324607435,38.54999472638715,27.97242161948012
87.56,0.0,44.11383835830391,37.813761662439646,31.87538087819866
87.57,0.0,43.573195691463084,35.68320571662071,29.24694224601721
87.58,0.0,39.531799969456145,35.710114158255,30.36670282740126
87.59,0.0,43.49873137056493,35.016157391066706,26.48790544208067
87.6,0.0,43.541674801317725,38.61024854133142,27.685924422639918
87.61,0.0,44.71852488283864,35.96423010347029,28.008258735327203
87.62,0.0,42.80987287860942,31.297378053015787,31.101341681380845
87.63,0.0,42.033690710049,39.28238006536119,26.715671838858285
87.64,0.0,40.40522972137862,37.32157813489693,26.03623158138967
87.65,0.0,42.45781094553015,38.08990967822833,26.137401488619695
87.66,0.0,41.09192551277576,34.513007726816475,25.65883751084836
87.67,0.0,37.39080789681134,34.40661261195479,25.811863271330786
87.68,0.0,40.69079068678056,31.35525964107743,27.029593841110124
87.69,0.0,38.00624108046806,35.31588684490689,27.43596876616524
87.7,0.0,42.15473713462775,33.81262684878877,25.438171179213704
87.71,0.0,39.69411598425461,36.703672258127135,22.88017057140283
87.72,0.0,39.159746508329114,39.89193593750745,24.53104518892963
87.73,0.0,38.48980309175275,35.04595049433549,29.238883568611424
87.74,0.0,41.78854753697037,32.268034342483936,26.935292803426805
87.75,0.0,37.32384196815789,32.39654747687505,27.260759441217736
87.76,0.0,41.72872699182022,37.18472653746261,24.439227125709607
87.77,0.0,38.90221422396102,32.77599646429695,27.182389510579984
87.78,0.0,37.20856592128661,34.69702860065466,25.6303370136559
87.79,0.0,39.343952220283995,34.912211057157165,24.539118917987242
87.8,0.0,37.97864808521134,33.19876985616538,27.213642726247237
87.81,0.0,39.670081127012516,32.671625422056614,28.384998725800354
87.82,0.0,39.70542593347983,32.094322140449435,28.142914473214894
87.83,0.0,38.04646635363776,31.766457938264896,27.38855533273468
87.84,0.0,42.355650582172,29.815782608637456,25.394255058002454
87.85,0.0,40.09045520511178,37.2802190259013,22.622858584565602
87.86,0.0,36.32199522907252,32.58677529003143,27.91557330050343
87.87,0.0,40.45718726012086,32.29829049480291,23.41255681442711
87.88,0.0,39.41996802233794,35.564839666619434,26.485641107966483
87.89,0.0,38.874267174274465,32.21683289133344,23.77023767929616
87.9,0.0,36.1742677443047,31.9563288886109,24.25049305982345
87.91,0.0,41.41186650255977,33.224962983881355,25.51327543952579
87.92,0.0,37.357095615475764,34.210386863601286,27.113392810619015
87.93,0.0,31.09083527995577,31.328562147515058,27.231506064506885
87.94,0.0,39.5855676186647,31.092363149235798,22.968204451257474
87.95,0.0,36.92509199415171,33.1308861729513,24.890484260922744
87.96,0.0,38.679480894251,37.186989601741196,24.82931045734108
87.97,0.0,36.87919706406327,31.87010869957553,25.730659377354062
87.98,0.0,38.587214819350095,27.89778984579625,25.89071578368059
87.99,0.0,37.57883614668078,32.7510829343955,23.733539219271556
88.0,0.0,36.17722220771891,30.85268158082393,20.528127145577173
88.01,0.0,37.672392623198455,32.62394672895185,23.76049473929008
88.02,0.0,33.59878326564041,31.44917157614227,20.76534093470992
88.03,0.0,35.892986179895196,31.554657436363332,23.08305201161576
88.04,0.0,34.67639839343254,30.078415497179613,24.418125784952117
88.05,0.0,34.65925355520223,27.720987605239344,22.637100254204654
88.06,0.0,37.66635568288016,30.442692091596953,24.786164961996732
88.07,0.0,40.105077574788034,28.28984949216131,25.9074977062788
88.08,0.0,35.243630413116264,30.242790125934473,22.783966384312315
88.09,0.0,34.851513380964164,30.38754508115895,23.840796518004854
88.1,0.0,33.685190539400125,30.584497296524567,16.96613535771567
88.11,0.0,36.40998988512318,31.296680776841345,22.978254071778174
88.12,0.0,34.62543984799968,30.46763154166949,20.967213981347186
88.13,0.0,37.747513650859574,26.257883802378338,23.405628122332658
88.14,0.0,36.50960941118183,32.00474915985425,20.749885757506153
88.15,0.0,35.25701211156651,30.088425245678987,22.823717571840866
88.16,0.0,35.88470671903451,26.700366936383624,20.0329327745973
88.17,0.0,32.36226802393142,30.559391905726866,21.750899616343744
88.18,0.0,34.18676196667439,27.29040863887207,23.642358389519764
88.19,0.0,35.00623349477761,31.91376395191196,24.552852158291845
88.2,0.0,34.460925824897004,32.87079592967748,21.551104150645255
88.21,0.0,31.898501033046127,27.809263080101296,20.62272697082746
88.22,0.0,37.59642659952027,32.568336965747974,21.146943099579453
88.23,0.0,34.94394337570524,27.71690935742905,18.24082165833755
88.24,0.0,34.83107157178427,29.629067960492776,21.596131768140964
88.25,0.0,33.68183289335312,27.855147190746905,21.79651525671976
88.26,0.0,33.527831954160646,25.807314901628814,16.233329763580926
88.27,0.0,34.7063273451093,27.527949737758604,18.007827656552518
88.28,0.0,30.088477481937325,27.8600839786426,23.23437288902645
88.29,0.0,35.343005534113,28.36558900834558,21.727964141845543
88.3,0.0,33.05923498154866,26.25563674977265,18.464228946363278
88.31,0.0,30.858321639800415,27.12210757681493,21.699969607734893
88.32,0.0,34.88867688117556,27.160755221803285,20.65576080398667
88.33,0.0,31.633847472547114,26.178593795753656,20.669536649319937
88.34,0.0,37.95178046722623,28.055421825576214,21.97289612500053
88.35,0.0,31.003798961682246,28.522691218298956,21.15175099143467
88.36,0.0,33.51350800451635,25.548214210613057,22.169071532282352
88.37,0.0,35.00744969079179,28.589785339041136,15.865167648199842
88.38,0.0,36.31835629818392,28.902238771564207,20.860364725801865
88.39,0.0,33.475019795420394,31.576386039879463,16.855493951343885
88.4,0.0,35.447318844282,28.22073074337283,19.43974753492234
88.41,0.0,35.78923985861836,30.410653682383337,20.38626227147195
88.42,0.0,35.183266065345016,29.451774901217863,19.760264691186006
88.43,0.0,33.206729538046496,26.14447950055311,17.855567175107893
88.44,0.0,32.42602451296788,27.62287259782995,21.0429994476108
88.45,0.0,33.969607165072155,29.93334912789865,19.983563280684024
88.46,0.0,30.940267355297618,27.121408608701252,19.428631674196502
88.47,0.0,33.78850007052306,30.64470628246189,20.086568937092963
88.48,0.0,33.52660606067623,25.073219774535147,20.232300546976607
88.49,0.0,33.312460087471564,30.445622663697524,20.227670910807717
88.5,0.0,34.629356466891835,27.62309291070638,21.99203842618024
88.51,0.0,36.079968391389045,30.56835144821217,21.111930407065557
88.52,0.0,31.39130194359446,30.323294639221597,20.56340914909266
88.53,0.0,30.537552771324904,27.654812010209938,21.324555666847587
88.54,0.0,32.66763709224633,28.682329265692292,22.316995954275907
88.55,0.0,33.61028745598774,27.75440583088027,18.841825898438934
88.56,0.0,35.274681487095926,28.773115752506325,21.912192843611667
88.57,0.0,37.853968314392,27.96349805310742,21.07048232229026
88.58,0.0,31.563959144076886,29.13897291123256,15.845581344049288
88.59,0.0,31.84402611627435,24.233306091871743,22.09784149864794
88.6,0.0,30.65174163438577,28.480729920619645,18.825279721618298
88.61,0.0,34.21227377139915,27.232842392935826,16.334364200521602
88.62,0.0,29.25778211893929,25.698593662912916,16.066715161779403
88.63,0.0,31.04604837480863,27.24580441047316,21.324702582883923
88.64,0.0,30.530495591436406,33.18482204061885,17.344082435843713
88.65,0.0,31.530584047366197,28.852813848792586,21.881825861589476
88.66,0.0,34.252318743883336,27.02213963305334,21.203246375982662
88.67,0.0,32.8045664683009,29.37159498413735,20.03397828254645
88.68,0.0,29.973038283553365,26.203519341462727,20.92512282983396
88.69,0.0,34.096089949046515,29.789669723521605,20.660340221627777
88.7,0.0,34.72951253779281,26.404300589000247,22.463388559718425
88.71,0.0,36.48742362526512,25.24876016054774,16.61706392040672
88.72,0.0,34.65646732478037,28.602902471814875,19.40435736576856
88.73,0.0,34.172760249396376,30.647937277842498,17.508722097823842
88.74,0.0,35.538407833997816,29.685081035940094,19.022256500576486
88.75,0.0,31.596408199336203,26.231339358478216,21.73452434875889
88.76,0.0,34.480311744972504,29.334210875769006,21.44254886782683
88.77,0.0,34.70393136866459,28.171438011837342,21.04500812374157
88.78,0.0,34.59990316440269,26.95160632882317,22.618287787536048
88.79,0.0,34.50207815083042,26.3574377370224,19.440535936647734
88.8,0.0,30.229255971991375,27.523601900140655,21.29874318058916
88.81,0.0,33.47816446732452,29.336309039752614,17.54628468708896
88.82,0.0,32.573394764430255,30.76922866695599,20.492529290660652
88.83,0.0,34.357585648467136,27.016414657136153,26.039549149257404
88.84,0.0,33.2938802590723,31.585551672451444,19.757890989373728
88.85,0.0,33.81496437450555,24.830983967085686,19.65769343736604
88.86,0.0,32.77666869584495,28.754980897109085,20.748805669373148
88.87,0.0,34.98366046502122,29.437678281936726,18.99504314659159
88.88,0.0,33.12293739397081,28.375437732369615,17.893819901359393
88.89,0.0,31.68933199252734,26.709724492377877,18.697830611910703
88.9,0.0,32.313258557859456,25.99502079091442,23.176820383148993
88.91,0.0,36.44064341697874,28.87001455960165,19.93343827048489
88.92,0.0,33.72128653275512,25.146531683912396,18.809449172530496
88.93,0.0,33.906629215841505,24.483604421373048,16.799306315810604
88.94,0.0,34.51545363654288,27.9980318875317,23.71340375281203
88.95,0.0,35.290902434145096,29.484441748944427,21.9373653910849
88.96,0.0,33.13015873012773,30.430058530597115,19.047094067020907
88.97,0.0,35.033721882063894,24.968858346380138,20.056637999893823
88.98,0.0,34.098811538526064,28.37823858664848,21.742702867990566
88.99,0.0,31.633956875096807,30.5332621806386,20.358210211146567
89.0,0.0,33.32539136214271,26.66742761027966,21.75572465833596
89.01,0.0,31.162041901183404,31.745866444915897,18.67868694477043
89.02,0.0,31.901435019114068,27.70158075365413,24.0260110444709
89.03,0.0,33.84047875960517,30.126079779054056,20.28468568258339
89.04,0.0,33.99136211363555,26.631380902876362,16.425265508570288
89.05,0.0,34.97926370176763,28.35087222802951,21.155323010193523
89.06,0.0,33.10767399956631,29.483969314033583,20.466145166344173
89.07,0.0,31.922969180770828,25.924562258301087,21.293206313777695
89.08,0.0,33.04763209194568,28.703361344709382,19.061324983111188
89.09,0.0,32.16228585970226,26.63449158478768,22.665094324615637
89.1,0.0,35.24172574990624,28.427490960919673,22.63729856570925
89.11,0.0,26.417419865791178,28.61350323760869,21.54312212761918
89.12,0.0,31.788014217654226,32.13140168916056,21.269005719732263
89.13,0.0,37.811373943710784,26.05987645395843,24.3293134002449
89.14,0.0,32.69006029444769,28.568079892000274,20.58785422107348
89.15,0.0,32.57348689402005,26.93017421562934,25.77795546092456
89.16,0.0,32.14948898887618,28.05248520703208,22.88544391263603
89.17,0.0,33.49231249034967,28.543488650844967,23.685310011525647
89.18,0.0,34.11179628000743,26.86224459255986,17.874633335823816
89.19,0.0,31.352615825695985,31.457958269974334,23.13580732763012
89.2,0.0,32.30981336324351,32.33822316772068,23.217427980459302
89.21,0.0,32.46087601345785,25.49104858492892,22.45347975819973
89.22,0.0,30.684731718436783,29.059998569689245,20.824370050951554
89.23,0.0,33.9652563382132,27.906875420941972,18.7700384180486
89.24,0.0,39.499223479830924,32.325893425142034,19.723805234495217
89.25,0.0,34.510717670280606,29.57250375362107,20.309090328491003
89.26,0.0,32.643784793455595,29.45645040118091,21.963278968133743
89.27,0.0,34.17263072867409,26.006022552105435,21.513803707478278
89.28,0.0,36.200086607482234,28.57257071920736,19.56452437845883
89.29,0.0,34.51340852096941,31.16237880686791,24.59594463121962
89.3,0.0,31.08550206645696,28.989403749714118,23.725897346252232
89.31,0.0,29.64421999201004,25.64682677714237,21.13885961684487
89.32,0.0,34.03257367093586,30.866905355338176,22.42927587295553
89.33,0.0,36.01906435448498,31.793080642701995,22.251766215522583
89.34,0.0,29.48775239756329,26.23286093715841,16.668344780536593
89.35,0.0,35.857135466806916,28.27061117125104,21.693284854308892
89.36,0.0,35.002084688259814,27.64987855476367,22.65339970467781
89.37,0.0,35.044586060635964,28.797576436886324,21.896173858379615
89.38,0.0,33.63080158154427,27.87448584631188,20.76550829355144
89.39,0.0,36.29644693216602,29.306853911432345,23.6066773811089
89.4,0.0,35.993475127858346,28.08788528231976,18.787052556790456
89.41,0.0,31.222470086130226,26.73201516281614,21.399044865046953
89.42,0.0,34.697605919674984,27.204760390437173,20.879016079180538
89.43,0.0,33.33275991148864,27.738947175301437,23.682112789692987
89.44,0.0,33.38162122664396,25.596339963029383,17.362700312939964
89.45,0.0,36.10522879220029,27.323062409276172,23.220240341901214
89.46,0.0,33.25669673989236,26.153143120443428,20.64822031691728
89.47,0.0,30.381133305270474,30.82587831592292,20.232643280755408
89.48,0.0,35.71779977689419,28.75974225177612,19.730269247687982
89.49,0.0,34.374453420200275,26.935573607551277,23.339010024597165
89.5,0.0,31.16468242244634,26.539085407735435,16.351080818047166
89.51,0.0,33.01129318711135,29.288866722745713,21.406044179000414
89.52,0.0,32.074911519951925,30.41558267728336,21.36926394542104
89.53,0.0,34.014105915676474,29.185262177144374,23.85925307806354
89.54,0.0,31.091307402514605,31.70863398594287,21.054060493580213
89.55,0.0,33.13011729258743,30.960342115381827,22.472149322137813
89.56,0.0,33.00670479826045,26.701280741395646,24.2152453137003
89.57,0.0,32.220115869817626,30.215599208261786,26.31060661387201
89.58,0.0,34.406640337183205,27.511077607199784,22.235712664925785
89.59,0.0,30.052891442730505,28.743879124096125,18.163955645158303
89.6,0.0,31.826981250552667,25.644434486393394,22.001373475485117
89.61,0.0,32.09653149820734,29.7885841723137,20.18386507750495
89.62,0.0,30.17994220220487,28.18853049888476,22.68853234196217
89.63,0.0,34.4158954680226,26.538434389822978,21.41655631198414
89.64,0.0,28.16578515564307,29.516895228328504,19.887092827064713
89.65,0.0,34.73609507425927,29.586552665390784,19.95771006667858
89.66,0.0,35.074431817568076,27.687924604583007,23.785133575754248
89.67,0.0,32.979230066240504,30.88993180535575,21.643674058210387
89.68,0.0,28.69240428982694,31.095626067314967,21.351768980105245
89.69,0.0,32.03255319775641,25.320323599255875,19.940507018185283
89.7,0.0,33.276969695518446,26.873924736386183,23.083811056958687
89.71,0.0,26.170359249816936,29.428761643629542,17.159910625578394
89.72,0.0,31.775838459161417,30.264366779010736,18.099322697941822
89.73,0.0,33.35935283086276,25.393361955127762,21.0487910712531
89.74,0.0,31.62634954227096,30.44427101927487,19.531276474240023
89.75,0.0,33.090212904081554,24.985678182361955,18.07370042070386
89.76,0.0,34.95091345659435,26.96799911818708,22.180780443504144
89.77,0.0,32.41736588495559,25.948495087736344,20.13415608016831
89.78,0.0,30.242927908359043,31.648888865875737,22.23344889776548
89.79,0.0,29.975327044258947,28.414895024233513,21.442805460897052
89.8,0.0,33.91814537863708,27.84788161010132,21.969298433353043
89.81,0.0,35.2213741867319,26.930089183189363,19.69329729653409
89.82,0.0,30.934847312322518,31.386506684023814,16.72331429517555
89.83,0.0,33.175566115957295,28.296135949023647,20.8771677894335
89.84,0.0,31.338779145248537,26.73799983796493,17.663728833539214
89.85,0.0,28.607924120598614,28.536416751691462,20.156379816614507
89.86,0.0,31.592588774743113,26.045809569609027,20.25792026318953
89.87,0.0,32.35407993268724,25.786114730456703,16.82911591705012
89.88,0.0,30.16792704615188,25.915532729058707,18.62410550039207
89.89,0.0,28.42274823895168,26.913370678163627,18.70309942541413
89.9,0.0,27.600124047340216,26.816286216055538,19.70433745717201
89.91,0.0,31.61602022644071,29.2936830687975,18.77692449827038
89.92,0.0,29.98368488857412,24.30326442172708,20.758055995577497
89.93,0.0,32.942547654841015,30.592957355384424,19.694385060199146
89.94,0.0,31.642445238989797,26.156525277632007,17.92845033704422
89.95,0.0,33.57977099861023,26.126253544036388,21.82909478662829
89.96,0.0,29.737464980618405,28.769246427643314,21.40962798959079
89.97,0.0,30.52781571687054,25.10949452215565,23.958712887652737
89.98,0.0,33.245987915126214,23.245569870769764,18.745547170957224
89.99,0.0,33.14657009608746,25.723002936866585,18.939269826072877
90.0,0.0,32.033562490785,28.7438895519744,22.066789044764317
90.01,0.0,34.73319462229688,26.667291934973353,19.080134206776115
90.02,0.0,27.329402580100265,22.934445876799558,20.129868338316978
90.03,0.0,34.641362936566125,26.197455151873655,18.867594180194544
90.04,0.0,35.31913477993564,28.694815749103878,21.987298409592817
90.05,0.0,32.769101388430705,28.525707340172822,18.311248231835695
90.06,0.0,28.60501879996031,26.723207224724124,22.332708694294347
90.07,0.0,31.010502900464395,25.384406330851224,20.240906099025143
90.08,0.0,28.98772225881702,27.61581364356627,20.798965305280102
90.09,0.0,32.52357869738462,26.481054126349356,21.340934555446516
90.1,0.0,28.774147245764414,26.049616035330708,20.271881777985325
90.11,0.0,31.091184950610135,26.509088078196275,18.43284875099152
90.12,0.0,30.704631698146244,24.038124607930264,20.911417020857282
90.13,0.0,28.53224054564899,24.402428087071474,18.717748243815002
90.14,0.0,31.404967145993346,27.55136692841267,18.51065156166262
90.15,0.0,30.35509779813268,29.884544058875974,21.069344075584308
90.16,0.0,33.04561999682249,27.817801966968503,19.850383190128962
90.17,0.0,30.271932792447462,28.719164328246794,18.073569369534336
90.18,0.0,30.526255539650776,25.987994259454084,15.232568473730055
90.19,0.0,31.771170488534747,22.63713006513764,18.98597268269622
90.2,0.0,28.97211703833019,26.94391030197032,16.72871035278671
90.21,0.0,31.65094961326034,25.073586043382903,15.554209213089496
90.22,0.0,28.131151175412512,30.54598449340649,14.66637336249298
90.23,0.0,28.057456517360702,25.550090218492127,22.795518628890306
